model_id,Cluster,Attractor
bn_0,10,31
bn_1,56,4
bn_10,23,4
bn_100,7,59
bn_1000,4,64
bn_1001,41,54
bn_1002,29,35
bn_1003,17,34
bn_1004,4,9
bn_1005,45,52
bn_1006,4,64
bn_1007,62,45
bn_1008,29,35
bn_1009,17,22
bn_101,7,59
bn_1010,4,9
bn_1011,63,71
bn_1012,59,14
bn_1013,38,40
bn_1014,12,11
bn_1015,70,7
bn_1016,69,6
bn_1017,32,60
bn_1018,59,14
bn_1019,54,28
bn_102,3,4
bn_1020,12,11
bn_1021,22,2
bn_1022,69,6
bn_1023,49,17
bn_1024,31,50
bn_1025,7,59
bn_1026,19,29
bn_1027,31,50
bn_1028,7,59
bn_1029,19,29
bn_103,3,4
bn_1030,46,21
bn_1031,3,4
bn_1032,27,15
bn_1033,46,21
bn_1034,3,4
bn_1035,27,15
bn_1036,31,50
bn_1037,7,59
bn_1038,19,29
bn_1039,31,50
bn_104,21,13
bn_1040,7,59
bn_1041,19,29
bn_1042,46,21
bn_1043,3,4
bn_1044,27,15
bn_1045,46,21
bn_1046,3,4
bn_1047,27,15
bn_1048,13,8
bn_1049,21,13
bn_105,21,13
bn_1050,65,12
bn_1051,13,8
bn_1052,21,13
bn_1053,65,12
bn_1054,6,21
bn_1055,56,4
bn_1056,48,15
bn_1057,6,21
bn_1058,56,4
bn_1059,48,15
bn_106,56,4
bn_1060,13,8
bn_1061,21,13
bn_1062,65,12
bn_1063,13,8
bn_1064,21,13
bn_1065,65,12
bn_1066,6,21
bn_1067,56,4
bn_1068,48,15
bn_1069,6,21
bn_107,56,4
bn_1070,56,4
bn_1071,48,15
bn_1072,47,1
bn_1073,74,49
bn_1074,39,42
bn_1075,66,66
bn_1076,28,53
bn_1077,53,63
bn_1078,47,1
bn_1079,74,47
bn_108,21,13
bn_1080,39,42
bn_1081,66,72
bn_1082,28,53
bn_1083,53,58
bn_1084,5,14
bn_1085,15,40
bn_1086,52,11
bn_1087,42,7
bn_1088,71,6
bn_1089,57,60
bn_109,21,13
bn_1090,5,14
bn_1091,51,5
bn_1092,52,11
bn_1093,34,2
bn_1094,71,6
bn_1095,0,17
bn_1096,11,41
bn_1097,26,48
bn_1098,25,46
bn_1099,16,57
bn_11,23,4
bn_110,56,4
bn_1100,11,25
bn_1101,30,43
bn_1102,11,41
bn_1103,26,38
bn_1104,25,46
bn_1105,16,19
bn_1106,11,25
bn_1107,30,55
bn_1108,24,14
bn_1109,67,40
bn_111,56,4
bn_1110,33,11
bn_1111,42,7
bn_1112,44,6
bn_1113,57,60
bn_1114,24,14
bn_1115,15,5
bn_1116,33,11
bn_1117,22,2
bn_1118,44,6
bn_1119,49,17
bn_112,39,42
bn_1120,31,50
bn_1121,7,59
bn_1122,19,29
bn_1123,31,50
bn_1124,7,59
bn_1125,19,29
bn_1126,46,21
bn_1127,3,4
bn_1128,27,15
bn_1129,46,21
bn_113,66,66
bn_1130,3,4
bn_1131,27,15
bn_1132,31,50
bn_1133,7,59
bn_1134,19,29
bn_1135,31,50
bn_1136,7,59
bn_1137,19,29
bn_1138,46,21
bn_1139,3,4
bn_114,39,42
bn_1140,27,15
bn_1141,46,21
bn_1142,3,4
bn_1143,27,15
bn_1144,13,8
bn_1145,21,13
bn_1146,65,12
bn_1147,13,8
bn_1148,21,13
bn_1149,65,12
bn_115,66,72
bn_1150,6,21
bn_1151,56,4
bn_1152,48,15
bn_1153,6,21
bn_1154,56,4
bn_1155,27,15
bn_1156,13,8
bn_1157,21,13
bn_1158,65,12
bn_1159,13,8
bn_116,52,11
bn_1160,21,13
bn_1161,65,12
bn_1162,6,21
bn_1163,56,4
bn_1164,48,15
bn_1165,6,21
bn_1166,56,4
bn_1167,48,15
bn_1168,47,1
bn_1169,74,49
bn_117,42,7
bn_1170,39,42
bn_1171,66,66
bn_1172,28,53
bn_1173,53,63
bn_1174,47,1
bn_1175,8,68
bn_1176,39,42
bn_1177,66,72
bn_1178,28,53
bn_1179,53,58
bn_118,52,11
bn_1180,5,14
bn_1181,15,40
bn_1182,52,11
bn_1183,42,7
bn_1184,71,6
bn_1185,57,60
bn_1186,5,14
bn_1187,51,28
bn_1188,52,11
bn_1189,34,2
bn_119,34,2
bn_1190,71,6
bn_1191,0,17
bn_1192,11,41
bn_1193,26,48
bn_1194,25,46
bn_1195,16,57
bn_1196,11,25
bn_1197,30,43
bn_1198,11,41
bn_1199,26,74
bn_12,14,10
bn_120,25,46
bn_1200,25,46
bn_1201,16,19
bn_1202,11,25
bn_1203,30,55
bn_1204,24,14
bn_1205,67,40
bn_1206,33,11
bn_1207,42,7
bn_1208,44,6
bn_1209,57,60
bn_121,16,57
bn_1210,24,14
bn_1211,68,28
bn_1212,33,11
bn_1213,22,2
bn_1214,44,6
bn_1215,49,17
bn_1216,10,31
bn_1217,10,31
bn_1218,56,4
bn_1219,56,4
bn_122,25,46
bn_1220,10,31
bn_1221,10,31
bn_1222,56,4
bn_1223,56,4
bn_1224,14,10
bn_1225,14,10
bn_1226,23,4
bn_1227,23,4
bn_1228,14,10
bn_1229,14,10
bn_123,16,19
bn_1230,23,4
bn_1231,23,4
bn_1232,2,39
bn_1233,55,61
bn_1234,2,39
bn_1235,35,73
bn_1236,33,11
bn_1237,42,7
bn_1238,33,11
bn_1239,64,32
bn_124,33,11
bn_1240,29,35
bn_1241,17,34
bn_1242,29,35
bn_1243,58,67
bn_1244,12,11
bn_1245,70,7
bn_1246,12,11
bn_1247,64,32
bn_1248,7,59
bn_1249,7,59
bn_125,42,7
bn_1250,3,4
bn_1251,3,4
bn_1252,7,59
bn_1253,7,59
bn_1254,3,4
bn_1255,3,4
bn_1256,21,13
bn_1257,21,13
bn_1258,56,4
bn_1259,56,4
bn_126,33,11
bn_1260,21,13
bn_1261,21,13
bn_1262,56,4
bn_1263,56,4
bn_1264,39,42
bn_1265,66,66
bn_1266,39,42
bn_1267,66,56
bn_1268,52,11
bn_1269,34,7
bn_127,22,2
bn_1270,52,11
bn_1271,34,32
bn_1272,25,46
bn_1273,16,57
bn_1274,25,46
bn_1275,16,20
bn_1276,33,11
bn_1277,42,7
bn_1278,33,11
bn_1279,64,32
bn_128,10,31
bn_1280,1,36
bn_1281,10,31
bn_1282,50,24
bn_1283,1,36
bn_1284,10,31
bn_1285,50,24
bn_1286,6,21
bn_1287,56,4
bn_1288,48,15
bn_1289,6,21
bn_129,1,36
bn_1290,56,4
bn_1291,48,15
bn_1292,1,36
bn_1293,10,31
bn_1294,50,24
bn_1295,1,36
bn_1296,10,31
bn_1297,50,24
bn_1298,6,21
bn_1299,56,4
bn_13,14,10
bn_130,50,24
bn_1300,48,15
bn_1301,6,21
bn_1302,56,4
bn_1303,48,15
bn_1304,61,30
bn_1305,14,10
bn_1306,9,3
bn_1307,61,30
bn_1308,14,10
bn_1309,9,3
bn_131,10,31
bn_1310,43,21
bn_1311,23,4
bn_1312,36,15
bn_1313,43,21
bn_1314,23,4
bn_1315,36,15
bn_1316,61,30
bn_1317,14,10
bn_1318,9,3
bn_1319,61,30
bn_132,1,36
bn_1320,14,10
bn_1321,9,3
bn_1322,43,21
bn_1323,23,4
bn_1324,36,15
bn_1325,43,21
bn_1326,23,4
bn_1327,36,15
bn_1328,18,16
bn_1329,40,37
bn_133,50,24
bn_1330,2,39
bn_1331,55,61
bn_1332,60,23
bn_1333,37,33
bn_1334,18,16
bn_1335,40,62
bn_1336,2,39
bn_1337,35,73
bn_1338,60,23
bn_1339,73,44
bn_134,56,4
bn_1340,24,14
bn_1341,67,40
bn_1342,33,11
bn_1343,42,7
bn_1344,44,6
bn_1345,57,60
bn_1346,24,14
bn_1347,68,28
bn_1348,33,11
bn_1349,64,32
bn_135,6,21
bn_1350,44,6
bn_1351,0,70
bn_1352,4,64
bn_1353,41,54
bn_1354,29,35
bn_1355,17,34
bn_1356,4,9
bn_1357,45,52
bn_1358,4,64
bn_1359,62,45
bn_136,48,15
bn_1360,29,35
bn_1361,58,67
bn_1362,4,9
bn_1363,72,18
bn_1364,59,14
bn_1365,38,40
bn_1366,12,11
bn_1367,70,7
bn_1368,69,6
bn_1369,32,60
bn_137,56,4
bn_1370,59,14
bn_1371,54,28
bn_1372,12,11
bn_1373,64,32
bn_1374,69,6
bn_1375,49,70
bn_1376,31,50
bn_1377,7,59
bn_1378,19,29
bn_1379,31,50
bn_138,6,21
bn_1380,7,59
bn_1381,19,29
bn_1382,46,21
bn_1383,3,4
bn_1384,27,15
bn_1385,46,21
bn_1386,3,4
bn_1387,27,15
bn_1388,31,50
bn_1389,7,59
bn_139,48,15
bn_1390,19,29
bn_1391,31,50
bn_1392,7,59
bn_1393,19,29
bn_1394,46,21
bn_1395,3,4
bn_1396,27,15
bn_1397,46,21
bn_1398,3,4
bn_1399,27,15
bn_14,23,4
bn_140,10,31
bn_1400,13,8
bn_1401,21,13
bn_1402,65,12
bn_1403,13,8
bn_1404,21,13
bn_1405,65,12
bn_1406,6,21
bn_1407,56,4
bn_1408,48,15
bn_1409,6,21
bn_141,1,36
bn_1410,56,4
bn_1411,48,15
bn_1412,13,8
bn_1413,21,13
bn_1414,65,12
bn_1415,13,8
bn_1416,21,13
bn_1417,65,12
bn_1418,6,21
bn_1419,56,4
bn_142,50,24
bn_1420,48,15
bn_1421,6,21
bn_1422,56,4
bn_1423,48,15
bn_1424,47,1
bn_1425,74,49
bn_1426,39,42
bn_1427,66,66
bn_1428,28,53
bn_1429,53,63
bn_143,10,31
bn_1430,47,1
bn_1431,8,68
bn_1432,39,42
bn_1433,66,56
bn_1434,28,53
bn_1435,53,65
bn_1436,5,14
bn_1437,15,40
bn_1438,52,11
bn_1439,42,7
bn_144,1,36
bn_1440,71,6
bn_1441,0,60
bn_1442,5,14
bn_1443,51,28
bn_1444,52,11
bn_1445,34,32
bn_1446,71,6
bn_1447,0,70
bn_1448,11,41
bn_1449,26,48
bn_145,50,24
bn_1450,25,46
bn_1451,16,57
bn_1452,11,25
bn_1453,30,43
bn_1454,11,41
bn_1455,26,74
bn_1456,25,46
bn_1457,16,20
bn_1458,11,25
bn_1459,30,69
bn_146,56,4
bn_1460,24,14
bn_1461,67,40
bn_1462,33,11
bn_1463,42,7
bn_1464,44,6
bn_1465,57,60
bn_1466,24,14
bn_1467,68,28
bn_1468,33,11
bn_1469,64,32
bn_147,6,21
bn_1470,44,6
bn_1471,0,70
bn_1472,1,36
bn_1473,10,31
bn_1474,50,24
bn_1475,1,36
bn_1476,10,31
bn_1477,50,24
bn_1478,6,21
bn_1479,56,4
bn_148,48,15
bn_1480,48,15
bn_1481,6,21
bn_1482,56,4
bn_1483,48,15
bn_1484,1,36
bn_1485,10,31
bn_1486,50,24
bn_1487,1,36
bn_1488,10,31
bn_1489,50,24
bn_149,56,4
bn_1490,6,21
bn_1491,56,4
bn_1492,48,15
bn_1493,6,21
bn_1494,56,4
bn_1495,48,15
bn_1496,61,30
bn_1497,14,10
bn_1498,9,3
bn_1499,61,30
bn_15,23,4
bn_150,6,21
bn_1500,14,10
bn_1501,9,3
bn_1502,43,21
bn_1503,23,4
bn_1504,36,15
bn_1505,43,21
bn_1506,23,4
bn_1507,36,15
bn_1508,61,30
bn_1509,14,10
bn_151,48,15
bn_1510,9,3
bn_1511,61,30
bn_1512,14,10
bn_1513,9,3
bn_1514,43,21
bn_1515,23,4
bn_1516,36,15
bn_1517,43,21
bn_1518,23,4
bn_1519,36,15
bn_152,14,10
bn_1520,18,16
bn_1521,40,37
bn_1522,2,39
bn_1523,55,61
bn_1524,60,23
bn_1525,37,33
bn_1526,18,16
bn_1527,40,62
bn_1528,2,39
bn_1529,35,26
bn_153,61,30
bn_1530,60,23
bn_1531,37,27
bn_1532,24,14
bn_1533,67,40
bn_1534,33,11
bn_1535,42,7
bn_1536,44,6
bn_1537,57,60
bn_1538,24,14
bn_1539,68,28
bn_154,9,3
bn_1540,33,11
bn_1541,34,2
bn_1542,44,6
bn_1543,49,17
bn_1544,4,64
bn_1545,41,54
bn_1546,29,35
bn_1547,17,34
bn_1548,4,9
bn_1549,45,52
bn_155,14,10
bn_1550,4,64
bn_1551,62,45
bn_1552,29,35
bn_1553,17,22
bn_1554,4,9
bn_1555,63,71
bn_1556,59,14
bn_1557,38,40
bn_1558,12,11
bn_1559,70,7
bn_156,61,30
bn_1560,69,6
bn_1561,32,60
bn_1562,59,14
bn_1563,54,28
bn_1564,12,11
bn_1565,22,2
bn_1566,69,6
bn_1567,49,17
bn_1568,31,50
bn_1569,7,59
bn_157,9,3
bn_1570,19,29
bn_1571,31,50
bn_1572,7,59
bn_1573,19,29
bn_1574,46,21
bn_1575,3,4
bn_1576,27,15
bn_1577,46,21
bn_1578,3,4
bn_1579,27,15
bn_158,23,4
bn_1580,31,50
bn_1581,7,59
bn_1582,19,29
bn_1583,31,50
bn_1584,7,59
bn_1585,19,29
bn_1586,46,21
bn_1587,3,4
bn_1588,27,15
bn_1589,46,21
bn_159,43,21
bn_1590,3,4
bn_1591,27,15
bn_1592,13,8
bn_1593,21,13
bn_1594,65,12
bn_1595,13,8
bn_1596,21,13
bn_1597,65,12
bn_1598,6,21
bn_1599,56,4
bn_16,2,39
bn_160,36,15
bn_1600,48,15
bn_1601,6,21
bn_1602,56,4
bn_1603,48,15
bn_1604,13,8
bn_1605,21,13
bn_1606,65,12
bn_1607,13,8
bn_1608,21,13
bn_1609,65,12
bn_161,23,4
bn_1610,6,21
bn_1611,56,4
bn_1612,48,15
bn_1613,6,21
bn_1614,56,4
bn_1615,48,15
bn_1616,47,1
bn_1617,74,49
bn_1618,39,42
bn_1619,66,66
bn_162,43,21
bn_1620,28,53
bn_1621,53,63
bn_1622,47,1
bn_1623,8,68
bn_1624,39,42
bn_1625,66,72
bn_1626,28,53
bn_1627,53,58
bn_1628,5,14
bn_1629,15,40
bn_163,36,15
bn_1630,52,11
bn_1631,42,7
bn_1632,71,6
bn_1633,0,60
bn_1634,5,14
bn_1635,51,28
bn_1636,52,11
bn_1637,34,2
bn_1638,71,6
bn_1639,0,17
bn_164,14,10
bn_1640,11,41
bn_1641,26,48
bn_1642,25,46
bn_1643,16,57
bn_1644,11,25
bn_1645,30,43
bn_1646,11,41
bn_1647,26,74
bn_1648,25,46
bn_1649,16,19
bn_165,61,30
bn_1650,11,25
bn_1651,30,55
bn_1652,24,14
bn_1653,67,40
bn_1654,33,11
bn_1655,42,7
bn_1656,44,6
bn_1657,57,60
bn_1658,24,14
bn_1659,68,28
bn_166,9,3
bn_1660,33,11
bn_1661,22,2
bn_1662,44,6
bn_1663,49,17
bn_1664,10,31
bn_1665,10,31
bn_1666,56,4
bn_1667,56,4
bn_1668,10,31
bn_1669,10,31
bn_167,14,10
bn_1670,56,4
bn_1671,56,4
bn_1672,14,10
bn_1673,14,10
bn_1674,23,4
bn_1675,23,4
bn_1676,14,10
bn_1677,14,10
bn_1678,23,4
bn_1679,23,4
bn_168,61,30
bn_1680,2,39
bn_1681,55,61
bn_1682,2,39
bn_1683,35,26
bn_1684,33,11
bn_1685,42,7
bn_1686,33,11
bn_1687,22,2
bn_1688,29,35
bn_1689,17,34
bn_169,9,3
bn_1690,29,35
bn_1691,17,22
bn_1692,12,11
bn_1693,70,7
bn_1694,12,11
bn_1695,22,2
bn_1696,7,59
bn_1697,7,59
bn_1698,3,4
bn_1699,3,4
bn_17,55,61
bn_170,23,4
bn_1700,7,59
bn_1701,7,59
bn_1702,3,4
bn_1703,3,4
bn_1704,21,13
bn_1705,21,13
bn_1706,56,4
bn_1707,56,4
bn_1708,21,13
bn_1709,21,13
bn_171,43,21
bn_1710,56,4
bn_1711,56,4
bn_1712,39,42
bn_1713,66,66
bn_1714,39,42
bn_1715,66,72
bn_1716,52,11
bn_1717,34,7
bn_1718,52,11
bn_1719,34,2
bn_172,36,15
bn_1720,25,46
bn_1721,16,57
bn_1722,25,46
bn_1723,16,19
bn_1724,33,11
bn_1725,42,7
bn_1726,33,11
bn_1727,22,2
bn_1728,1,36
bn_1729,1,36
bn_173,23,4
bn_1730,10,31
bn_1731,10,31
bn_1732,6,21
bn_1733,6,21
bn_1734,56,4
bn_1735,56,4
bn_1736,1,36
bn_1737,1,36
bn_1738,10,31
bn_1739,10,31
bn_174,43,21
bn_1740,6,21
bn_1741,6,21
bn_1742,56,4
bn_1743,56,4
bn_1744,61,30
bn_1745,61,30
bn_1746,14,10
bn_1747,14,10
bn_1748,43,21
bn_1749,43,21
bn_175,36,15
bn_1750,23,4
bn_1751,23,4
bn_1752,61,30
bn_1753,61,30
bn_1754,14,10
bn_1755,14,10
bn_1756,43,21
bn_1757,43,21
bn_1758,23,4
bn_1759,23,4
bn_176,2,39
bn_1760,18,16
bn_1761,40,37
bn_1762,18,16
bn_1763,40,51
bn_1764,2,39
bn_1765,55,61
bn_1766,2,39
bn_1767,35,26
bn_1768,24,14
bn_1769,67,40
bn_177,55,61
bn_1770,24,14
bn_1771,15,5
bn_1772,33,11
bn_1773,42,7
bn_1774,33,11
bn_1775,22,2
bn_1776,4,64
bn_1777,41,54
bn_1778,4,64
bn_1779,20,75
bn_178,18,16
bn_1780,29,35
bn_1781,17,34
bn_1782,29,35
bn_1783,17,22
bn_1784,59,14
bn_1785,38,40
bn_1786,59,14
bn_1787,54,5
bn_1788,12,11
bn_1789,70,7
bn_179,40,37
bn_1790,12,11
bn_1791,22,2
bn_1792,50,24
bn_1793,50,24
bn_1794,48,15
bn_1795,48,15
bn_1796,50,24
bn_1797,50,24
bn_1798,48,15
bn_1799,48,15
bn_18,2,39
bn_180,60,23
bn_1800,9,3
bn_1801,9,3
bn_1802,36,15
bn_1803,36,15
bn_1804,9,3
bn_1805,9,3
bn_1806,36,15
bn_1807,36,15
bn_1808,60,23
bn_1809,37,33
bn_181,37,33
bn_1810,60,23
bn_1811,73,27
bn_1812,44,6
bn_1813,57,60
bn_1814,44,6
bn_1815,49,17
bn_1816,4,9
bn_1817,45,52
bn_1818,4,9
bn_1819,63,71
bn_182,2,39
bn_1820,69,6
bn_1821,32,60
bn_1822,69,6
bn_1823,49,17
bn_1824,31,50
bn_1825,31,50
bn_1826,7,59
bn_1827,7,59
bn_1828,46,21
bn_1829,46,21
bn_183,35,73
bn_1830,3,4
bn_1831,3,4
bn_1832,31,50
bn_1833,31,50
bn_1834,7,59
bn_1835,7,59
bn_1836,46,21
bn_1837,46,21
bn_1838,3,4
bn_1839,3,4
bn_184,18,16
bn_1840,13,8
bn_1841,13,8
bn_1842,21,13
bn_1843,21,13
bn_1844,6,21
bn_1845,6,21
bn_1846,56,4
bn_1847,56,4
bn_1848,13,8
bn_1849,13,8
bn_185,40,62
bn_1850,21,13
bn_1851,21,13
bn_1852,6,21
bn_1853,6,21
bn_1854,56,4
bn_1855,56,4
bn_1856,47,1
bn_1857,74,49
bn_1858,47,1
bn_1859,8,47
bn_186,60,23
bn_1860,39,42
bn_1861,66,66
bn_1862,39,42
bn_1863,66,72
bn_1864,5,14
bn_1865,15,40
bn_1866,5,14
bn_1867,51,5
bn_1868,52,11
bn_1869,34,7
bn_187,73,44
bn_1870,52,11
bn_1871,34,2
bn_1872,11,41
bn_1873,26,48
bn_1874,11,41
bn_1875,26,38
bn_1876,25,46
bn_1877,16,57
bn_1878,25,46
bn_1879,16,19
bn_188,33,11
bn_1880,24,14
bn_1881,67,40
bn_1882,5,14
bn_1883,15,5
bn_1884,33,11
bn_1885,42,7
bn_1886,33,11
bn_1887,22,2
bn_1888,19,29
bn_1889,19,29
bn_189,42,7
bn_1890,27,15
bn_1891,27,15
bn_1892,19,29
bn_1893,19,29
bn_1894,27,15
bn_1895,27,15
bn_1896,65,12
bn_1897,65,12
bn_1898,48,15
bn_1899,48,15
bn_19,35,73
bn_190,24,14
bn_1900,65,12
bn_1901,65,12
bn_1902,48,15
bn_1903,48,15
bn_1904,28,53
bn_1905,53,63
bn_1906,28,53
bn_1907,53,58
bn_1908,71,6
bn_1909,0,60
bn_191,67,40
bn_1910,71,6
bn_1911,0,17
bn_1912,11,25
bn_1913,30,43
bn_1914,11,25
bn_1915,30,55
bn_1916,44,6
bn_1917,57,60
bn_1918,44,6
bn_1919,49,17
bn_192,44,6
bn_1920,1,36
bn_1921,1,36
bn_1922,10,31
bn_1923,10,31
bn_1924,6,21
bn_1925,6,21
bn_1926,56,4
bn_1927,56,4
bn_1928,1,36
bn_1929,1,36
bn_193,32,60
bn_1930,10,31
bn_1931,10,31
bn_1932,6,21
bn_1933,6,21
bn_1934,56,4
bn_1935,56,4
bn_1936,61,30
bn_1937,61,30
bn_1938,14,10
bn_1939,14,10
bn_194,33,11
bn_1940,43,21
bn_1941,43,21
bn_1942,23,4
bn_1943,23,4
bn_1944,61,30
bn_1945,61,30
bn_1946,14,10
bn_1947,14,10
bn_1948,43,21
bn_1949,43,21
bn_195,64,32
bn_1950,23,4
bn_1951,23,4
bn_1952,18,16
bn_1953,40,37
bn_1954,18,16
bn_1955,40,51
bn_1956,2,39
bn_1957,55,61
bn_1958,2,39
bn_1959,35,26
bn_196,24,14
bn_1960,24,14
bn_1961,67,40
bn_1962,24,14
bn_1963,15,5
bn_1964,33,11
bn_1965,70,7
bn_1966,33,11
bn_1967,22,2
bn_1968,4,64
bn_1969,41,54
bn_197,68,28
bn_1970,4,64
bn_1971,20,75
bn_1972,29,35
bn_1973,17,34
bn_1974,29,35
bn_1975,17,22
bn_1976,59,14
bn_1977,38,40
bn_1978,59,14
bn_1979,54,5
bn_198,44,6
bn_1980,12,11
bn_1981,70,7
bn_1982,12,11
bn_1983,22,2
bn_1984,50,24
bn_1985,50,24
bn_1986,48,15
bn_1987,48,15
bn_1988,50,24
bn_1989,50,24
bn_199,0,70
bn_1990,48,15
bn_1991,48,15
bn_1992,9,3
bn_1993,9,3
bn_1994,36,15
bn_1995,36,15
bn_1996,9,3
bn_1997,9,3
bn_1998,36,15
bn_1999,36,15
bn_2,56,4
bn_20,33,11
bn_200,29,35
bn_2000,60,23
bn_2001,37,33
bn_2002,60,23
bn_2003,37,27
bn_2004,44,6
bn_2005,57,60
bn_2006,44,6
bn_2007,49,17
bn_2008,4,9
bn_2009,45,52
bn_201,17,34
bn_2010,4,9
bn_2011,63,71
bn_2012,69,6
bn_2013,32,60
bn_2014,69,6
bn_2015,49,17
bn_2016,31,50
bn_2017,31,50
bn_2018,7,59
bn_2019,7,59
bn_202,4,64
bn_2020,46,21
bn_2021,46,21
bn_2022,3,4
bn_2023,3,4
bn_2024,31,50
bn_2025,31,50
bn_2026,7,59
bn_2027,7,59
bn_2028,46,21
bn_2029,46,21
bn_203,41,54
bn_2030,3,4
bn_2031,3,4
bn_2032,13,8
bn_2033,13,8
bn_2034,21,13
bn_2035,21,13
bn_2036,6,21
bn_2037,6,21
bn_2038,56,4
bn_2039,56,4
bn_204,4,9
bn_2040,13,8
bn_2041,13,8
bn_2042,21,13
bn_2043,21,13
bn_2044,6,21
bn_2045,6,21
bn_2046,56,4
bn_2047,56,4
bn_2048,47,1
bn_2049,74,49
bn_205,45,52
bn_2050,47,1
bn_2051,8,47
bn_2052,39,42
bn_2053,66,66
bn_2054,39,42
bn_2055,66,72
bn_2056,5,14
bn_2057,15,40
bn_2058,5,14
bn_2059,51,5
bn_206,29,35
bn_2060,52,11
bn_2061,34,7
bn_2062,52,11
bn_2063,34,2
bn_2064,11,41
bn_2065,26,48
bn_2066,11,41
bn_2067,26,38
bn_2068,25,46
bn_2069,16,57
bn_207,58,67
bn_2070,25,46
bn_2071,16,19
bn_2072,24,14
bn_2073,67,40
bn_2074,24,14
bn_2075,15,5
bn_2076,33,11
bn_2077,42,7
bn_2078,33,11
bn_2079,22,2
bn_208,4,64
bn_2080,19,29
bn_2081,19,29
bn_2082,27,15
bn_2083,27,15
bn_2084,19,29
bn_2085,19,29
bn_2086,27,15
bn_2087,27,15
bn_2088,65,12
bn_2089,65,12
bn_209,62,45
bn_2090,48,15
bn_2091,48,15
bn_2092,65,12
bn_2093,65,12
bn_2094,48,15
bn_2095,48,15
bn_2096,28,53
bn_2097,53,63
bn_2098,28,53
bn_2099,53,58
bn_21,42,7
bn_210,4,9
bn_2100,71,6
bn_2101,57,60
bn_2102,71,6
bn_2103,0,17
bn_2104,11,25
bn_2105,30,43
bn_2106,11,25
bn_2107,30,55
bn_2108,44,6
bn_2109,57,60
bn_211,72,18
bn_2110,44,6
bn_2111,49,17
bn_2112,1,36
bn_2113,1,36
bn_2114,6,21
bn_2115,6,21
bn_2116,1,36
bn_2117,1,36
bn_2118,6,21
bn_2119,6,21
bn_212,12,11
bn_2120,61,30
bn_2121,61,30
bn_2122,43,21
bn_2123,43,21
bn_2124,61,30
bn_2125,61,30
bn_2126,43,21
bn_2127,43,21
bn_2128,18,16
bn_2129,40,37
bn_213,70,7
bn_2130,18,16
bn_2131,40,51
bn_2132,24,14
bn_2133,67,40
bn_2134,24,14
bn_2135,15,5
bn_2136,4,64
bn_2137,41,54
bn_2138,4,64
bn_2139,20,75
bn_214,59,14
bn_2140,59,14
bn_2141,38,40
bn_2142,59,14
bn_2143,54,5
bn_2144,31,50
bn_2145,31,50
bn_2146,46,21
bn_2147,46,21
bn_2148,31,50
bn_2149,31,50
bn_215,38,40
bn_2150,46,21
bn_2151,46,21
bn_2152,13,8
bn_2153,13,8
bn_2154,6,21
bn_2155,6,21
bn_2156,13,8
bn_2157,13,8
bn_2158,6,21
bn_2159,6,21
bn_216,69,6
bn_2160,47,1
bn_2161,74,49
bn_2162,47,1
bn_2163,8,47
bn_2164,5,14
bn_2165,15,40
bn_2166,5,14
bn_2167,51,5
bn_2168,11,41
bn_2169,26,48
bn_217,32,60
bn_2170,11,41
bn_2171,26,38
bn_2172,24,14
bn_2173,67,40
bn_2174,24,14
bn_2175,15,5
bn_2176,1,36
bn_2177,1,36
bn_2178,6,21
bn_2179,6,21
bn_218,12,11
bn_2180,1,36
bn_2181,1,36
bn_2182,6,21
bn_2183,6,21
bn_2184,61,30
bn_2185,61,30
bn_2186,43,21
bn_2187,43,21
bn_2188,61,30
bn_2189,61,30
bn_219,64,32
bn_2190,43,21
bn_2191,43,21
bn_2192,18,16
bn_2193,40,37
bn_2194,18,16
bn_2195,40,62
bn_2196,24,14
bn_2197,67,40
bn_2198,24,14
bn_2199,68,28
bn_22,33,11
bn_220,59,14
bn_2200,4,64
bn_2201,41,54
bn_2202,4,64
bn_2203,62,45
bn_2204,59,14
bn_2205,38,40
bn_2206,59,14
bn_2207,54,28
bn_2208,31,50
bn_2209,31,50
bn_221,54,28
bn_2210,46,21
bn_2211,46,21
bn_2212,31,50
bn_2213,31,50
bn_2214,46,21
bn_2215,46,21
bn_2216,13,8
bn_2217,13,8
bn_2218,6,21
bn_2219,6,21
bn_222,69,6
bn_2220,13,8
bn_2221,13,8
bn_2222,6,21
bn_2223,6,21
bn_2224,47,1
bn_2225,74,49
bn_2226,47,1
bn_2227,8,68
bn_2228,5,14
bn_2229,15,40
bn_223,49,70
bn_2230,5,14
bn_2231,51,28
bn_2232,11,41
bn_2233,26,48
bn_2234,11,41
bn_2235,26,74
bn_2236,24,14
bn_2237,67,40
bn_2238,24,14
bn_2239,68,28
bn_224,7,59
bn_225,31,50
bn_226,19,29
bn_227,7,59
bn_228,31,50
bn_229,19,29
bn_23,64,32
bn_230,3,4
bn_231,46,21
bn_232,27,15
bn_233,3,4
bn_234,46,21
bn_235,27,15
bn_236,7,59
bn_237,31,50
bn_238,19,29
bn_239,7,59
bn_24,29,35
bn_240,31,50
bn_241,19,29
bn_242,3,4
bn_243,46,21
bn_244,27,15
bn_245,3,4
bn_246,46,21
bn_247,27,15
bn_248,21,13
bn_249,13,8
bn_25,17,34
bn_250,65,12
bn_251,21,13
bn_252,13,8
bn_253,65,12
bn_254,56,4
bn_255,6,21
bn_256,48,15
bn_257,56,4
bn_258,6,21
bn_259,48,15
bn_26,29,35
bn_260,21,13
bn_261,13,8
bn_262,65,12
bn_263,21,13
bn_264,13,8
bn_265,65,12
bn_266,56,4
bn_267,6,21
bn_268,48,15
bn_269,56,4
bn_27,58,67
bn_270,6,21
bn_271,48,15
bn_272,39,42
bn_273,66,66
bn_274,47,1
bn_275,74,49
bn_276,28,53
bn_277,53,63
bn_278,39,42
bn_279,66,56
bn_28,12,11
bn_280,47,1
bn_281,8,68
bn_282,28,53
bn_283,53,65
bn_284,52,11
bn_285,34,7
bn_286,5,14
bn_287,15,40
bn_288,71,6
bn_289,0,60
bn_29,70,7
bn_290,52,11
bn_291,34,32
bn_292,5,14
bn_293,51,28
bn_294,71,6
bn_295,0,70
bn_296,25,46
bn_297,16,57
bn_298,11,41
bn_299,26,48
bn_3,10,31
bn_30,12,11
bn_300,11,25
bn_301,30,43
bn_302,25,46
bn_303,16,20
bn_304,11,41
bn_305,26,74
bn_306,11,25
bn_307,30,69
bn_308,33,11
bn_309,42,7
bn_31,64,32
bn_310,24,14
bn_311,67,40
bn_312,44,6
bn_313,57,60
bn_314,33,11
bn_315,64,32
bn_316,24,14
bn_317,68,28
bn_318,44,6
bn_319,0,70
bn_32,7,59
bn_320,10,31
bn_321,1,36
bn_322,50,24
bn_323,10,31
bn_324,1,36
bn_325,50,24
bn_326,56,4
bn_327,6,21
bn_328,48,15
bn_329,56,4
bn_33,7,59
bn_330,6,21
bn_331,48,15
bn_332,10,31
bn_333,1,36
bn_334,50,24
bn_335,10,31
bn_336,1,36
bn_337,50,24
bn_338,56,4
bn_339,6,21
bn_34,3,4
bn_340,48,15
bn_341,56,4
bn_342,6,21
bn_343,48,15
bn_344,14,10
bn_345,61,30
bn_346,9,3
bn_347,14,10
bn_348,61,30
bn_349,9,3
bn_35,3,4
bn_350,23,4
bn_351,43,21
bn_352,36,15
bn_353,23,4
bn_354,43,21
bn_355,36,15
bn_356,14,10
bn_357,61,30
bn_358,9,3
bn_359,14,10
bn_36,7,59
bn_360,61,30
bn_361,9,3
bn_362,23,4
bn_363,43,21
bn_364,36,15
bn_365,23,4
bn_366,43,21
bn_367,36,15
bn_368,2,39
bn_369,55,61
bn_37,7,59
bn_370,18,16
bn_371,40,37
bn_372,60,23
bn_373,37,33
bn_374,2,39
bn_375,35,26
bn_376,18,16
bn_377,40,62
bn_378,60,23
bn_379,73,27
bn_38,3,4
bn_380,33,11
bn_381,42,7
bn_382,24,14
bn_383,67,40
bn_384,44,6
bn_385,57,60
bn_386,33,11
bn_387,22,2
bn_388,24,14
bn_389,68,28
bn_39,3,4
bn_390,44,6
bn_391,49,17
bn_392,29,35
bn_393,17,34
bn_394,4,64
bn_395,41,54
bn_396,4,9
bn_397,45,52
bn_398,29,35
bn_399,17,22
bn_4,10,31
bn_40,21,13
bn_400,4,64
bn_401,62,45
bn_402,4,9
bn_403,63,71
bn_404,12,11
bn_405,70,7
bn_406,59,14
bn_407,38,40
bn_408,69,6
bn_409,32,60
bn_41,21,13
bn_410,12,11
bn_411,22,2
bn_412,59,14
bn_413,54,28
bn_414,69,6
bn_415,49,17
bn_416,7,59
bn_417,31,50
bn_418,19,29
bn_419,7,59
bn_42,56,4
bn_420,31,50
bn_421,19,29
bn_422,3,4
bn_423,46,21
bn_424,27,15
bn_425,3,4
bn_426,46,21
bn_427,27,15
bn_428,7,59
bn_429,31,50
bn_43,56,4
bn_430,19,29
bn_431,7,59
bn_432,31,50
bn_433,19,29
bn_434,3,4
bn_435,46,21
bn_436,27,15
bn_437,3,4
bn_438,46,21
bn_439,27,15
bn_44,21,13
bn_440,21,13
bn_441,13,8
bn_442,65,12
bn_443,21,13
bn_444,13,8
bn_445,65,12
bn_446,56,4
bn_447,6,21
bn_448,48,15
bn_449,56,4
bn_45,21,13
bn_450,6,21
bn_451,48,15
bn_452,21,13
bn_453,13,8
bn_454,65,12
bn_455,21,13
bn_456,13,8
bn_457,65,12
bn_458,56,4
bn_459,6,21
bn_46,56,4
bn_460,48,15
bn_461,56,4
bn_462,6,21
bn_463,48,15
bn_464,39,42
bn_465,66,66
bn_466,47,1
bn_467,74,49
bn_468,28,53
bn_469,53,63
bn_47,56,4
bn_470,39,42
bn_471,66,72
bn_472,47,1
bn_473,8,68
bn_474,28,53
bn_475,53,58
bn_476,52,11
bn_477,42,7
bn_478,5,14
bn_479,15,40
bn_48,39,42
bn_480,71,6
bn_481,57,60
bn_482,52,11
bn_483,34,2
bn_484,5,14
bn_485,51,28
bn_486,71,6
bn_487,0,17
bn_488,25,46
bn_489,16,57
bn_49,66,66
bn_490,11,41
bn_491,26,48
bn_492,11,25
bn_493,30,43
bn_494,25,46
bn_495,16,19
bn_496,11,41
bn_497,26,74
bn_498,11,25
bn_499,30,55
bn_5,10,31
bn_50,39,42
bn_500,33,11
bn_501,42,7
bn_502,24,14
bn_503,67,40
bn_504,44,6
bn_505,57,60
bn_506,33,11
bn_507,22,2
bn_508,24,14
bn_509,68,28
bn_51,66,56
bn_510,44,6
bn_511,49,17
bn_512,10,31
bn_513,1,36
bn_514,50,24
bn_515,1,36
bn_516,10,31
bn_517,50,24
bn_518,6,21
bn_519,56,4
bn_52,52,11
bn_520,48,15
bn_521,6,21
bn_522,56,4
bn_523,48,15
bn_524,1,36
bn_525,10,31
bn_526,50,24
bn_527,1,36
bn_528,10,31
bn_529,50,24
bn_53,42,7
bn_530,6,21
bn_531,56,4
bn_532,48,15
bn_533,6,21
bn_534,56,4
bn_535,48,15
bn_536,61,30
bn_537,14,10
bn_538,9,3
bn_539,61,30
bn_54,52,11
bn_540,14,10
bn_541,9,3
bn_542,43,21
bn_543,23,4
bn_544,36,15
bn_545,43,21
bn_546,23,4
bn_547,36,15
bn_548,61,30
bn_549,14,10
bn_55,34,32
bn_550,9,3
bn_551,61,30
bn_552,14,10
bn_553,9,3
bn_554,43,21
bn_555,23,4
bn_556,36,15
bn_557,43,21
bn_558,23,4
bn_559,36,15
bn_56,25,46
bn_560,18,16
bn_561,40,37
bn_562,2,39
bn_563,55,61
bn_564,60,23
bn_565,37,33
bn_566,18,16
bn_567,40,62
bn_568,2,39
bn_569,35,73
bn_57,16,57
bn_570,60,23
bn_571,73,44
bn_572,24,14
bn_573,67,40
bn_574,33,11
bn_575,42,7
bn_576,44,6
bn_577,57,60
bn_578,24,14
bn_579,68,28
bn_58,25,46
bn_580,33,11
bn_581,64,32
bn_582,44,6
bn_583,0,70
bn_584,4,64
bn_585,41,54
bn_586,29,35
bn_587,17,34
bn_588,4,9
bn_589,45,52
bn_59,16,20
bn_590,4,64
bn_591,62,45
bn_592,29,35
bn_593,58,67
bn_594,4,9
bn_595,72,18
bn_596,59,14
bn_597,38,40
bn_598,12,11
bn_599,70,7
bn_6,56,4
bn_60,33,11
bn_600,69,6
bn_601,32,60
bn_602,59,14
bn_603,54,28
bn_604,12,11
bn_605,64,32
bn_606,69,6
bn_607,49,70
bn_608,1,36
bn_609,1,36
bn_61,42,7
bn_610,6,21
bn_611,6,21
bn_612,1,36
bn_613,1,36
bn_614,6,21
bn_615,6,21
bn_616,61,30
bn_617,61,30
bn_618,43,21
bn_619,43,21
bn_62,33,11
bn_620,61,30
bn_621,61,30
bn_622,43,21
bn_623,43,21
bn_624,18,16
bn_625,40,37
bn_626,18,16
bn_627,40,62
bn_628,24,14
bn_629,67,40
bn_63,64,32
bn_630,24,14
bn_631,68,28
bn_632,4,64
bn_633,41,54
bn_634,4,64
bn_635,62,45
bn_636,59,14
bn_637,38,40
bn_638,59,14
bn_639,54,28
bn_64,10,31
bn_640,31,50
bn_641,7,59
bn_642,19,29
bn_643,31,50
bn_644,7,59
bn_645,19,29
bn_646,46,21
bn_647,3,4
bn_648,27,15
bn_649,46,21
bn_65,10,31
bn_650,3,4
bn_651,27,15
bn_652,31,50
bn_653,7,59
bn_654,19,29
bn_655,31,50
bn_656,7,59
bn_657,19,29
bn_658,46,21
bn_659,3,4
bn_66,56,4
bn_660,27,15
bn_661,46,21
bn_662,3,4
bn_663,27,15
bn_664,13,8
bn_665,21,13
bn_666,65,12
bn_667,13,8
bn_668,21,13
bn_669,65,12
bn_67,56,4
bn_670,6,21
bn_671,56,4
bn_672,48,15
bn_673,6,21
bn_674,56,4
bn_675,48,15
bn_676,13,8
bn_677,21,13
bn_678,65,12
bn_679,13,8
bn_68,10,31
bn_680,21,13
bn_681,65,12
bn_682,6,21
bn_683,56,4
bn_684,48,15
bn_685,6,21
bn_686,56,4
bn_687,48,15
bn_688,47,1
bn_689,74,49
bn_69,10,31
bn_690,39,42
bn_691,66,66
bn_692,28,53
bn_693,53,63
bn_694,47,1
bn_695,8,68
bn_696,39,42
bn_697,66,56
bn_698,28,53
bn_699,53,65
bn_7,56,4
bn_70,56,4
bn_700,5,14
bn_701,15,40
bn_702,52,11
bn_703,34,7
bn_704,71,6
bn_705,57,60
bn_706,5,14
bn_707,51,28
bn_708,52,11
bn_709,34,32
bn_71,56,4
bn_710,71,6
bn_711,0,70
bn_712,11,41
bn_713,26,48
bn_714,25,46
bn_715,16,57
bn_716,11,25
bn_717,30,43
bn_718,11,41
bn_719,26,74
bn_72,14,10
bn_720,25,46
bn_721,16,20
bn_722,11,25
bn_723,30,69
bn_724,24,14
bn_725,67,40
bn_726,33,11
bn_727,42,7
bn_728,44,6
bn_729,57,60
bn_73,14,10
bn_730,24,14
bn_731,68,28
bn_732,33,11
bn_733,64,32
bn_734,44,6
bn_735,0,70
bn_736,31,50
bn_737,31,50
bn_738,46,21
bn_739,46,21
bn_74,23,4
bn_740,31,50
bn_741,31,50
bn_742,46,21
bn_743,46,21
bn_744,13,8
bn_745,13,8
bn_746,6,21
bn_747,6,21
bn_748,13,8
bn_749,13,8
bn_75,23,4
bn_750,6,21
bn_751,6,21
bn_752,47,1
bn_753,74,49
bn_754,47,1
bn_755,8,68
bn_756,5,14
bn_757,15,40
bn_758,5,14
bn_759,51,28
bn_76,14,10
bn_760,11,41
bn_761,26,48
bn_762,11,41
bn_763,26,74
bn_764,24,14
bn_765,67,40
bn_766,24,14
bn_767,68,28
bn_768,1,36
bn_769,1,36
bn_77,14,10
bn_770,6,21
bn_771,6,21
bn_772,1,36
bn_773,1,36
bn_774,6,21
bn_775,6,21
bn_776,61,30
bn_777,61,30
bn_778,43,21
bn_779,43,21
bn_78,23,4
bn_780,61,30
bn_781,61,30
bn_782,43,21
bn_783,43,21
bn_784,18,16
bn_785,40,37
bn_786,18,16
bn_787,40,51
bn_788,24,14
bn_789,67,40
bn_79,23,4
bn_790,24,14
bn_791,15,5
bn_792,4,64
bn_793,41,54
bn_794,4,64
bn_795,20,75
bn_796,59,14
bn_797,38,40
bn_798,59,14
bn_799,54,5
bn_8,14,10
bn_80,2,39
bn_800,31,50
bn_801,31,50
bn_802,46,21
bn_803,46,21
bn_804,31,50
bn_805,31,50
bn_806,46,21
bn_807,46,21
bn_808,13,8
bn_809,13,8
bn_81,55,61
bn_810,6,21
bn_811,6,21
bn_812,13,8
bn_813,13,8
bn_814,43,21
bn_815,6,21
bn_816,47,1
bn_817,74,49
bn_818,47,1
bn_819,74,47
bn_82,2,39
bn_820,5,14
bn_821,15,40
bn_822,5,14
bn_823,15,5
bn_824,11,41
bn_825,26,48
bn_826,11,41
bn_827,26,38
bn_828,24,14
bn_829,67,40
bn_83,35,26
bn_830,24,14
bn_831,15,5
bn_832,1,36
bn_833,10,31
bn_834,50,24
bn_835,1,36
bn_836,10,31
bn_837,50,24
bn_838,6,21
bn_839,56,4
bn_84,33,11
bn_840,48,15
bn_841,6,21
bn_842,56,4
bn_843,48,15
bn_844,1,36
bn_845,10,31
bn_846,50,24
bn_847,1,36
bn_848,10,31
bn_849,50,24
bn_85,42,7
bn_850,6,21
bn_851,56,4
bn_852,48,15
bn_853,6,21
bn_854,56,4
bn_855,48,15
bn_856,61,30
bn_857,14,10
bn_858,9,3
bn_859,61,30
bn_86,33,11
bn_860,14,10
bn_861,9,3
bn_862,43,21
bn_863,23,4
bn_864,36,15
bn_865,43,21
bn_866,23,4
bn_867,36,15
bn_868,61,30
bn_869,14,10
bn_87,22,2
bn_870,9,3
bn_871,61,30
bn_872,14,10
bn_873,9,3
bn_874,43,21
bn_875,23,4
bn_876,36,15
bn_877,43,21
bn_878,23,4
bn_879,36,15
bn_88,29,35
bn_880,18,16
bn_881,40,37
bn_882,2,39
bn_883,55,61
bn_884,60,23
bn_885,37,33
bn_886,18,16
bn_887,40,51
bn_888,2,39
bn_889,35,26
bn_89,17,34
bn_890,60,23
bn_891,37,27
bn_892,24,14
bn_893,67,40
bn_894,33,11
bn_895,42,7
bn_896,44,6
bn_897,57,60
bn_898,24,14
bn_899,15,5
bn_9,14,10
bn_90,29,35
bn_900,33,11
bn_901,22,2
bn_902,44,6
bn_903,49,17
bn_904,4,64
bn_905,41,54
bn_906,29,35
bn_907,17,34
bn_908,4,9
bn_909,45,52
bn_91,17,22
bn_910,4,64
bn_911,20,75
bn_912,29,35
bn_913,17,22
bn_914,4,9
bn_915,63,71
bn_916,59,14
bn_917,38,40
bn_918,12,11
bn_919,70,7
bn_92,12,11
bn_920,69,6
bn_921,32,60
bn_922,59,14
bn_923,54,5
bn_924,12,11
bn_925,22,2
bn_926,69,6
bn_927,49,17
bn_928,1,36
bn_929,10,31
bn_93,70,7
bn_930,50,24
bn_931,1,36
bn_932,10,31
bn_933,50,24
bn_934,6,21
bn_935,56,4
bn_936,48,15
bn_937,6,21
bn_938,56,4
bn_939,48,15
bn_94,12,11
bn_940,1,36
bn_941,10,31
bn_942,50,24
bn_943,1,36
bn_944,10,31
bn_945,50,24
bn_946,6,21
bn_947,56,4
bn_948,48,15
bn_949,6,21
bn_95,22,2
bn_950,56,4
bn_951,48,15
bn_952,61,30
bn_953,14,10
bn_954,9,3
bn_955,61,30
bn_956,14,10
bn_957,9,3
bn_958,43,21
bn_959,23,4
bn_96,7,59
bn_960,36,15
bn_961,43,21
bn_962,23,4
bn_963,36,15
bn_964,61,30
bn_965,14,10
bn_966,9,3
bn_967,61,30
bn_968,14,10
bn_969,9,3
bn_97,7,59
bn_970,43,21
bn_971,23,4
bn_972,36,15
bn_973,43,21
bn_974,23,4
bn_975,36,15
bn_976,18,16
bn_977,40,37
bn_978,2,39
bn_979,55,61
bn_98,3,4
bn_980,60,23
bn_981,37,33
bn_982,18,16
bn_983,40,62
bn_984,2,39
bn_985,35,26
bn_986,60,23
bn_987,37,27
bn_988,24,14
bn_989,67,40
bn_99,3,4
bn_990,33,11
bn_991,42,7
bn_992,44,6
bn_993,57,60
bn_994,24,14
bn_995,68,28
bn_996,33,11
bn_997,22,2
bn_998,44,6
bn_999,49,17
