,Pelle,Slmb,Cactus,Dif,Dorsal,Toll,MyD88,Nec,Tube,Spz,Targets,model_id,timepoint
0,0.5104340000000003,0.31677000000000005,0.4281879999999996,0.5283159999999998,0.5243690000000003,0.5157999999999998,0.4935569999999999,0.3119430000000001,0.4861799999999998,0.5538099999999998,0.4132089999999997,bn_11,0.0
1,0.5067699999999998,0.12571400000000005,0.40831500000000004,0.5762879999999998,0.5670910000000002,0.6068300000000004,0.5357709999999999,0.11938999999999998,0.5035369999999996,0.718041,0.38970000000000005,bn_11,1.0
2,0.5232090000000003,0.044892999999999975,0.42868899999999993,0.5710560000000003,0.5749499999999996,0.7385959999999999,0.6273430000000001,0.04999099999999999,0.553602,0.8544899999999995,0.4301449999999999,bn_11,2.0
3,0.5646260000000001,0.014495,0.4361970000000001,0.559316,0.571083,0.8410989999999999,0.7395439999999996,0.019582000000000002,0.6375949999999997,0.9272499999999999,0.45627800000000013,bn_11,3.0
4,0.6479279999999996,0.0058119999999999995,0.4004179999999999,0.5747509999999999,0.5797739999999999,0.913148,0.8374669999999997,0.006992000000000001,0.7416029999999998,0.9695869999999998,0.47908999999999985,bn_11,4.0
5,0.736745,0.0015869999999999999,0.33425599999999994,0.6136159999999999,0.6195379999999998,0.953692,0.9002449999999999,0.0035710000000000004,0.8291200000000001,0.9855649999999999,0.512448,bn_11,5.0
6,0.8205739999999999,0.0,0.2528459999999999,0.6765439999999999,0.6824329999999998,0.9761559999999999,0.9427989999999999,0.001592,0.895856,0.9922659999999999,0.570758,bn_11,6.0
7,0.8825930000000001,0.0,0.17936399999999997,0.753445,0.7540370000000001,0.9873289999999999,0.966564,0.000354,0.9386880000000001,0.995534,0.639324,bn_11,7.0
8,0.9214600000000001,0.0,0.12729200000000004,0.812504,0.818207,0.9929190000000001,0.9797470000000001,0.0,0.9584110000000001,0.998227,0.703276,bn_11,8.0
9,0.9490760000000001,0.0,0.086184,0.862277,0.867987,0.9963010000000001,0.9888180000000001,0.0,0.9738500000000001,0.9989990000000001,0.7724340000000001,bn_11,9.0
10,0.96781,0.0,0.055694,0.913145,0.907337,0.998893,0.994205,0.0,0.984335,0.999298,0.840885,bn_11,10.0
11,0.982866,0.0,0.032268000000000005,0.94527,0.938571,0.999594,0.99741,0.0,0.992208,0.999838,0.886432,bn_11,11.0
12,0.9908600000000001,0.0,0.018468000000000002,0.967058,0.962936,0.999999,0.9988170000000001,0.0,0.996179,0.999999,0.922451,bn_11,12.0
13,0.995954,0.0,0.011416,0.980966,0.9775539999999999,0.999999,0.999889,0.0,0.998122,0.999999,0.948051,bn_11,13.0
14,0.9979399999999999,0.0,0.005323,0.989822,0.9868469999999999,0.999999,0.999999,0.0,0.9999899999999999,0.999999,0.967864,bn_11,14.0
15,0.999417,0.0,0.003156,0.992964,0.99356,1.000001,1.000001,0.0,1.000001,1.000001,0.979201,bn_11,15.0
16,1.0,0.0,0.0005,0.9956929999999999,0.996178,1.0,1.0,0.0,1.0,1.0,0.98666,bn_11,16.0
17,1.0,0.0,0.0005,0.997594,0.9976499999999999,1.0,1.0,0.0,1.0,1.0,0.991536,bn_11,17.0
18,0.999999,0.0,0.000164,0.999262,0.998408,0.999999,0.999999,0.0,0.999999,0.999999,0.995448,bn_11,18.0
19,0.999999,0.0,0.0,0.9995769999999999,0.99901,0.999999,0.999999,0.0,0.999999,0.999999,0.997791,bn_11,19.0
20,1.0,0.0,0.0,1.0,0.9998699999999999,1.0,1.0,0.0,1.0,1.0,0.998744,bn_11,20.0
21,1.0,0.0,0.0,1.0,1.0,1.0,1.0,0.0,1.0,1.0,0.999455,bn_11,21.0
22,1.0,0.0,0.0,1.0,1.0,1.0,1.0,0.0,1.0,1.0,1.0,bn_11,22.0
23,1.0,0.0,0.0,1.0,1.0,1.0,1.0,0.0,1.0,1.0,1.0,bn_11,23.0
24,1.0,0.0,0.0,1.0,1.0,1.0,1.0,0.0,1.0,1.0,1.0,bn_11,24.0
25,1.0,0.0,0.0,1.0,1.0,1.0,1.0,0.0,1.0,1.0,1.0,bn_11,25.0
26,1.0,0.0,0.0,1.0,1.0,1.0,1.0,0.0,1.0,1.0,1.0,bn_11,26.0
27,1.0,0.0,0.0,1.0,1.0,1.0,1.0,0.0,1.0,1.0,1.0,bn_11,27.0
28,1.0,0.0,0.0,1.0,1.0,1.0,1.0,0.0,1.0,1.0,1.0,bn_11,28.0
29,1.0,0.0,0.0,1.0,1.0,1.0,1.0,0.0,1.0,1.0,1.0,bn_11,29.0
30,0.49088699999999963,0.3132609999999999,0.6106430000000004,0.4571299999999997,0.46182699999999977,0.5103369999999997,0.5020109999999995,0.3217279999999999,0.5033869999999995,0.5574420000000003,0.4011089999999997,bn_15,0.0
31,0.4940649999999996,0.12449800000000004,0.801696,0.33892,0.3344109999999998,0.5889979999999997,0.5276499999999997,0.116744,0.5016079999999997,0.7193949999999998,0.30334099999999975,bn_15,1.0
32,0.5182550000000001,0.04353800000000001,0.9018900000000002,0.20849900000000007,0.20536199999999993,0.7243980000000002,0.623969,0.04270600000000001,0.553276,0.8575649999999999,0.215426,bn_15,2.0
33,0.5638939999999999,0.013839999999999998,0.9520239999999999,0.11696000000000004,0.114186,0.8345020000000004,0.729685,0.018203999999999998,0.628868,0.9311710000000003,0.13370000000000004,bn_15,3.0
34,0.6417549999999999,0.004653,0.9815379999999997,0.06165300000000001,0.057941,0.9067889999999995,0.8279859999999996,0.008129,0.7299309999999999,0.9686179999999995,0.08113099999999997,bn_15,4.0
35,0.7330920000000001,0.001684,0.9931050000000002,0.028339,0.026361000000000002,0.9490520000000006,0.8979240000000004,0.0030460000000000005,0.8218810000000004,0.9849920000000004,0.045709,bn_15,5.0
36,0.811541,0.0011719999999999999,0.9968649999999999,0.014650000000000002,0.011015,0.9757669999999999,0.9423339999999999,0.001114,0.892898,0.9927349999999999,0.020678999999999996,bn_15,6.0
37,0.8782040000000001,0.000238,0.9983430000000001,0.006054,0.005665,0.9901720000000002,0.9719770000000002,0.0005,0.9417850000000001,0.9974930000000001,0.009302999999999999,bn_15,7.0
38,0.9306999999999999,0.0,0.999265,0.00243,0.0035510000000000003,0.9973159999999999,0.9868509999999999,0.000282,0.9672609999999999,0.9995009999999998,0.003481,bn_15,8.0
39,0.961598,0.0,0.999501,0.000893,0.001981,0.998039,0.992139,0.0,0.982096,0.999713,0.00127,bn_15,9.0
40,0.978437,0.0,0.9995010000000001,0.0005,0.001217,0.9989910000000001,0.9959340000000001,0.0,0.9891690000000001,1.0000010000000001,0.00095,bn_15,10.0
41,0.984962,0.0,0.9995,0.0005,0.001,0.999131,0.997715,0.0,0.993313,1.0,0.0005,bn_15,11.0
42,0.9929509999999999,0.0,0.9994999999999999,0.0005,0.000825,0.999645,0.9986959999999999,0.0,0.997065,1.0,0.0005,bn_15,12.0
43,0.997582,0.0,0.999999,0.00040300000000000004,0.0004930000000000001,1.0,1.0,0.0,0.9988440000000001,1.0,0.0005,bn_15,13.0
44,0.999,0.0,1.0,0.0,0.0,1.0,1.0,0.0,0.9997330000000001,1.0,0.0005,bn_15,14.0
45,0.999,0.0,1.0,0.0,0.0,1.0,1.0,0.0,1.0,1.0,0.000203,bn_15,15.0
46,0.999652,0.0,1.0,0.0,0.0,1.0,1.0,0.0,1.0,1.0,0.0,bn_15,16.0
47,1.0,0.0,1.0,0.0,0.0,1.0,1.0,0.0,1.0,1.0,0.0,bn_15,17.0
48,1.0,0.0,1.0,0.0,0.0,1.0,1.0,0.0,1.0,1.0,0.0,bn_15,18.0
49,1.0,0.0,1.0,0.0,0.0,1.0,1.0,0.0,1.0,1.0,0.0,bn_15,19.0
50,1.0,0.0,1.0,0.0,0.0,1.0,1.0,0.0,1.0,1.0,0.0,bn_15,20.0
51,1.0,0.0,1.0,0.0,0.0,1.0,1.0,0.0,1.0,1.0,0.0,bn_15,21.0
52,1.0,0.0,1.0,0.0,0.0,1.0,1.0,0.0,1.0,1.0,0.0,bn_15,22.0
53,1.0,0.0,1.0,0.0,0.0,1.0,1.0,0.0,1.0,1.0,0.0,bn_15,23.0
54,1.0,0.0,1.0,0.0,0.0,1.0,1.0,0.0,1.0,1.0,0.0,bn_15,24.0
55,1.0,0.0,1.0,0.0,0.0,1.0,1.0,0.0,1.0,1.0,0.0,bn_15,25.0
56,1.0,0.0,1.0,0.0,0.0,1.0,1.0,0.0,1.0,1.0,0.0,bn_15,26.0
57,1.0,0.0,1.0,0.0,0.0,1.0,1.0,0.0,1.0,1.0,0.0,bn_15,27.0
58,1.0,0.0,1.0,0.0,0.0,1.0,1.0,0.0,1.0,1.0,0.0,bn_15,28.0
59,1.0,0.0,1.0,0.0,0.0,1.0,1.0,0.0,1.0,1.0,0.0,bn_15,29.0
60,0.4812439999999996,0.31134699999999954,0.6191169999999998,0.4631429999999996,0.4683199999999996,0.49023499999999975,0.4844209999999997,0.6892800000000003,0.48319399999999946,0.4571779999999998,0.4257109999999999,bn_14,0.0
61,0.47442399999999985,0.10781100000000007,0.8051660000000002,0.3421949999999998,0.3380540000000001,0.3984989999999999,0.45589599999999986,0.8863560000000004,0.4622250000000001,0.28332299999999977,0.3065039999999999,bn_14,1.0
62,0.4628180000000002,0.041304000000000014,0.9086870000000007,0.203277,0.200779,0.2777199999999999,0.37612500000000015,0.9552800000000002,0.43118799999999996,0.14861200000000005,0.2081949999999999,bn_14,2.0
63,0.4236749999999997,0.012534000000000002,0.9603420000000003,0.10755000000000002,0.11195100000000004,0.16919399999999998,0.27579299999999984,0.984554,0.3596659999999998,0.073464,0.12518,bn_14,3.0
64,0.355222,0.004999,0.9841679999999998,0.05678500000000002,0.05628400000000003,0.09584599999999999,0.17937899999999998,0.9950449999999996,0.270571,0.033689000000000004,0.06677300000000003,bn_14,4.0
65,0.274757,0.002659,0.994696,0.027485000000000002,0.028166,0.051245,0.11024,0.998711,0.18819899999999998,0.016334,0.03448299999999999,bn_14,5.0
66,0.19702299999999998,0.000858,0.9968859999999998,0.012647000000000002,0.011526999999999999,0.026013000000000005,0.06393000000000001,0.9993859999999999,0.118309,0.006052,0.018217,bn_14,6.0
67,0.12734,0.000427,0.9976109999999999,0.007526,0.006158,0.012248,0.035852,0.9999989999999999,0.07201500000000001,0.002148,0.008010999999999999,bn_14,7.0
68,0.078451,0.0,0.998985,0.003011,0.004636,0.007205,0.019298,1.0,0.04133100000000001,0.000808,0.005387,bn_14,8.0
69,0.048185,0.0,0.9998529999999999,0.0012479999999999998,0.002808,0.004205,0.009753000000000001,1.000001,0.02489,0.000268,0.0030859999999999998,bn_14,9.0
70,0.031176000000000002,0.0,1.000001,0.000166,0.001756,0.001119,0.004707,1.000001,0.013975,0.0,0.000676,bn_14,10.0
71,0.01715,0.0,0.999999,0.0,0.00067,0.001,0.003051,0.999999,0.007032,0.0,7.1e-05,bn_14,11.0
72,0.009101999999999999,0.0,1.0000010000000001,0.0,8.3e-05,0.00056,0.002184,1.0000010000000001,0.005214,0.0,0.0,bn_14,12.0
73,0.0048920000000000005,0.0,1.0,0.0,0.0,0.0,0.001142,1.0,0.002388,0.0,0.0,bn_14,13.0
74,0.002203,0.0,1.0,0.0,0.0,0.0,3.8e-05,1.0,0.00066,0.0,0.0,bn_14,14.0
75,0.001143,0.0,1.0,0.0,0.0,0.0,0.0,1.0,0.0005,0.0,0.0,bn_14,15.0
76,0.0005,0.0,1.0,0.0,0.0,0.0,0.0,1.0,0.000443,0.0,0.0,bn_14,16.0
77,0.000219,0.0,1.0,0.0,0.0,0.0,0.0,1.0,0.0,0.0,0.0,bn_14,17.0
78,0.0,0.0,1.0,0.0,0.0,0.0,0.0,1.0,0.0,0.0,0.0,bn_14,18.0
79,0.0,0.0,1.0,0.0,0.0,0.0,0.0,1.0,0.0,0.0,0.0,bn_14,19.0
80,0.0,0.0,1.0,0.0,0.0,0.0,0.0,1.0,0.0,0.0,0.0,bn_14,20.0
81,0.0,0.0,1.0,0.0,0.0,0.0,0.0,1.0,0.0,0.0,0.0,bn_14,21.0
82,0.0,0.0,1.0,0.0,0.0,0.0,0.0,1.0,0.0,0.0,0.0,bn_14,22.0
83,0.0,0.0,1.0,0.0,0.0,0.0,0.0,1.0,0.0,0.0,0.0,bn_14,23.0
84,0.0,0.0,1.0,0.0,0.0,0.0,0.0,1.0,0.0,0.0,0.0,bn_14,24.0
85,0.0,0.0,1.0,0.0,0.0,0.0,0.0,1.0,0.0,0.0,0.0,bn_14,25.0
86,0.0,0.0,1.0,0.0,0.0,0.0,0.0,1.0,0.0,0.0,0.0,bn_14,26.0
87,0.0,0.0,1.0,0.0,0.0,0.0,0.0,1.0,0.0,0.0,0.0,bn_14,27.0
88,0.0,0.0,1.0,0.0,0.0,0.0,0.0,1.0,0.0,0.0,0.0,bn_14,28.0
89,0.0,0.0,1.0,0.0,0.0,0.0,0.0,1.0,0.0,0.0,0.0,bn_14,29.0
90,0.5003010000000004,0.31900900000000015,0.627755,0.4678700000000003,0.4673190000000004,0.5014240000000006,0.5158280000000001,0.6821200000000004,0.5048360000000008,0.45600600000000036,0.5783960000000004,bn_6,0.0
91,0.5025429999999995,0.11785100000000003,0.8004239999999999,0.34374600000000005,0.340944,0.410216,0.4767350000000002,0.8871819999999994,0.5013449999999996,0.2760040000000002,0.5743380000000001,bn_6,1.0
92,0.4923229999999998,0.04308100000000001,0.8993070000000001,0.20962300000000003,0.20682999999999996,0.26809900000000003,0.37454000000000004,0.9565170000000001,0.44923899999999994,0.12963300000000003,0.4424960000000001,bn_6,2.0
93,0.4285019999999999,0.014359000000000002,0.9566469999999999,0.11929500000000004,0.12158600000000004,0.15440800000000002,0.26643699999999987,0.983422,0.35946399999999973,0.060992,0.3001769999999999,bn_6,3.0
94,0.35906099999999996,0.005385,0.983248,0.065062,0.060857999999999995,0.08716099999999999,0.16981200000000005,0.9926830000000001,0.265669,0.029129,0.19384399999999996,bn_6,4.0
95,0.26814000000000004,0.002337,0.9928930000000001,0.03186,0.027613000000000002,0.041044,0.09412999999999999,0.9968530000000002,0.18430600000000003,0.011289999999999998,0.11794399999999998,bn_6,5.0
96,0.190772,0.0008179999999999999,0.9974639999999999,0.012517,0.013397000000000001,0.022016999999999995,0.051911000000000006,0.9987139999999999,0.11240999999999998,0.004598,0.065521,bn_6,6.0
97,0.12389299999999999,6e-05,0.9990010000000001,0.006137,0.006354,0.012859,0.027687000000000007,0.9999280000000002,0.065342,0.003003,0.032575,bn_6,7.0
98,0.076959,0.0,0.9993950000000003,0.002146,0.00338,0.007416999999999999,0.015802,1.0000010000000001,0.033944999999999996,0.002444,0.013787000000000002,bn_6,8.0
99,0.041887,0.0,0.999499,0.000802,0.001528,0.003849,0.009757,0.999999,0.018126,0.00112,0.005525,bn_6,9.0
100,0.02253,0.0,0.9994989999999999,0.0005,0.000635,0.001947,0.0048400000000000006,0.999999,0.010728999999999999,0.000383,0.002167,bn_6,10.0
101,0.013247,0.0,0.999775,0.000499,0.00034,0.000702,0.002091,0.999999,0.0054800000000000005,0.0,0.0011300000000000001,bn_6,11.0
102,0.008569,0.0,0.999998,9.2e-05,0.0,0.0,0.001176,0.999998,0.002777,0.0,0.0006479999999999999,bn_6,12.0
103,0.0047020000000000005,0.0,1.0,0.0,0.0,0.0,0.00012,1.0,0.0018650000000000001,0.0,0.0,bn_6,13.0
104,0.002786,0.0,1.0,0.0,0.0,0.0,0.0,1.0,0.00138,0.0,0.0,bn_6,14.0
105,0.001519,0.0,1.0,0.0,0.0,0.0,0.0,1.0,0.000254,0.0,0.0,bn_6,15.0
106,0.000311,0.0,1.0,0.0,0.0,0.0,0.0,1.0,0.0,0.0,0.0,bn_6,16.0
107,0.0,0.0,1.0,0.0,0.0,0.0,0.0,1.0,0.0,0.0,0.0,bn_6,17.0
108,0.0,0.0,1.0,0.0,0.0,0.0,0.0,1.0,0.0,0.0,0.0,bn_6,18.0
109,0.0,0.0,1.0,0.0,0.0,0.0,0.0,1.0,0.0,0.0,0.0,bn_6,19.0
110,0.0,0.0,1.0,0.0,0.0,0.0,0.0,1.0,0.0,0.0,0.0,bn_6,20.0
111,0.0,0.0,1.0,0.0,0.0,0.0,0.0,1.0,0.0,0.0,0.0,bn_6,21.0
112,0.0,0.0,1.0,0.0,0.0,0.0,0.0,1.0,0.0,0.0,0.0,bn_6,22.0
113,0.0,0.0,1.0,0.0,0.0,0.0,0.0,1.0,0.0,0.0,0.0,bn_6,23.0
114,0.0,0.0,1.0,0.0,0.0,0.0,0.0,1.0,0.0,0.0,0.0,bn_6,24.0
115,0.0,0.0,1.0,0.0,0.0,0.0,0.0,1.0,0.0,0.0,0.0,bn_6,25.0
116,0.0,0.0,1.0,0.0,0.0,0.0,0.0,1.0,0.0,0.0,0.0,bn_6,26.0
117,0.0,0.0,1.0,0.0,0.0,0.0,0.0,1.0,0.0,0.0,0.0,bn_6,27.0
118,0.0,0.0,1.0,0.0,0.0,0.0,0.0,1.0,0.0,0.0,0.0,bn_6,28.0
119,0.0,0.0,1.0,0.0,0.0,0.0,0.0,1.0,0.0,0.0,0.0,bn_6,29.0
120,0.5013510000000008,0.6764920000000006,0.570252,0.4819790000000004,0.47440300000000074,0.5226150000000002,0.5115139999999997,0.30216100000000046,0.5027880000000002,0.5588570000000005,0.40081600000000045,bn_13,0.0
121,0.5093849999999996,0.8808660000000001,0.5875949999999995,0.4316649999999999,0.43139799999999995,0.6150529999999995,0.5456809999999996,0.104665,0.5152359999999996,0.7351630000000003,0.3225619999999997,bn_13,1.0
122,0.5330449999999998,0.9565080000000002,0.5464079999999999,0.44174200000000013,0.42852399999999996,0.745891,0.6451660000000001,0.03808099999999999,0.5735849999999998,0.8648010000000002,0.316203,bn_13,2.0
123,0.5893849999999997,0.9808439999999998,0.48918999999999996,0.4772119999999998,0.4662459999999999,0.8487140000000003,0.7481279999999999,0.017378,0.660819,0.931936,0.3510749999999999,bn_13,3.0
124,0.6684940000000001,0.9919380000000003,0.41485800000000006,0.5283010000000002,0.5207150000000001,0.920657,0.8309919999999998,0.004743,0.7465899999999999,0.9713130000000002,0.4028360000000001,bn_13,4.0
125,0.7442519999999999,0.9962709999999995,0.3376850000000001,0.5900689999999996,0.5920909999999997,0.9581859999999996,0.8959189999999998,0.0015630000000000002,0.8257499999999999,0.9893399999999997,0.463712,bn_13,5.0
126,0.8190120000000002,0.9994560000000003,0.26196699999999995,0.663548,0.6669570000000002,0.9796040000000003,0.9438050000000001,0.001328,0.8888300000000001,0.9942890000000003,0.5342400000000002,bn_13,6.0
127,0.8798790000000002,1.0000040000000001,0.185932,0.7400950000000002,0.7432150000000002,0.9917480000000001,0.9720700000000002,0.001,0.9334290000000001,0.9978450000000001,0.6136350000000002,bn_13,7.0
128,0.926612,0.999999,0.12584399999999998,0.8087239999999999,0.8121700000000002,0.9959199999999999,0.9891439999999999,0.000731,0.963588,0.9987309999999999,0.697328,bn_13,8.0
129,0.9580279999999999,0.9999989999999999,0.08205399999999999,0.8671869999999998,0.8696209999999999,0.998898,0.9958989999999999,0.0,0.9812119999999999,0.9989999999999999,0.7627029999999999,bn_13,9.0
130,0.9761439999999999,0.999998,0.048552000000000005,0.916223,0.9150159999999998,0.9991739999999999,0.9981439999999999,0.0,0.9918770000000001,0.9996599999999999,0.82677,bn_13,10.0
131,0.985014,1.000001,0.028954999999999998,0.9489979999999999,0.9429679999999999,0.9998520000000001,0.9993500000000001,0.0,0.9966430000000001,1.000001,0.881876,bn_13,11.0
132,0.99293,1.0,0.017104,0.9679329999999999,0.963975,1.0,0.999946,0.0,0.998872,1.0,0.9226,bn_13,12.0
133,0.997127,1.0,0.008264,0.981016,0.9806849999999999,1.0,1.0,0.0,0.9994999999999999,1.0,0.95478,bn_13,13.0
134,0.998278,0.999999,0.005276,0.9886199999999999,0.989132,0.999999,0.999999,0.0,0.999999,0.999999,0.974039,bn_13,14.0
135,0.9993190000000001,0.9999990000000001,0.001698,0.99438,0.994139,0.9999990000000001,0.9999990000000001,0.0,0.9999990000000001,0.9999990000000001,0.985662,bn_13,15.0
136,0.99997,1.000001,0.0005,0.9974190000000001,0.997528,1.000001,1.000001,0.0,1.000001,1.000001,0.991696,bn_13,16.0
137,1.0,1.0,0.0005,0.999483,0.999213,1.0,1.0,0.0,1.0,1.0,0.995339,bn_13,17.0
138,1.0,1.0,0.000272,0.9994999999999999,0.9994999999999999,1.0,1.0,0.0,1.0,1.0,0.998158,bn_13,18.0
139,1.0,1.0,0.0,0.999869,0.9994999999999999,1.0,1.0,0.0,1.0,1.0,0.999,bn_13,19.0
140,0.999999,0.999999,0.0,0.999999,0.999782,0.999999,0.999999,0.0,0.999999,0.999999,0.999061,bn_13,20.0
141,1.0,1.0,0.0,1.0,1.0,1.0,1.0,0.0,1.0,1.0,0.9995,bn_13,21.0
142,1.0,1.0,0.0,1.0,1.0,1.0,1.0,0.0,1.0,1.0,0.9995,bn_13,22.0
143,1.0,1.0,0.0,1.0,1.0,1.0,1.0,0.0,1.0,1.0,0.999599,bn_13,23.0
144,1.0,1.0,0.0,1.0,1.0,1.0,1.0,0.0,1.0,1.0,1.0,bn_13,24.0
145,1.0,1.0,0.0,1.0,1.0,1.0,1.0,0.0,1.0,1.0,1.0,bn_13,25.0
146,1.0,1.0,0.0,1.0,1.0,1.0,1.0,0.0,1.0,1.0,1.0,bn_13,26.0
147,1.0,1.0,0.0,1.0,1.0,1.0,1.0,0.0,1.0,1.0,1.0,bn_13,27.0
148,1.0,1.0,0.0,1.0,1.0,1.0,1.0,0.0,1.0,1.0,1.0,bn_13,28.0
149,1.0,1.0,0.0,1.0,1.0,1.0,1.0,0.0,1.0,1.0,1.0,bn_13,29.0
150,0.4875389999999999,0.3226300000000001,0.44129499999999994,0.5279360000000001,0.5091500000000003,0.5080190000000001,0.5280760000000001,0.32915399999999984,0.5040389999999999,0.5512189999999997,0.5639639999999996,bn_3,0.0
151,0.5027140000000003,0.12735599999999997,0.4322940000000001,0.5542070000000002,0.5415190000000006,0.591249,0.5581699999999999,0.12356800000000001,0.5355500000000001,0.7168539999999999,0.6588850000000003,bn_3,1.0
152,0.52758,0.048198000000000005,0.44385000000000013,0.5553590000000006,0.5562580000000005,0.727273,0.6237830000000002,0.042393000000000014,0.5621130000000003,0.8584050000000002,0.6599060000000003,bn_3,2.0
153,0.5701149999999998,0.01988,0.4367789999999999,0.5610900000000001,0.5599979999999999,0.8436320000000004,0.7411570000000003,0.014497,0.6341090000000001,0.9318400000000001,0.653501,bn_3,3.0
154,0.6431099999999995,0.006327,0.407641,0.5746639999999997,0.577923,0.9134189999999999,0.8269219999999999,0.005695,0.7259379999999999,0.9697359999999998,0.647333,bn_3,4.0
155,0.7332280000000001,0.001129,0.34467700000000007,0.6092000000000001,0.6097569999999998,0.955754,0.898009,0.002578,0.8158690000000002,0.985357,0.6492070000000001,bn_3,5.0
156,0.81089,0.000507,0.2687059999999999,0.6730510000000001,0.6695560000000003,0.977547,0.9397430000000001,0.0010170000000000001,0.8822610000000002,0.9938550000000002,0.6831010000000004,bn_3,6.0
157,0.8764070000000002,0.0,0.18990699999999996,0.7448670000000002,0.7428190000000001,0.9903790000000002,0.9641350000000002,0.000529,0.9281990000000001,0.9970390000000003,0.7354940000000002,bn_3,7.0
158,0.920763,0.0,0.12983399999999995,0.8100660000000001,0.8091440000000001,0.9954350000000002,0.9817890000000001,8.2e-05,0.957635,0.9994700000000002,0.7922890000000001,bn_3,8.0
159,0.95125,0.0,0.087273,0.8659530000000001,0.8656269999999999,0.9989540000000001,0.9909180000000001,0.0,0.9762560000000001,1.0,0.8471520000000001,bn_3,9.0
160,0.9714630000000001,0.0,0.056642,0.908261,0.908463,0.999998,0.997351,0.0,0.988648,0.999998,0.89048,bn_3,10.0
161,0.984364,0.0,0.034949999999999995,0.9388690000000001,0.937441,1.0000010000000001,0.999388,0.0,0.9962900000000001,1.0000010000000001,0.9235669999999999,bn_3,11.0
162,0.9940379999999996,0.0,0.019631999999999997,0.9613819999999998,0.9635419999999998,0.9999999999999996,0.9999789999999995,0.0,0.9988379999999996,0.9999999999999996,0.9523499999999998,bn_3,12.0
163,0.998182,0.0,0.009491,0.977008,0.976019,1.0,1.0,0.0,1.0,1.0,0.972025,bn_3,13.0
164,0.9997860000000001,0.0,0.004514000000000001,0.9873270000000001,0.9873630000000001,0.999998,0.999998,0.0,0.999998,0.999998,0.984647,bn_3,14.0
165,1.0,0.0,0.002858,0.993014,0.9935229999999999,1.0,1.0,0.0,1.0,1.0,0.9912179999999999,bn_3,15.0
166,1.000001,0.0,0.001255,0.9966039999999999,0.9963759999999999,1.000001,1.000001,0.0,1.000001,1.000001,0.99368,bn_3,16.0
167,1.000001,0.0,1.4e-05,0.9983409999999999,0.999219,1.000001,1.000001,0.0,1.000001,1.000001,0.995431,bn_3,17.0
168,0.999999,0.0,0.0,0.9997349999999999,0.9994999999999999,0.999999,0.999999,0.0,0.999999,0.999999,0.998043,bn_3,18.0
169,1.0,0.0,0.0,1.0,0.999737,1.0,1.0,0.0,1.0,1.0,0.999,bn_3,19.0
170,1.0,0.0,0.0,1.0,1.0,1.0,1.0,0.0,1.0,1.0,0.999581,bn_3,20.0
171,1.0,0.0,0.0,1.0,1.0,1.0,1.0,0.0,1.0,1.0,1.0,bn_3,21.0
172,1.0,0.0,0.0,1.0,1.0,1.0,1.0,0.0,1.0,1.0,1.0,bn_3,22.0
173,1.0,0.0,0.0,1.0,1.0,1.0,1.0,0.0,1.0,1.0,1.0,bn_3,23.0
174,1.0,0.0,0.0,1.0,1.0,1.0,1.0,0.0,1.0,1.0,1.0,bn_3,24.0
175,1.0,0.0,0.0,1.0,1.0,1.0,1.0,0.0,1.0,1.0,1.0,bn_3,25.0
176,1.0,0.0,0.0,1.0,1.0,1.0,1.0,0.0,1.0,1.0,1.0,bn_3,26.0
177,1.0,0.0,0.0,1.0,1.0,1.0,1.0,0.0,1.0,1.0,1.0,bn_3,27.0
178,1.0,0.0,0.0,1.0,1.0,1.0,1.0,0.0,1.0,1.0,1.0,bn_3,28.0
179,1.0,0.0,0.0,1.0,1.0,1.0,1.0,0.0,1.0,1.0,1.0,bn_3,29.0
180,0.5079710000000001,0.6878639999999999,0.5489050000000002,0.49669299999999955,0.4761079999999998,0.4996589999999997,0.5192990000000001,0.3272179999999998,0.520446,0.5513689999999999,0.5841290000000001,bn_5,0.0
181,0.5147869999999994,0.889008,0.5727169999999993,0.4581059999999996,0.44160599999999967,0.5762379999999995,0.5311679999999999,0.12892499999999998,0.5182789999999998,0.7045629999999996,0.6175529999999999,bn_5,1.0
182,0.5290840000000002,0.9582709999999999,0.5405169999999999,0.44564100000000006,0.447302,0.7055269999999999,0.6056820000000004,0.045887,0.5527930000000006,0.8394269999999995,0.585014,bn_5,2.0
183,0.5617369999999999,0.9847700000000001,0.4892590000000001,0.46931400000000023,0.469766,0.8239280000000003,0.715067,0.020124,0.6230409999999998,0.9187700000000004,0.547244,bn_5,3.0
184,0.6291349999999999,0.9949929999999999,0.42573200000000017,0.5214210000000002,0.512674,0.9038669999999998,0.8239960000000001,0.006601999999999999,0.7228669999999998,0.9642509999999999,0.561078,bn_5,4.0
185,0.7219359999999999,0.9991210000000003,0.352436,0.5789550000000001,0.574853,0.9539340000000003,0.8950730000000001,0.001464,0.81944,0.9862830000000002,0.6010080000000001,bn_5,5.0
186,0.806573,0.999799,0.27355999999999997,0.6456230000000001,0.641636,0.9796219999999999,0.939994,0.000631,0.8851699999999999,0.994277,0.646647,bn_5,6.0
187,0.8735610000000001,1.000002,0.19584999999999997,0.7180130000000001,0.7155680000000002,0.989617,0.9675840000000001,1.3e-05,0.930292,0.9974670000000002,0.7159010000000001,bn_5,7.0
188,0.9242909999999999,1.0000019999999998,0.13503100000000004,0.794576,0.796167,0.9949019999999997,0.9836579999999998,0.0,0.9634469999999999,0.9981569999999997,0.7812409999999997,bn_5,8.0
189,0.9559820000000001,0.9999990000000001,0.09046,0.8536379999999999,0.8595090000000001,0.9971209999999999,0.9906039999999999,0.0,0.9783489999999999,0.998894,0.8324980000000001,bn_5,9.0
190,0.9749909999999999,1.000001,0.05007,0.9097309999999998,0.9044369999999999,0.9977099999999999,0.9948169999999998,0.0,0.98809,0.9994099999999999,0.8856069999999999,bn_5,10.0
191,0.987091,0.9999990000000001,0.030023,0.945455,0.939718,0.998618,0.996658,0.0,0.994114,0.9999990000000001,0.929092,bn_5,11.0
192,0.993282,0.9999979999999999,0.016271,0.964714,0.96479,0.9994730000000001,0.997945,0.0,0.995898,0.9999979999999999,0.953185,bn_5,12.0
193,0.995155,0.9999979999999999,0.008795,0.978304,0.978443,0.999593,0.9989979999999999,0.0,0.9980209999999999,0.9999979999999999,0.971894,bn_5,13.0
194,0.997602,0.999999,0.005206,0.987154,0.988002,0.999999,0.999172,0.0,0.998963,0.999999,0.982379,bn_5,14.0
195,0.998499,0.9999990000000001,0.0022429999999999998,0.9945350000000001,0.99268,0.9999990000000001,0.999758,0.0,0.9989990000000001,0.9999990000000001,0.989318,bn_5,15.0
196,0.998973,0.999999,0.001471,0.997537,0.996402,0.999999,0.999999,0.0,0.999444,0.999999,0.994713,bn_5,16.0
197,0.9996229999999999,1.0,0.000513,0.998776,0.99832,1.0,1.0,0.0,0.999972,1.0,0.9974419999999999,bn_5,17.0
198,1.0,1.0,0.0,0.999,0.999411,1.0,1.0,0.0,1.0,1.0,0.998982,bn_5,18.0
199,0.999999,0.999999,0.0,0.999157,0.9994989999999999,0.999999,0.999999,0.0,0.999999,0.999999,0.999419,bn_5,19.0
200,1.0,1.0,0.0,0.999834,0.999549,1.0,1.0,0.0,1.0,1.0,0.9995,bn_5,20.0
201,1.0,1.0,0.0,1.0,1.0,1.0,1.0,0.0,1.0,1.0,0.999559,bn_5,21.0
202,1.0,1.0,0.0,1.0,1.0,1.0,1.0,0.0,1.0,1.0,1.0,bn_5,22.0
203,1.0,1.0,0.0,1.0,1.0,1.0,1.0,0.0,1.0,1.0,1.0,bn_5,23.0
204,1.0,1.0,0.0,1.0,1.0,1.0,1.0,0.0,1.0,1.0,1.0,bn_5,24.0
205,1.0,1.0,0.0,1.0,1.0,1.0,1.0,0.0,1.0,1.0,1.0,bn_5,25.0
206,1.0,1.0,0.0,1.0,1.0,1.0,1.0,0.0,1.0,1.0,1.0,bn_5,26.0
207,1.0,1.0,0.0,1.0,1.0,1.0,1.0,0.0,1.0,1.0,1.0,bn_5,27.0
208,1.0,1.0,0.0,1.0,1.0,1.0,1.0,0.0,1.0,1.0,1.0,bn_5,28.0
209,1.0,1.0,0.0,1.0,1.0,1.0,1.0,0.0,1.0,1.0,1.0,bn_5,29.0
210,0.511475,0.3169770000000002,0.4283240000000003,0.5205900000000001,0.5259580000000006,0.5003089999999997,0.517815,0.6869590000000007,0.5064779999999999,0.4539739999999997,0.4105010000000002,bn_8,0.0
211,0.5088720000000004,0.12225100000000007,0.4089310000000002,0.5599710000000003,0.5700970000000005,0.411209,0.4806550000000002,0.8909369999999996,0.5011960000000003,0.2797230000000003,0.38412400000000035,bn_8,1.0
212,0.48818999999999996,0.04602899999999999,0.44440799999999964,0.5695000000000005,0.5716680000000006,0.26983099999999993,0.38389499999999976,0.9594350000000004,0.45788199999999984,0.13846299999999997,0.41842799999999974,bn_8,2.0
213,0.437042,0.016930999999999998,0.4959249999999997,0.5398799999999996,0.5460889999999999,0.15103900000000003,0.26698,0.9846049999999998,0.3674279999999999,0.06788499999999997,0.44642099999999973,bn_8,3.0
214,0.358545,0.007163,0.5652659999999998,0.490249,0.4987139999999999,0.08132199999999998,0.16470900000000005,0.9939879999999995,0.2609970000000001,0.030337999999999997,0.43954000000000004,bn_8,4.0
215,0.26617700000000005,0.0031669999999999997,0.644432,0.43174000000000007,0.43412100000000003,0.045935,0.09731000000000001,0.998979,0.17575599999999997,0.013744999999999999,0.417253,bn_8,5.0
216,0.19116199999999997,0.001093,0.7316720000000001,0.35110199999999997,0.35394699999999996,0.021395,0.055368,0.9990410000000002,0.11345000000000001,0.005138,0.360993,bn_8,6.0
217,0.11992499999999999,0.0,0.812165,0.266959,0.271986,0.009106,0.027013,0.999606,0.065176,0.002556,0.28421599999999997,bn_8,7.0
218,0.072562,0.0,0.878333,0.18713000000000002,0.19757200000000003,0.002762,0.014205999999999998,0.9999990000000002,0.03861,0.001229,0.21405900000000003,bn_8,8.0
219,0.043736,0.0,0.9229640000000001,0.12629200000000002,0.133909,0.001799,0.008006000000000001,1.000002,0.021673,0.000462,0.15248699999999998,bn_8,9.0
220,0.026303,0.0,0.951287,0.08659599999999999,0.08725999999999999,0.001206,0.004458999999999999,0.999998,0.010431000000000001,0.0,0.10122499999999998,bn_8,10.0
221,0.015470000000000001,0.0,0.969214,0.05634,0.060237,0.0005,0.002326,1.0000019999999998,0.005578000000000001,0.0,0.063898,bn_8,11.0
222,0.009739,0.0,0.981676,0.036154,0.035979,6.1e-05,0.000558,1.0,0.002461,0.0,0.041205,bn_8,12.0
223,0.003292,0.0,0.98947,0.023143000000000004,0.019864000000000003,0.0,0.0,0.999997,0.00085,0.0,0.027153,bn_8,13.0
224,0.0015,0.0,0.9939410000000001,0.014865999999999999,0.011068000000000001,0.0,0.0,1.0,0.0005,0.0,0.017105000000000002,bn_8,14.0
225,0.0015,0.0,0.996767,0.00847,0.005805,0.0,0.0,1.000001,0.0005,0.0,0.009605,bn_8,15.0
226,0.0007999999999999999,0.0,0.99759,0.005594,0.0038569999999999998,0.0,0.0,1.0,0.000336,0.0,0.0060539999999999995,bn_8,16.0
227,0.0005,0.0,0.998333,0.0030110000000000002,0.002642,0.0,0.0,0.999999,0.0,0.0,0.0042179999999999995,bn_8,17.0
228,0.0005,0.0,0.998791,0.001471,0.002107,0.0,0.0,1.0,0.0,0.0,0.001677,bn_8,18.0
229,2.5e-05,0.0,0.9994999999999999,0.001,0.0018930000000000002,0.0,0.0,1.0,0.0,0.0,0.0015000000000000002,bn_8,19.0
230,0.0,0.0,0.9995,0.000532,0.001042,0.0,0.0,1.0,0.0,0.0,0.0015,bn_8,20.0
231,0.0,0.0,0.9995,0.0005,0.0005,0.0,0.0,1.0,0.0,0.0,0.000628,bn_8,21.0
232,0.0,0.0,0.9995,0.0005,0.0005,0.0,0.0,1.0,0.0,0.0,0.0005,bn_8,22.0
233,0.0,0.0,0.999758,0.0005,0.000295,0.0,0.0,1.0,0.0,0.0,0.0005,bn_8,23.0
234,0.0,0.0,1.0,0.0001,0.0,0.0,0.0,1.0,0.0,0.0,0.00013000000000000002,bn_8,24.0
235,0.0,0.0,1.0,0.0,0.0,0.0,0.0,1.0,0.0,0.0,0.0,bn_8,25.0
236,0.0,0.0,1.0,0.0,0.0,0.0,0.0,1.0,0.0,0.0,0.0,bn_8,26.0
237,0.0,0.0,1.0,0.0,0.0,0.0,0.0,1.0,0.0,0.0,0.0,bn_8,27.0
238,0.0,0.0,1.0,0.0,0.0,0.0,0.0,1.0,0.0,0.0,0.0,bn_8,28.0
239,0.0,0.0,1.0,0.0,0.0,0.0,0.0,1.0,0.0,0.0,0.0,bn_8,29.0
240,0.503781,0.6844519999999996,0.40228000000000014,0.5182520000000005,0.5234520000000003,0.4938590000000003,0.49071400000000037,0.3260920000000007,0.5084640000000002,0.5531400000000002,0.5937330000000001,bn_1,0.0
241,0.4945369999999994,0.8857550000000001,0.19546000000000016,0.652234,0.6571069999999999,0.5871299999999998,0.5126629999999994,0.12405799999999999,0.49835599999999936,0.7131469999999999,0.7037500000000004,bn_1,1.0
242,0.509542,0.9595600000000003,0.09247699999999995,0.7842080000000002,0.7859410000000003,0.7167680000000004,0.6158910000000002,0.043500000000000004,0.534714,0.8434880000000001,0.7966910000000003,bn_1,2.0
243,0.5544820000000003,0.9847330000000001,0.038491000000000004,0.8799249999999998,0.882754,0.8277379999999999,0.727444,0.015003,0.6218589999999999,0.9272050000000002,0.8769109999999999,bn_1,3.0
244,0.6355460000000002,0.9937420000000003,0.017941000000000006,0.9385319999999999,0.9402570000000002,0.9030480000000003,0.8206619999999999,0.005255,0.7246070000000001,0.9664380000000002,0.9334780000000003,bn_1,4.0
245,0.7254339999999999,0.9978639999999999,0.010058999999999998,0.9712109999999999,0.9646979999999999,0.945227,0.894562,0.001481,0.817356,0.9830420000000001,0.961529,bn_1,5.0
246,0.806471,0.9997520000000001,0.004671,0.9831010000000001,0.982746,0.9729140000000002,0.9413560000000002,0.000429,0.8843370000000002,0.9924520000000001,0.9811610000000001,bn_1,6.0
247,0.873825,0.999998,0.002091,0.9913489999999999,0.9917710000000001,0.98656,0.966166,0.0,0.925512,0.997453,0.989538,bn_1,7.0
248,0.9199320000000001,1.0,0.000321,0.9956619999999999,0.9956900000000002,0.9943640000000001,0.9801760000000002,0.0,0.9561720000000001,0.9996480000000001,0.994352,bn_1,8.0
249,0.952325,1.000001,0.0,0.998434,0.997711,0.998179,0.990897,0.0,0.975245,1.000001,0.997467,bn_1,9.0
250,0.9725280000000001,1.0,0.0,0.999546,0.999461,0.9991800000000001,0.9955160000000001,0.0,0.9870070000000001,1.0,0.999583,bn_1,10.0
251,0.982767,0.999999,0.0,0.999999,0.999999,0.9994989999999999,0.997663,0.0,0.9938079999999999,0.999999,0.999999,bn_1,11.0
252,0.989849,0.999999,0.0,0.999999,0.999999,0.999907,0.998865,0.0,0.99617,0.999999,0.999999,bn_1,12.0
253,0.994296,1.0,0.0,1.0,1.0,1.0,0.9994999999999999,0.0,0.997791,1.0,1.0,bn_1,13.0
254,0.997373,1.0,0.0,1.0,1.0,1.0,0.9994999999999999,0.0,0.998699,1.0,1.0,bn_1,14.0
255,0.999065,1.0,0.0,1.0,1.0,1.0,0.9994999999999999,0.0,0.9994999999999999,1.0,1.0,bn_1,15.0
256,0.9995,1.0,0.0,1.0,1.0,1.0,0.9998640000000001,0.0,0.9995,1.0,1.0,bn_1,16.0
257,0.9995,1.0,0.0,1.0,1.0,1.0,1.0,0.0,0.999828,1.0,1.0,bn_1,17.0
258,0.999827,1.0,0.0,1.0,1.0,1.0,1.0,0.0,1.0,1.0,1.0,bn_1,18.0
259,1.0,1.0,0.0,1.0,1.0,1.0,1.0,0.0,1.0,1.0,1.0,bn_1,19.0
260,1.0,1.0,0.0,1.0,1.0,1.0,1.0,0.0,1.0,1.0,1.0,bn_1,20.0
261,1.0,1.0,0.0,1.0,1.0,1.0,1.0,0.0,1.0,1.0,1.0,bn_1,21.0
262,1.0,1.0,0.0,1.0,1.0,1.0,1.0,0.0,1.0,1.0,1.0,bn_1,22.0
263,1.0,1.0,0.0,1.0,1.0,1.0,1.0,0.0,1.0,1.0,1.0,bn_1,23.0
264,1.0,1.0,0.0,1.0,1.0,1.0,1.0,0.0,1.0,1.0,1.0,bn_1,24.0
265,1.0,1.0,0.0,1.0,1.0,1.0,1.0,0.0,1.0,1.0,1.0,bn_1,25.0
266,1.0,1.0,0.0,1.0,1.0,1.0,1.0,0.0,1.0,1.0,1.0,bn_1,26.0
267,1.0,1.0,0.0,1.0,1.0,1.0,1.0,0.0,1.0,1.0,1.0,bn_1,27.0
268,1.0,1.0,0.0,1.0,1.0,1.0,1.0,0.0,1.0,1.0,1.0,bn_1,28.0
269,1.0,1.0,0.0,1.0,1.0,1.0,1.0,0.0,1.0,1.0,1.0,bn_1,29.0
270,0.5179119999999998,0.6966420000000005,0.5615459999999995,0.47188999999999925,0.4879329999999998,0.48963799999999974,0.49730299999999983,0.6785840000000004,0.518894999999999,0.4522029999999998,0.41638899999999995,bn_12,0.0
271,0.5110970000000001,0.8867239999999995,0.5815110000000003,0.43748600000000015,0.4507709999999997,0.40151499999999996,0.4697090000000001,0.882061,0.5081000000000001,0.292225,0.345407,bn_12,1.0
272,0.495966,0.958147,0.5463089999999994,0.4371499999999999,0.4466429999999997,0.2725449999999999,0.383444,0.9583959999999997,0.4528970000000001,0.14947399999999997,0.32690999999999987,bn_12,2.0
273,0.4408790000000001,0.9848459999999997,0.5474259999999999,0.4561929999999999,0.45148599999999983,0.15880300000000003,0.274824,0.9866449999999998,0.36654299999999995,0.067431,0.3458679999999999,bn_12,3.0
274,0.35323799999999983,0.9938729999999999,0.590826,0.43895699999999993,0.44863099999999984,0.08539200000000005,0.16855499999999993,0.996103,0.26713699999999996,0.02833,0.36424099999999976,bn_12,4.0
275,0.263967,0.9988979999999998,0.659153,0.39220000000000005,0.404554,0.04226100000000001,0.09830100000000004,0.9992869999999997,0.180417,0.011628999999999999,0.35245899999999997,bn_12,5.0
276,0.17656399999999997,0.999726,0.7409990000000002,0.33117099999999994,0.336258,0.021207000000000007,0.04936299999999999,0.9994980000000001,0.106308,0.004476,0.320033,bn_12,6.0
277,0.11408199999999998,1.000003,0.813881,0.26187000000000005,0.26587900000000003,0.010306000000000001,0.024007999999999998,0.999503,0.059008000000000005,0.002729,0.270525,bn_12,7.0
278,0.062776,1.0000019999999998,0.878188,0.18993900000000002,0.187858,0.005239,0.01335,0.9995019999999998,0.03354399999999999,0.000576,0.206552,bn_12,8.0
279,0.035981000000000006,0.999998,0.9240149999999999,0.12764099999999998,0.12873199999999999,0.002034,0.007869,0.999873,0.018867999999999996,0.000415,0.152061,bn_12,9.0
280,0.022923,0.999999,0.949922,0.086551,0.08874,0.001028,0.005078,0.999999,0.011139999999999999,0.0,0.108297,bn_12,10.0
281,0.013019,1.0,0.969546,0.05783800000000001,0.05558,0.000927,0.002809,1.0,0.006705,0.0,0.072187,bn_12,11.0
282,0.007852,0.9999989999999999,0.982083,0.0358,0.036559,0.0005,0.0017400000000000002,0.9999989999999999,0.0044080000000000005,0.0,0.051231000000000006,bn_12,12.0
283,0.005535999999999999,1.000001,0.989014,0.022833999999999997,0.023036,0.000137,0.0007459999999999999,1.000001,0.0027549999999999996,0.0,0.034326,bn_12,13.0
284,0.003712,0.999999,0.993154,0.014556,0.013928,0.0,0.000492,0.999999,0.000833,0.0,0.019545,bn_12,14.0
285,0.002293,1.0,0.995962,0.007365,0.007018000000000001,0.0,0.0,1.0,0.0005,0.0,0.00736,bn_12,15.0
286,0.0009170000000000001,1.0,0.997617,0.003677,0.004117,0.0,0.0,1.0,7.7e-05,0.0,0.0047550000000000005,bn_12,16.0
287,0.0,0.9999990000000001,0.999792,0.002352,0.0015450000000000001,0.0,0.0,0.9999990000000001,0.0,0.0,0.003237,bn_12,17.0
288,0.0,1.0000010000000001,1.0000010000000001,0.000775,0.0007559999999999999,0.0,0.0,1.0000010000000001,0.0,0.0,0.001181,bn_12,18.0
289,0.0,1.0,1.0,0.000201,9e-06,0.0,0.0,1.0,0.0,0.0,0.000419,bn_12,19.0
290,0.0,1.0,1.0,0.0,0.0,0.0,0.0,1.0,0.0,0.0,0.0,bn_12,20.0
291,0.0,1.0,1.0,0.0,0.0,0.0,0.0,1.0,0.0,0.0,0.0,bn_12,21.0
292,0.0,1.0,1.0,0.0,0.0,0.0,0.0,1.0,0.0,0.0,0.0,bn_12,22.0
293,0.0,1.0,1.0,0.0,0.0,0.0,0.0,1.0,0.0,0.0,0.0,bn_12,23.0
294,0.0,1.0,1.0,0.0,0.0,0.0,0.0,1.0,0.0,0.0,0.0,bn_12,24.0
295,0.0,1.0,1.0,0.0,0.0,0.0,0.0,1.0,0.0,0.0,0.0,bn_12,25.0
296,0.0,1.0,1.0,0.0,0.0,0.0,0.0,1.0,0.0,0.0,0.0,bn_12,26.0
297,0.0,1.0,1.0,0.0,0.0,0.0,0.0,1.0,0.0,0.0,0.0,bn_12,27.0
298,0.0,1.0,1.0,0.0,0.0,0.0,0.0,1.0,0.0,0.0,0.0,bn_12,28.0
299,0.0,1.0,1.0,0.0,0.0,0.0,0.0,1.0,0.0,0.0,0.0,bn_12,29.0
300,0.5009459999999999,0.68001,0.5725899999999999,0.4816720000000001,0.480412,0.4867580000000006,0.5052660000000003,0.6850989999999995,0.49902200000000035,0.4317280000000002,0.5765189999999989,bn_4,0.0
301,0.49871000000000015,0.8838470000000005,0.5846310000000005,0.44591800000000004,0.43219500000000005,0.3902270000000001,0.45610600000000007,0.8905780000000006,0.48239999999999994,0.2709809999999999,0.6056130000000004,bn_4,1.0
302,0.473727,0.9558309999999997,0.5684599999999995,0.44427899999999987,0.420219,0.261735,0.364113,0.959115,0.4285579999999999,0.13319999999999996,0.5754769999999995,bn_4,2.0
303,0.4224199999999999,0.9873329999999998,0.5616220000000004,0.440404,0.4295509999999999,0.15106799999999998,0.25520000000000004,0.9864979999999999,0.3455359999999998,0.06301600000000002,0.5373870000000003,bn_4,3.0
304,0.34270600000000007,0.996048,0.6005340000000003,0.42171000000000003,0.42538499999999996,0.07873799999999999,0.15602100000000002,0.9948770000000001,0.24949000000000005,0.028937,0.513519,bn_4,4.0
305,0.256699,0.9982329999999999,0.6638750000000001,0.38660300000000003,0.383423,0.035351999999999995,0.08501700000000001,0.997389,0.165357,0.011463000000000001,0.487985,bn_4,5.0
306,0.181099,0.9994200000000001,0.7376689999999998,0.334,0.325468,0.017279000000000003,0.04055299999999999,0.9981970000000001,0.09878799999999999,0.005428,0.44559600000000005,bn_4,6.0
307,0.111101,0.9999730000000003,0.817826,0.26314699999999996,0.25332499999999997,0.0094,0.021516,0.9992310000000002,0.05408800000000001,0.0020900000000000003,0.38059,bn_4,7.0
308,0.06589300000000001,1.000002,0.879185,0.18948699999999993,0.18582899999999994,0.0028339999999999997,0.011085,0.9999359999999999,0.031249000000000002,0.000609,0.307466,bn_4,8.0
309,0.03900700000000001,1.0000019999999998,0.9239849999999997,0.12762500000000002,0.127823,0.0013160000000000001,0.005502999999999999,1.0000019999999998,0.016122,0.000351,0.22892699999999996,bn_4,9.0
310,0.022014000000000006,1.0,0.953861,0.085469,0.086864,0.000505,0.0036460000000000004,1.0,0.008409000000000002,0.0,0.163862,bn_4,10.0
311,0.012695999999999999,1.0,0.974391,0.052639,0.058715,0.0,0.00201,1.0,0.004401,0.0,0.117279,bn_4,11.0
312,0.006795,0.999999,0.986949,0.029832000000000004,0.031395,0.0,0.000955,0.999999,0.002339,0.0,0.079024,bn_4,12.0
313,0.00339,1.0,0.9930990000000001,0.016861,0.017323,0.0,0.000228,1.0,0.001201,0.0,0.04804699999999999,bn_4,13.0
314,0.001395,1.0,0.996838,0.007905,0.009571,0.0,0.0,1.0,0.0,0.0,0.027635999999999997,bn_4,14.0
315,3e-06,1.0,0.999067,0.0041340000000000005,0.0048330000000000005,0.0,0.0,1.0,0.0,0.0,0.014445999999999999,bn_4,15.0
316,0.0,1.000001,0.999864,0.002539,0.001142,0.0,0.0,1.000001,0.0,0.0,0.007507,bn_4,16.0
317,0.0,1.0000010000000001,1.0000010000000001,0.001166,0.0,0.0,0.0,1.0000010000000001,0.0,0.0,0.0031190000000000002,bn_4,17.0
318,0.0,1.0,1.0,0.000239,0.0,0.0,0.0,1.0,0.0,0.0,0.0019290000000000002,bn_4,18.0
319,0.0,1.0,1.0,0.0,0.0,0.0,0.0,1.0,0.0,0.0,0.000826,bn_4,19.0
320,0.0,1.0,1.0,0.0,0.0,0.0,0.0,1.0,0.0,0.0,0.0005,bn_4,20.0
321,0.0,1.0,1.0,0.0,0.0,0.0,0.0,1.0,0.0,0.0,1.5e-05,bn_4,21.0
322,0.0,1.0,1.0,0.0,0.0,0.0,0.0,1.0,0.0,0.0,0.0,bn_4,22.0
323,0.0,1.0,1.0,0.0,0.0,0.0,0.0,1.0,0.0,0.0,0.0,bn_4,23.0
324,0.0,1.0,1.0,0.0,0.0,0.0,0.0,1.0,0.0,0.0,0.0,bn_4,24.0
325,0.0,1.0,1.0,0.0,0.0,0.0,0.0,1.0,0.0,0.0,0.0,bn_4,25.0
326,0.0,1.0,1.0,0.0,0.0,0.0,0.0,1.0,0.0,0.0,0.0,bn_4,26.0
327,0.0,1.0,1.0,0.0,0.0,0.0,0.0,1.0,0.0,0.0,0.0,bn_4,27.0
328,0.0,1.0,1.0,0.0,0.0,0.0,0.0,1.0,0.0,0.0,0.0,bn_4,28.0
329,0.0,1.0,1.0,0.0,0.0,0.0,0.0,1.0,0.0,0.0,0.0,bn_4,29.0
330,0.4985150000000004,0.6751210000000009,0.36458500000000027,0.5443030000000006,0.5345260000000005,0.49093199999999987,0.48695400000000016,0.6796450000000006,0.49709799999999993,0.4611090000000001,0.413849,bn_9,0.0
331,0.49828500000000003,0.8868270000000004,0.18989199999999998,0.675625,0.6692919999999999,0.41905100000000006,0.4741199999999998,0.8863890000000009,0.495087,0.29190000000000005,0.4261400000000002,bn_9,1.0
332,0.48771400000000004,0.9598320000000006,0.09061500000000003,0.7959100000000002,0.8028960000000005,0.28286500000000014,0.3994360000000001,0.9624120000000007,0.45381400000000016,0.14717700000000003,0.5660150000000004,bn_9,2.0
333,0.44823199999999996,0.9853899999999997,0.04170800000000001,0.8908399999999999,0.8938269999999997,0.16790499999999997,0.28653400000000007,0.9847139999999996,0.38320200000000015,0.06861,0.7099209999999999,bn_9,3.0
334,0.36299600000000004,0.9942229999999999,0.018078999999999998,0.9468859999999997,0.9490099999999999,0.089795,0.18112500000000004,0.9949579999999999,0.280506,0.030054,0.8230989999999999,bn_9,4.0
335,0.27376300000000003,0.997981,0.007452,0.975028,0.9744090000000001,0.045767999999999996,0.103703,0.997942,0.19234800000000007,0.01462,0.9041620000000001,bn_9,5.0
336,0.192474,0.9999580000000001,0.0031599999999999996,0.989502,0.989415,0.019459999999999998,0.05620699999999999,0.999753,0.11823999999999998,0.004892,0.950727,bn_9,6.0
337,0.12688400000000002,1.000002,0.000972,0.994926,0.9956309999999999,0.008669,0.028619000000000002,1.000002,0.066807,0.001059,0.9779260000000001,bn_9,7.0
338,0.07699,1.000001,0.00032,0.9973649999999998,0.9963849999999999,0.004788000000000001,0.014859,1.000001,0.035551000000000006,0.0005,0.9893799999999998,bn_9,8.0
339,0.040444,1.0,0.0,0.998912,0.998441,0.0027510000000000004,0.008533,1.0,0.018203,3.1e-05,0.994684,bn_9,9.0
340,0.022295000000000002,1.0,0.0,0.99984,0.9998929999999999,0.000959,0.004568,1.0,0.009549,0.0,0.9980699999999999,bn_9,10.0
341,0.011141999999999999,1.0,0.0,1.0,1.0,0.0,0.001804,1.0,0.006056,0.0,0.999842,bn_9,11.0
342,0.006446,1.0,0.0,1.0,1.0,0.0,0.00031,1.0,0.003464,0.0,1.0,bn_9,12.0
343,0.004394,1.0,0.0,1.0,1.0,0.0,0.0,1.0,0.001867,0.0,1.0,bn_9,13.0
344,0.002105,1.0,0.0,1.0,1.0,0.0,0.0,1.0,0.000898,0.0,1.0,bn_9,14.0
345,0.00058,1.0,0.0,1.0,1.0,0.0,0.0,1.0,0.000448,0.0,1.0,bn_9,15.0
346,0.000245,1.0,0.0,1.0,1.0,0.0,0.0,1.0,0.0,0.0,1.0,bn_9,16.0
347,0.0,1.0,0.0,1.0,1.0,0.0,0.0,1.0,0.0,0.0,1.0,bn_9,17.0
348,0.0,1.0,0.0,1.0,1.0,0.0,0.0,1.0,0.0,0.0,1.0,bn_9,18.0
349,0.0,1.0,0.0,1.0,1.0,0.0,0.0,1.0,0.0,0.0,1.0,bn_9,19.0
350,0.0,1.0,0.0,1.0,1.0,0.0,0.0,1.0,0.0,0.0,1.0,bn_9,20.0
351,0.0,1.0,0.0,1.0,1.0,0.0,0.0,1.0,0.0,0.0,1.0,bn_9,21.0
352,0.0,1.0,0.0,1.0,1.0,0.0,0.0,1.0,0.0,0.0,1.0,bn_9,22.0
353,0.0,1.0,0.0,1.0,1.0,0.0,0.0,1.0,0.0,0.0,1.0,bn_9,23.0
354,0.0,1.0,0.0,1.0,1.0,0.0,0.0,1.0,0.0,0.0,1.0,bn_9,24.0
355,0.0,1.0,0.0,1.0,1.0,0.0,0.0,1.0,0.0,0.0,1.0,bn_9,25.0
356,0.0,1.0,0.0,1.0,1.0,0.0,0.0,1.0,0.0,0.0,1.0,bn_9,26.0
357,0.0,1.0,0.0,1.0,1.0,0.0,0.0,1.0,0.0,0.0,1.0,bn_9,27.0
358,0.0,1.0,0.0,1.0,1.0,0.0,0.0,1.0,0.0,0.0,1.0,bn_9,28.0
359,0.0,1.0,0.0,1.0,1.0,0.0,0.0,1.0,0.0,0.0,1.0,bn_9,29.0
360,0.49101500000000003,0.6637119999999991,0.39857000000000004,0.5286959999999996,0.522013,0.49998200000000037,0.5008420000000001,0.6796020000000002,0.5076220000000001,0.4527509999999996,0.5947199999999996,bn_0,0.0
361,0.49289500000000014,0.8670179999999996,0.20958199999999988,0.6412529999999999,0.6329179999999996,0.41906499999999985,0.48855899999999997,0.8816430000000002,0.5037130000000001,0.2903720000000003,0.693507,bn_0,1.0
362,0.4903169999999997,0.9510760000000001,0.10308400000000005,0.7780959999999999,0.7760330000000001,0.284424,0.40663000000000016,0.9543909999999998,0.46809300000000004,0.149683,0.783125,bn_0,2.0
363,0.45071299999999986,0.9829209999999996,0.049452,0.8774799999999996,0.874112,0.150291,0.2852099999999998,0.9830719999999996,0.3935379999999997,0.07180500000000001,0.8606549999999996,bn_0,3.0
364,0.370558,0.9915789999999993,0.023329999999999997,0.9262389999999998,0.9313969999999996,0.07990400000000004,0.174257,0.9935769999999993,0.2870640000000001,0.032356,0.9188979999999995,bn_0,4.0
365,0.275023,0.9954910000000003,0.010858000000000001,0.9562400000000002,0.965008,0.043186,0.09981399999999999,0.9972900000000003,0.187415,0.015838,0.9526830000000003,bn_0,5.0
366,0.19135399999999997,0.9983379999999998,0.005559,0.97769,0.9831839999999998,0.023363000000000002,0.05433700000000001,0.9989529999999998,0.116754,0.007533000000000001,0.9756569999999998,bn_0,6.0
367,0.125728,0.9994449999999997,0.001866,0.9924099999999998,0.9916839999999998,0.009981,0.030502000000000005,0.9994989999999998,0.066357,0.00194,0.9873859999999997,bn_0,7.0
368,0.08344000000000001,0.999709,0.001,0.997057,0.995665,0.0031459999999999995,0.01623,0.9995619999999998,0.037995999999999995,0.001066,0.9943609999999999,bn_0,8.0
369,0.048560000000000006,1.0,0.000729,0.998421,0.997728,0.002129,0.007803000000000001,1.0,0.022548,0.00025,0.997452,bn_0,9.0
370,0.027934,0.999999,0.000126,0.9989279999999999,0.998575,0.001248,0.004883,0.999999,0.009687000000000001,0.0,0.998528,bn_0,10.0
371,0.012958,1.000001,0.0,0.999923,0.999363,0.000719,0.0020930000000000002,1.000001,0.005247,0.0,0.999437,bn_0,11.0
372,0.005476,1.0,0.0,1.0,0.9994999999999999,0.00013,0.000609,1.0,0.0025,0.0,0.9994999999999999,bn_0,12.0
373,0.003365,1.0,0.0,1.0,0.9997010000000001,0.0,0.0005,1.0,0.001066,0.0,0.9995,bn_0,13.0
374,0.001386,1.0,0.0,1.0,1.0,0.0,0.0005,1.0,0.0005,0.0,0.9994999999999999,bn_0,14.0
375,0.001,1.0,0.0,1.0,1.0,0.0,0.0005,1.0,0.0005,0.0,0.999889,bn_0,15.0
376,0.001,1.0,0.0,1.0,1.0,0.0,0.0005,1.0,0.0005,0.0,1.0,bn_0,16.0
377,0.0006439999999999999,1.0,0.0,1.0,1.0,0.0,6.2e-05,1.0,0.000119,0.0,1.0,bn_0,17.0
378,0.000273,1.0,0.0,1.0,1.0,0.0,0.0,1.0,0.0,0.0,1.0,bn_0,18.0
379,0.0,1.0,0.0,1.0,1.0,0.0,0.0,1.0,0.0,0.0,1.0,bn_0,19.0
380,0.0,1.0,0.0,1.0,1.0,0.0,0.0,1.0,0.0,0.0,1.0,bn_0,20.0
381,0.0,1.0,0.0,1.0,1.0,0.0,0.0,1.0,0.0,0.0,1.0,bn_0,21.0
382,0.0,1.0,0.0,1.0,1.0,0.0,0.0,1.0,0.0,0.0,1.0,bn_0,22.0
383,0.0,1.0,0.0,1.0,1.0,0.0,0.0,1.0,0.0,0.0,1.0,bn_0,23.0
384,0.0,1.0,0.0,1.0,1.0,0.0,0.0,1.0,0.0,0.0,1.0,bn_0,24.0
385,0.0,1.0,0.0,1.0,1.0,0.0,0.0,1.0,0.0,0.0,1.0,bn_0,25.0
386,0.0,1.0,0.0,1.0,1.0,0.0,0.0,1.0,0.0,0.0,1.0,bn_0,26.0
387,0.0,1.0,0.0,1.0,1.0,0.0,0.0,1.0,0.0,0.0,1.0,bn_0,27.0
388,0.0,1.0,0.0,1.0,1.0,0.0,0.0,1.0,0.0,0.0,1.0,bn_0,28.0
389,0.0,1.0,0.0,1.0,1.0,0.0,0.0,1.0,0.0,0.0,1.0,bn_0,29.0
390,0.5019190000000003,0.6834890000000011,0.38304200000000016,0.538969000000001,0.5340950000000003,0.50748,0.4938019999999998,0.30872099999999986,0.5064319999999997,0.54137,0.4324690000000002,bn_10,0.0
391,0.5123239999999999,0.8952919999999993,0.19663799999999992,0.6562539999999994,0.6583060000000003,0.5987999999999996,0.5362299999999999,0.10776999999999999,0.513992,0.7211269999999994,0.42202899999999977,bn_10,1.0
392,0.520724,0.9642299999999998,0.09307500000000003,0.7946739999999999,0.788275,0.7360720000000002,0.6374449999999999,0.04343299999999999,0.55825,0.8608030000000001,0.5567919999999997,bn_10,2.0
393,0.5740389999999996,0.9891499999999998,0.04190800000000002,0.884852,0.886393,0.84262,0.7432089999999998,0.017696000000000003,0.6432759999999996,0.934948,0.6923939999999998,bn_10,3.0
394,0.6543130000000001,0.9956160000000004,0.017258,0.9413410000000002,0.9415610000000004,0.91369,0.8339230000000001,0.005881,0.744708,0.970075,0.8059680000000002,bn_10,4.0
395,0.7397950000000002,0.999161,0.005594,0.973045,0.973125,0.9577330000000002,0.8945850000000001,0.003934,0.823502,0.9874240000000001,0.8917570000000001,bn_10,5.0
396,0.81609,0.9999509999999999,0.002021,0.988157,0.988053,0.98075,0.943962,0.001518,0.884533,0.9932610000000001,0.9422479999999999,bn_10,6.0
397,0.878466,1.000002,0.000169,0.9944270000000001,0.9947810000000001,0.9907380000000001,0.973194,8.1e-05,0.935643,0.9969100000000001,0.970195,bn_10,7.0
398,0.927027,1.0,0.0,0.998333,0.99799,0.9948750000000001,0.9872690000000001,0.0,0.9628920000000001,0.998513,0.9845170000000001,bn_10,8.0
399,0.9567490000000001,1.0000010000000001,0.0,0.9997290000000001,0.9985200000000001,0.9977710000000001,0.993832,0.0,0.9789,0.9998760000000001,0.993997,bn_10,9.0
400,0.975405,1.0,0.0,1.0,0.999506,0.998822,0.996841,0.0,0.988433,1.0,0.997141,bn_10,10.0
401,0.986561,1.0,0.0,1.0,1.0,0.999,0.998939,0.0,0.994573,1.0,0.998954,bn_10,11.0
402,0.993126,1.0,0.0,1.0,1.0,0.999334,0.999142,0.0,0.9979549999999999,1.0,0.9999,bn_10,12.0
403,0.996644,1.0,0.0,1.0,1.0,1.0,0.999674,0.0,0.999501,1.0,1.0,bn_10,13.0
404,0.999006,1.0,0.0,1.0,1.0,1.0,1.0,0.0,1.0,1.0,1.0,bn_10,14.0
405,1.0,1.0,0.0,1.0,1.0,1.0,1.0,0.0,1.0,1.0,1.0,bn_10,15.0
406,1.0,1.0,0.0,1.0,1.0,1.0,1.0,0.0,1.0,1.0,1.0,bn_10,16.0
407,1.0,1.0,0.0,1.0,1.0,1.0,1.0,0.0,1.0,1.0,1.0,bn_10,17.0
408,1.0,1.0,0.0,1.0,1.0,1.0,1.0,0.0,1.0,1.0,1.0,bn_10,18.0
409,1.0,1.0,0.0,1.0,1.0,1.0,1.0,0.0,1.0,1.0,1.0,bn_10,19.0
410,1.0,1.0,0.0,1.0,1.0,1.0,1.0,0.0,1.0,1.0,1.0,bn_10,20.0
411,1.0,1.0,0.0,1.0,1.0,1.0,1.0,0.0,1.0,1.0,1.0,bn_10,21.0
412,1.0,1.0,0.0,1.0,1.0,1.0,1.0,0.0,1.0,1.0,1.0,bn_10,22.0
413,1.0,1.0,0.0,1.0,1.0,1.0,1.0,0.0,1.0,1.0,1.0,bn_10,23.0
414,1.0,1.0,0.0,1.0,1.0,1.0,1.0,0.0,1.0,1.0,1.0,bn_10,24.0
415,1.0,1.0,0.0,1.0,1.0,1.0,1.0,0.0,1.0,1.0,1.0,bn_10,25.0
416,1.0,1.0,0.0,1.0,1.0,1.0,1.0,0.0,1.0,1.0,1.0,bn_10,26.0
417,1.0,1.0,0.0,1.0,1.0,1.0,1.0,0.0,1.0,1.0,1.0,bn_10,27.0
418,1.0,1.0,0.0,1.0,1.0,1.0,1.0,0.0,1.0,1.0,1.0,bn_10,28.0
419,1.0,1.0,0.0,1.0,1.0,1.0,1.0,0.0,1.0,1.0,1.0,bn_10,29.0
420,0.5053760000000003,0.31035400000000013,0.6023820000000001,0.4805320000000009,0.47171100000000016,0.5000520000000004,0.49404600000000043,0.3180550000000004,0.501702,0.5440899999999999,0.5625029999999998,bn_7,0.0
421,0.5105490000000003,0.11892700000000002,0.7988580000000003,0.34286700000000014,0.34697799999999995,0.5976729999999997,0.5322419999999998,0.1115760000000001,0.513059,0.7188239999999996,0.571869,bn_7,1.0
422,0.5209459999999998,0.048533,0.9099949999999999,0.19829400000000008,0.21120300000000003,0.7332219999999997,0.623459,0.037016,0.5576079999999997,0.8553579999999998,0.44889000000000007,bn_7,2.0
423,0.5770680000000005,0.020655999999999997,0.9588580000000001,0.108517,0.11103,0.840039,0.736345,0.010699999999999998,0.6465490000000003,0.930529,0.29990399999999995,bn_7,3.0
424,0.6638989999999999,0.008333,0.9804949999999999,0.055577999999999995,0.05523999999999999,0.914095,0.827538,0.0038269999999999997,0.747769,0.9686389999999997,0.18305000000000005,bn_7,4.0
425,0.744717,0.0032430000000000002,0.9913709999999998,0.025681000000000002,0.028032,0.9586919999999999,0.8995859999999996,0.002415,0.8242159999999997,0.987362,0.09938099999999998,bn_7,5.0
426,0.81548,0.001547,0.995026,0.012986,0.012303,0.978874,0.948015,0.0012339999999999999,0.8917129999999999,0.9927670000000001,0.05421700000000001,bn_7,6.0
427,0.874638,0.001327,0.996567,0.0071059999999999995,0.006255999999999999,0.9879519999999999,0.9685689999999999,0.001,0.937333,0.9961169999999999,0.030369,bn_7,7.0
428,0.92763,0.000524,0.997752,0.004110999999999999,0.0031219999999999998,0.994047,0.980197,0.001,0.9664099999999999,0.998209,0.016166000000000003,bn_7,8.0
429,0.9579589999999999,0.000316,0.9989419999999999,0.002447,0.00197,0.9968629999999999,0.991409,0.000995,0.9834049999999999,0.998938,0.008971,bn_7,9.0
430,0.9772390000000001,0.0,0.999923,0.001819,0.00071,0.998556,0.9950640000000001,6.2e-05,0.9894630000000001,0.9994550000000001,0.005450999999999999,bn_7,10.0
431,0.985055,0.0,1.0000010000000001,0.001072,0.0,0.9994810000000001,0.9969750000000001,0.0,0.9944090000000001,0.9995010000000001,0.003373,bn_7,11.0
432,0.991723,0.0,1.0000010000000001,0.001,0.0,0.999684,0.9984590000000001,0.0,0.9968170000000001,0.9997010000000001,0.002115,bn_7,12.0
433,0.995288,0.0,1.0,0.000486,0.0,1.0,0.9994999999999999,0.0,0.9978899999999999,1.0,0.000744,bn_7,13.0
434,0.997173,0.0,0.999999,0.0,0.0,0.999999,0.999499,0.0,0.998679,0.999999,8.8e-05,bn_7,14.0
435,0.997693,0.0,1.0000010000000001,0.0,0.0,1.0000010000000001,0.9997060000000001,0.0,0.999027,1.0000010000000001,0.0,bn_7,15.0
436,0.998864,0.0,1.0,0.0,0.0,1.0,1.0,0.0,0.9994999999999999,1.0,0.0,bn_7,16.0
437,0.999082,0.0,0.999999,0.0,0.0,0.999999,0.999999,0.0,0.999652,0.999999,0.0,bn_7,17.0
438,0.9995,0.0,1.0,0.0,0.0,1.0,1.0,0.0,1.0,1.0,0.0,bn_7,18.0
439,0.999536,0.0,1.0,0.0,0.0,1.0,1.0,0.0,1.0,1.0,0.0,bn_7,19.0
440,1.0,0.0,1.0,0.0,0.0,1.0,1.0,0.0,1.0,1.0,0.0,bn_7,20.0
441,1.0,0.0,1.0,0.0,0.0,1.0,1.0,0.0,1.0,1.0,0.0,bn_7,21.0
442,1.0,0.0,1.0,0.0,0.0,1.0,1.0,0.0,1.0,1.0,0.0,bn_7,22.0
443,1.0,0.0,1.0,0.0,0.0,1.0,1.0,0.0,1.0,1.0,0.0,bn_7,23.0
444,1.0,0.0,1.0,0.0,0.0,1.0,1.0,0.0,1.0,1.0,0.0,bn_7,24.0
445,1.0,0.0,1.0,0.0,0.0,1.0,1.0,0.0,1.0,1.0,0.0,bn_7,25.0
446,1.0,0.0,1.0,0.0,0.0,1.0,1.0,0.0,1.0,1.0,0.0,bn_7,26.0
447,1.0,0.0,1.0,0.0,0.0,1.0,1.0,0.0,1.0,1.0,0.0,bn_7,27.0
448,1.0,0.0,1.0,0.0,0.0,1.0,1.0,0.0,1.0,1.0,0.0,bn_7,28.0
449,1.0,0.0,1.0,0.0,0.0,1.0,1.0,0.0,1.0,1.0,0.0,bn_7,29.0
450,0.4927670000000004,0.30172299999999985,0.4488570000000004,0.5134100000000004,0.5035590000000004,0.49046400000000023,0.49583300000000013,0.6809940000000015,0.48899500000000046,0.4504920000000002,0.5795340000000007,bn_2,0.0
451,0.4862809999999997,0.10074800000000006,0.43195899999999954,0.5455990000000004,0.540187,0.41397899999999943,0.4697649999999996,0.8836020000000004,0.47422199999999953,0.2893729999999999,0.6525830000000004,bn_2,1.0
452,0.45667100000000016,0.03502299999999999,0.47911600000000004,0.5478479999999994,0.5378339999999995,0.2801000000000001,0.38792800000000005,0.9517399999999995,0.439733,0.151427,0.6499489999999996,bn_2,2.0
453,0.42321800000000004,0.011248,0.5277430000000001,0.5189210000000002,0.506313,0.17092000000000002,0.28447600000000006,0.98157,0.373329,0.07178800000000003,0.6277739999999996,bn_2,3.0
454,0.36194299999999996,0.003822,0.5736849999999999,0.47292599999999996,0.467839,0.09650599999999997,0.1826750000000001,0.9938649999999997,0.286975,0.031856,0.5925419999999997,bn_2,4.0
455,0.28782300000000005,0.002098,0.6393389999999999,0.418168,0.4196639999999999,0.047451,0.10794800000000002,0.997901,0.199689,0.012922000000000001,0.5379309999999999,bn_2,5.0
456,0.19898200000000005,0.000202,0.7214519999999999,0.35619600000000007,0.353745,0.022065,0.05763000000000001,0.9993329999999999,0.12194700000000001,0.006703000000000001,0.4757279999999999,bn_2,6.0
457,0.128762,0.0,0.8021929999999998,0.28122800000000003,0.27420700000000003,0.01075,0.030632999999999997,0.9999989999999999,0.072286,0.001678,0.409006,bn_2,7.0
458,0.07909699999999997,0.0,0.8663249999999999,0.20152099999999998,0.19637099999999996,0.004883,0.015431,1.000001,0.040559,0.0005,0.326351,bn_2,8.0
459,0.048523,0.0,0.9143870000000002,0.13903100000000002,0.13364900000000002,0.0017989999999999998,0.007507,1.0000010000000001,0.024094000000000004,0.000348,0.23705299999999999,bn_2,9.0
460,0.027642,0.0,0.943025,0.093751,0.089742,0.0015,0.003634,1.0,0.009959999999999998,0.0,0.170533,bn_2,10.0
461,0.014968,0.0,0.966615,0.058961,0.056139,0.001088,0.002571,1.0,0.004978,0.0,0.11790300000000001,bn_2,11.0
462,0.008702,0.0,0.9810209999999999,0.035747,0.035797999999999996,0.000258,0.001989,1.0,0.0038719999999999996,0.0,0.076968,bn_2,12.0
463,0.003919,0.0,0.990758,0.020237,0.020281,0.0,0.000755,1.000001,0.002254,0.0,0.050154000000000004,bn_2,13.0
464,0.00168,0.0,0.994996,0.012562000000000002,0.011514000000000002,0.0,0.00023,1.0,0.000859,0.0,0.031427000000000004,bn_2,14.0
465,0.001082,0.0,0.998466,0.00631,0.005504,0.0,0.0,1.000001,0.000431,0.0,0.018552,bn_2,15.0
466,0.000393,0.0,0.999163,0.003794,0.003702,0.0,0.0,1.0,0.0,0.0,0.012544,bn_2,16.0
467,0.0,0.0,0.9994989999999999,0.002048,0.0012460000000000001,0.0,0.0,0.999999,0.0,0.0,0.0059689999999999995,bn_2,17.0
468,0.0,0.0,0.999819,0.001022,0.001,0.0,0.0,1.0,0.0,0.0,0.00341,bn_2,18.0
469,0.0,0.0,1.0,9e-06,0.000392,0.0,0.0,1.0,0.0,0.0,0.001346,bn_2,19.0
470,0.0,0.0,1.0,0.0,0.0,0.0,0.0,1.0,0.0,0.0,0.0005,bn_2,20.0
471,0.0,0.0,1.0,0.0,0.0,0.0,0.0,1.0,0.0,0.0,0.0,bn_2,21.0
472,0.0,0.0,1.0,0.0,0.0,0.0,0.0,1.0,0.0,0.0,0.0,bn_2,22.0
473,0.0,0.0,1.0,0.0,0.0,0.0,0.0,1.0,0.0,0.0,0.0,bn_2,23.0
474,0.0,0.0,1.0,0.0,0.0,0.0,0.0,1.0,0.0,0.0,0.0,bn_2,24.0
475,0.0,0.0,1.0,0.0,0.0,0.0,0.0,1.0,0.0,0.0,0.0,bn_2,25.0
476,0.0,0.0,1.0,0.0,0.0,0.0,0.0,1.0,0.0,0.0,0.0,bn_2,26.0
477,0.0,0.0,1.0,0.0,0.0,0.0,0.0,1.0,0.0,0.0,0.0,bn_2,27.0
478,0.0,0.0,1.0,0.0,0.0,0.0,0.0,1.0,0.0,0.0,0.0,bn_2,28.0
479,0.0,0.0,1.0,0.0,0.0,0.0,0.0,1.0,0.0,0.0,0.0,bn_2,29.0
