,attractor_group
Invasion_532,2
Invasion_879,0
Invasion_718,63
Invasion_988,0
Invasion_895,0
Invasion_855,0
Invasion_115,1
Invasion_263,1
Invasion_210,1
Invasion_581,1
Invasion_498,0
Invasion_387,64
Invasion_821,0
Invasion_657,0
Invasion_1002,0
Invasion_376,0
Invasion_60,32
Invasion_619,0
Invasion_19,30
Invasion_248,14
Invasion_702,0
Invasion_75,15
Invasion_171,0
Invasion_315,1
Invasion_882,0
Invasion_174,1
Invasion_885,0
Invasion_585,1
Invasion_550,0
Invasion_101,16
Invasion_662,0
Invasion_549,0
Invasion_191,31
Invasion_889,0
Invasion_837,0
Invasion_155,2
Invasion_33,1
Invasion_664,0
Invasion_795,0
Invasion_560,0
Invasion_136,2
Invasion_968,0
Invasion_361,0
Invasion_719,0
Invasion_689,0
Invasion_378,0
Invasion_721,0
Invasion_697,0
Invasion_891,0
Invasion_150,11
Invasion_893,0
Invasion_185,1
Invasion_748,0
Invasion_383,0
Invasion_330,2
Invasion_852,0
Invasion_588,0
Invasion_683,0
Invasion_783,0
Invasion_767,0
Invasion_815,0
Invasion_680,0
Invasion_29,29
Invasion_807,0
Invasion_286,2
Invasion_442,3
Invasion_476,1
Invasion_822,0
Invasion_519,2
Invasion_796,0
Invasion_663,0
Invasion_379,0
Invasion_760,0
Invasion_920,0
Invasion_896,0
Invasion_97,19
Invasion_1006,0
Invasion_620,0
Invasion_846,0
Invasion_864,0
Invasion_1020,0
Invasion_125,2
Invasion_818,0
Invasion_380,3
Invasion_399,18
Invasion_576,1
Invasion_814,0
Invasion_914,0
Invasion_866,0
Invasion_244,1
Invasion_876,0
Invasion_671,0
Invasion_668,0
Invasion_521,2
Invasion_261,2
Invasion_90,17
Invasion_858,0
Invasion_996,0
Invasion_95,4
Invasion_829,0
Invasion_1,20
Invasion_219,1
Invasion_621,0
Invasion_416,1
Invasion_124,1
Invasion_466,1
Invasion_208,2
Invasion_743,0
Invasion_443,1
Invasion_199,2
Invasion_832,0
Invasion_556,0
Invasion_764,0
Invasion_995,0
Invasion_787,0
Invasion_173,1
Invasion_692,0
Invasion_461,1
Invasion_236,23
Invasion_25,24
Invasion_942,0
Invasion_346,2
Invasion_604,0
Invasion_946,0
Invasion_603,0
Invasion_586,1
Invasion_396,0
Invasion_647,0
Invasion_245,1
Invasion_290,1
Invasion_280,0
Invasion_70,21
Invasion_514,2
Invasion_540,2
Invasion_181,0
Invasion_644,0
Invasion_170,2
Invasion_936,0
Invasion_854,0
Invasion_474,1
Invasion_704,0
Invasion_179,1
Invasion_500,3
Invasion_234,4
Invasion_940,0
Invasion_505,1
Invasion_595,0
Invasion_583,1
Invasion_63,22
Invasion_292,1
Invasion_438,2
Invasion_834,0
Invasion_667,0
Invasion_414,2
Invasion_553,0
Invasion_688,0
Invasion_720,0
Invasion_235,26
Invasion_573,1
Invasion_658,0
Invasion_614,0
Invasion_537,2
Invasion_856,0
Invasion_947,0
Invasion_94,25
Invasion_589,0
Invasion_1022,0
Invasion_368,0
Invasion_35,1
Invasion_908,0
Invasion_616,0
Invasion_68,10
Invasion_473,1
Invasion_325,27
Invasion_232,6
Invasion_901,0
Invasion_691,0
Invasion_317,28
Invasion_407,0
Invasion_681,0
Invasion_971,0
Invasion_564,0
Invasion_227,1
Invasion_597,0
Invasion_602,0
Invasion_601,0
Invasion_526,2
Invasion_274,1
Invasion_98,36
Invasion_753,0
Invasion_56,1
Invasion_82,4
Invasion_639,0
Invasion_233,1
Invasion_36,10
Invasion_3,1
Invasion_172,2
Invasion_978,0
Invasion_906,0
Invasion_431,2
Invasion_544,2
Invasion_685,0
Invasion_447,1
Invasion_629,0
Invasion_326,1
Invasion_250,1
Invasion_89,35
Invasion_458,2
Invasion_38,34
Invasion_309,1
Invasion_951,0
Invasion_529,2
Invasion_886,0
Invasion_563,0
Invasion_198,2
Invasion_779,0
Invasion_34,33
Invasion_296,1
Invasion_73,40
Invasion_271,2
Invasion_409,39
Invasion_546,0
Invasion_786,0
Invasion_749,0
Invasion_161,1
Invasion_91,5
Invasion_731,0
Invasion_385,0
Invasion_907,0
Invasion_167,48
Invasion_964,0
Invasion_963,0
Invasion_14,37
Invasion_932,0
Invasion_690,0
Invasion_917,0
Invasion_565,0
Invasion_665,38
Invasion_86,0
Invasion_798,0
Invasion_308,1
Invasion_555,0
Invasion_11,1
Invasion_18,4
Invasion_715,0
Invasion_737,0
Invasion_494,1
Invasion_457,1
Invasion_703,0
Invasion_1007,0
Invasion_530,2
Invasion_755,0
Invasion_165,47
Invasion_1011,0
Invasion_627,0
Invasion_924,0
Invasion_677,0
Invasion_921,0
Invasion_493,1
Invasion_322,1
Invasion_241,1
Invasion_129,41
Invasion_983,0
Invasion_959,0
Invasion_531,2
Invasion_654,0
Invasion_935,0
Invasion_143,0
Invasion_773,0
Invasion_85,42
Invasion_133,2
Invasion_373,0
Invasion_705,0
Invasion_401,0
Invasion_871,0
Invasion_631,0
Invasion_511,2
Invasion_331,2
Invasion_92,4
Invasion_463,1
Invasion_706,0
Invasion_278,1
Invasion_306,43
Invasion_809,0
Invasion_359,0
Invasion_168,1
Invasion_797,0
Invasion_769,0
Invasion_350,2
Invasion_411,44
Invasion_187,1
Invasion_811,0
Invasion_469,1
Invasion_977,0
Invasion_888,0
Invasion_812,0
Invasion_751,0
Invasion_781,0
Invasion_203,1
Invasion_883,0
Invasion_122,1
Invasion_358,3
Invasion_842,0
Invasion_687,0
Invasion_961,0
Invasion_734,0
Invasion_223,1
Invasion_1015,0
Invasion_295,1
Invasion_381,0
Invasion_926,0
Invasion_711,0
Invasion_673,0
Invasion_694,0
Invasion_927,0
Invasion_608,0
Invasion_742,0
Invasion_646,0
Invasion_106,0
Invasion_523,9
Invasion_970,0
Invasion_154,0
Invasion_175,1
Invasion_600,0
Invasion_386,3
Invasion_801,0
Invasion_790,0
Invasion_1017,0
Invasion_739,0
Invasion_865,0
Invasion_202,1
Invasion_351,1
Invasion_599,0
Invasion_745,0
Invasion_0,0
Invasion_545,2
Invasion_750,0
Invasion_371,0
Invasion_123,1
Invasion_366,0
Invasion_338,2
Invasion_835,0
Invasion_362,0
Invasion_622,0
Invasion_344,2
Invasion_205,2
Invasion_733,0
Invasion_953,0
Invasion_948,0
Invasion_643,0
Invasion_491,0
Invasion_483,1
Invasion_211,2
Invasion_228,45
Invasion_481,1
Invasion_744,0
Invasion_661,0
Invasion_952,0
Invasion_894,0
Invasion_428,2
Invasion_186,1
Invasion_332,2
Invasion_999,0
Invasion_840,0
Invasion_939,0
Invasion_230,1
Invasion_830,0
Invasion_568,1
Invasion_805,0
Invasion_313,1
Invasion_336,2
Invasion_4,0
Invasion_557,0
Invasion_724,0
Invasion_84,46
Invasion_222,1
Invasion_465,1
Invasion_283,0
Invasion_475,1
Invasion_981,0
Invasion_986,0
Invasion_707,0
Invasion_863,0
Invasion_569,1
Invasion_941,0
Invasion_612,0
Invasion_965,0
Invasion_800,0
Invasion_851,0
Invasion_297,50
Invasion_559,0
Invasion_134,49
Invasion_974,0
Invasion_607,0
Invasion_732,0
Invasion_729,0
Invasion_922,0
Invasion_194,2
Invasion_472,1
Invasion_357,0
Invasion_848,0
Invasion_212,2
Invasion_580,1
Invasion_448,1
Invasion_759,0
Invasion_176,11
Invasion_363,0
Invasion_770,0
Invasion_477,1
Invasion_16,0
Invasion_304,1
Invasion_488,1
Invasion_480,1
Invasion_845,0
Invasion_656,0
Invasion_460,2
Invasion_484,1
Invasion_954,0
Invasion_201,1
Invasion_343,2
Invasion_752,0
Invasion_651,0
Invasion_998,0
Invasion_831,0
Invasion_196,2
Invasion_1008,0
Invasion_989,0
Invasion_652,0
Invasion_596,0
Invasion_766,0
Invasion_792,0
Invasion_730,0
Invasion_590,0
Invasion_836,0
Invasion_189,52
Invasion_674,0
Invasion_329,2
Invasion_993,0
Invasion_696,0
Invasion_843,0
Invasion_238,1
Invasion_756,0
Invasion_169,56
Invasion_395,0
Invasion_301,51
Invasion_897,0
Invasion_606,0
Invasion_823,0
Invasion_67,5
Invasion_265,1
Invasion_37,53
Invasion_66,54
Invasion_151,0
Invasion_302,1
Invasion_392,0
Invasion_425,2
Invasion_288,2
Invasion_810,0
Invasion_382,0
Invasion_990,0
Invasion_675,0
Invasion_862,0
Invasion_1014,0
Invasion_96,4
Invasion_1016,0
Invasion_672,0
Invasion_985,0
Invasion_258,1
Invasion_81,55
Invasion_389,0
Invasion_69,57
Invasion_567,0
Invasion_492,1
Invasion_930,0
Invasion_388,0
Invasion_468,1
Invasion_898,0
Invasion_127,7
Invasion_349,0
Invasion_937,0
Invasion_5,1
Invasion_944,0
Invasion_83,0
Invasion_938,0
Invasion_455,1
Invasion_782,0
Invasion_784,0
Invasion_80,58
Invasion_635,0
Invasion_57,4
Invasion_905,0
Invasion_27,60
Invasion_873,0
Invasion_182,1
Invasion_548,0
Invasion_776,0
Invasion_979,0
Invasion_454,1
Invasion_887,0
Invasion_524,2
Invasion_12,0
Invasion_768,0
Invasion_747,0
Invasion_678,0
Invasion_1003,0
Invasion_577,1
Invasion_874,0
Invasion_867,0
Invasion_183,1
Invasion_7,5
Invasion_628,0
Invasion_42,3
Invasion_327,2
Invasion_104,59
Invasion_490,1
Invasion_257,1
Invasion_973,0
Invasion_636,0
Invasion_925,0
Invasion_539,2
Invasion_723,0
Invasion_570,1
Invasion_913,0
Invasion_192,1
Invasion_188,61
Invasion_726,0
Invasion_41,0
Invasion_452,1
Invasion_884,0
Invasion_55,62
Invasion_467,1
Invasion_648,0
Invasion_48,4
Invasion_61,66
Invasion_114,1
Invasion_1023,0
Invasion_975,0
Invasion_618,0
Invasion_78,8
Invasion_957,0
Invasion_499,65
Invasion_294,1
Invasion_405,0
Invasion_890,0
Invasion_645,0
Invasion_310,1
Invasion_52,3
Invasion_2,68
Invasion_39,72
Invasion_774,0
Invasion_591,0
Invasion_902,0
Invasion_542,2
Invasion_433,2
Invasion_684,0
Invasion_470,1
Invasion_215,1
Invasion_146,2
Invasion_158,1
Invasion_587,1
Invasion_242,67
Invasion_489,1
Invasion_713,0
Invasion_582,1
Invasion_725,0
Invasion_962,0
Invasion_426,2
Invasion_849,0
Invasion_740,0
Invasion_299,1
Invasion_1005,0
Invasion_446,1
Invasion_400,3
Invasion_282,1
Invasion_857,0
Invasion_10,69
Invasion_716,0
Invasion_31,3
Invasion_305,1
Invasion_254,1
Invasion_1010,0
Invasion_486,1
Invasion_224,1
Invasion_551,0
Invasion_642,0
Invasion_594,0
Invasion_111,1
Invasion_246,70
Invasion_390,0
Invasion_410,0
Invasion_372,0
Invasion_778,0
Invasion_558,0
Invasion_334,5
Invasion_404,0
Invasion_579,2
Invasion_393,71
Invasion_997,0
Invasion_206,2
Invasion_945,0
Invasion_518,2
Invasion_839,0
Invasion_444,1
Invasion_157,2
Invasion_417,1
Invasion_679,0
Invasion_955,0
Invasion_598,0
Invasion_293,12
Invasion_13,1
Invasion_980,0
Invasion_630,0
Invasion_929,0
Invasion_967,0
Invasion_53,80
Invasion_217,1
Invasion_291,1
Invasion_418,1
Invasion_669,0
Invasion_54,1
Invasion_214,2
Invasion_135,2
Invasion_698,0
Invasion_504,1
Invasion_394,0
Invasion_613,0
Invasion_816,0
Invasion_763,0
Invasion_909,0
Invasion_533,2
Invasion_878,0
Invasion_762,0
Invasion_58,0
Invasion_992,0
Invasion_623,0
Invasion_148,3
Invasion_676,0
Invasion_536,2
Invasion_772,0
Invasion_686,0
Invasion_300,1
Invasion_584,1
Invasion_51,1
Invasion_522,2
Invasion_352,0
Invasion_793,0
Invasion_653,0
Invasion_605,0
Invasion_859,0
Invasion_178,73
Invasion_435,2
Invasion_243,74
Invasion_316,1
Invasion_341,75
Invasion_525,2
Invasion_152,4
Invasion_270,2
Invasion_138,76
Invasion_277,77
Invasion_430,2
Invasion_722,0
Invasion_508,2
Invasion_695,0
Invasion_709,0
Invasion_253,78
Invasion_512,2
Invasion_853,0
Invasion_251,79
Invasion_28,81
Invasion_527,2
Invasion_966,0
Invasion_403,0
Invasion_650,0
Invasion_247,1
Invasion_803,0
Invasion_445,1
Invasion_24,82
Invasion_462,1
Invasion_509,2
Invasion_421,1
Invasion_826,0
Invasion_501,0
Invasion_312,0
Invasion_159,1
Invasion_15,84
Invasion_335,0
Invasion_535,2
Invasion_833,0
Invasion_819,0
Invasion_777,0
Invasion_116,0
Invasion_982,0
Invasion_910,0
Invasion_345,3
Invasion_99,0
Invasion_449,83
Invasion_717,0
Invasion_611,0
Invasion_137,7
Invasion_126,2
Invasion_844,0
Invasion_323,88
Invasion_994,0
Invasion_880,0
Invasion_347,0
Invasion_118,85
Invasion_478,1
Invasion_109,1
Invasion_307,1
Invasion_220,1
Invasion_59,86
Invasion_221,1
Invasion_670,0
Invasion_252,87
Invasion_259,1
Invasion_437,2
Invasion_727,0
Invasion_419,1
Invasion_572,1
Invasion_1018,0
Invasion_1009,0
Invasion_17,0
Invasion_216,1
Invasion_256,1
Invasion_624,0
Invasion_496,1
Invasion_356,89
Invasion_142,2
Invasion_40,90
Invasion_592,0
Invasion_412,0
Invasion_105,92
Invasion_506,1
Invasion_160,1
Invasion_552,0
Invasion_149,91
Invasion_958,0
Invasion_712,0
Invasion_22,1
Invasion_365,0
Invasion_163,93
Invasion_615,0
Invasion_272,1
Invasion_76,94
Invasion_881,0
Invasion_991,0
Invasion_26,0
Invasion_6,95
Invasion_436,2
Invasion_119,1
Invasion_625,0
Invasion_342,2
Invasion_450,1
Invasion_44,3
Invasion_237,8
Invasion_47,13
Invasion_943,0
Invasion_153,96
Invasion_791,0
Invasion_377,0
Invasion_640,0
Invasion_50,0
Invasion_789,0
Invasion_969,0
Invasion_8,97
Invasion_918,0
Invasion_65,98
Invasion_700,0
Invasion_904,0
Invasion_281,1
Invasion_806,0
Invasion_406,99
Invasion_503,1
Invasion_441,1
Invasion_485,1
Invasion_360,100
Invasion_972,0
Invasion_140,3
Invasion_728,0
Invasion_303,1
Invasion_71,4
Invasion_432,2
Invasion_771,0
Invasion_121,1
Invasion_249,1
Invasion_860,0
Invasion_482,1
Invasion_20,101
Invasion_130,2
Invasion_655,0
Invasion_420,1
Invasion_324,1
Invasion_424,2
Invasion_46,0
Invasion_869,0
Invasion_861,0
Invasion_415,1
Invasion_765,0
Invasion_788,0
Invasion_574,1
Invasion_62,102
Invasion_949,0
Invasion_510,2
Invasion_397,0
Invasion_314,1
Invasion_255,1
Invasion_32,103
Invasion_120,7
Invasion_164,1
Invasion_184,1
Invasion_919,0
Invasion_634,0
Invasion_422,1
Invasion_934,0
Invasion_144,2
Invasion_147,2
Invasion_578,2
Invasion_736,0
Invasion_543,2
Invasion_370,0
Invasion_434,2
Invasion_353,104
Invasion_554,0
Invasion_714,0
Invasion_340,3
Invasion_289,1
Invasion_915,0
Invasion_132,2
Invasion_285,1
Invasion_824,0
Invasion_847,0
Invasion_813,0
Invasion_754,0
Invasion_735,0
Invasion_162,1
Invasion_497,1
Invasion_956,0
Invasion_456,1
Invasion_538,2
Invasion_632,0
Invasion_311,105
Invasion_298,106
Invasion_440,1
Invasion_102,107
Invasion_384,0
Invasion_761,0
Invasion_264,12
Invasion_30,108
Invasion_141,3
Invasion_541,2
Invasion_502,109
Invasion_626,0
Invasion_513,2
Invasion_45,13
Invasion_166,1
Invasion_911,0
Invasion_284,1
Invasion_534,2
Invasion_758,0
Invasion_757,0
Invasion_364,0
Invasion_108,110
Invasion_103,1
Invasion_374,0
Invasion_1004,0
Invasion_337,2
Invasion_933,0
Invasion_875,0
Invasion_1000,0
Invasion_804,0
Invasion_877,0
Invasion_609,0
Invasion_746,0
Invasion_1021,0
Invasion_666,0
Invasion_528,2
Invasion_139,2
Invasion_916,0
Invasion_268,2
Invasion_794,0
Invasion_850,0
Invasion_200,1
Invasion_976,0
Invasion_177,111
Invasion_79,112
Invasion_520,2
Invasion_439,2
Invasion_808,0
Invasion_487,1
Invasion_931,0
Invasion_561,0
Invasion_453,1
Invasion_180,113
Invasion_928,0
Invasion_637,0
Invasion_64,114
Invasion_479,1
Invasion_701,0
Invasion_355,115
Invasion_87,116
Invasion_495,1
Invasion_682,0
Invasion_402,0
Invasion_269,2
Invasion_775,0
Invasion_131,2
Invasion_413,0
Invasion_156,2
Invasion_226,1
Invasion_838,0
Invasion_429,2
Invasion_100,3
Invasion_128,2
Invasion_110,1
Invasion_984,0
Invasion_638,0
Invasion_633,0
Invasion_900,0
Invasion_1012,0
Invasion_610,0
Invasion_333,117
Invasion_276,1
Invasion_820,0
Invasion_113,118
Invasion_892,0
Invasion_348,0
Invasion_117,119
Invasion_464,1
Invasion_950,0
Invasion_870,0
Invasion_593,0
Invasion_239,1
Invasion_398,0
Invasion_641,0
Invasion_266,2
Invasion_275,6
Invasion_868,0
Invasion_566,0
Invasion_21,120
Invasion_785,0
Invasion_74,8
Invasion_209,1
Invasion_828,0
Invasion_1001,0
Invasion_375,121
Invasion_699,0
Invasion_562,0
Invasion_660,0
Invasion_780,0
Invasion_872,0
Invasion_547,0
Invasion_899,0
Invasion_841,0
Invasion_339,2
Invasion_240,1
Invasion_319,1
Invasion_903,0
Invasion_204,1
Invasion_817,0
Invasion_802,0
Invasion_451,1
Invasion_262,1
Invasion_367,0
Invasion_1019,0
Invasion_960,0
Invasion_708,0
Invasion_912,0
Invasion_575,1
Invasion_190,1
Invasion_23,0
Invasion_827,0
Invasion_213,2
Invasion_923,0
Invasion_825,0
Invasion_225,1
Invasion_287,2
Invasion_207,122
Invasion_229,0
Invasion_93,123
Invasion_197,2
Invasion_107,1
Invasion_260,2
Invasion_471,1
Invasion_273,1
Invasion_320,1
Invasion_617,0
Invasion_145,2
Invasion_321,1
Invasion_72,0
Invasion_738,0
Invasion_218,1
Invasion_659,0
Invasion_1013,0
Invasion_49,5
Invasion_88,124
Invasion_517,2
Invasion_516,2
Invasion_9,0
Invasion_423,1
Invasion_459,2
Invasion_408,0
Invasion_112,125
Invasion_987,0
Invasion_279,0
Invasion_195,6
Invasion_369,0
Invasion_693,0
Invasion_354,126
Invasion_328,5
Invasion_77,127
Invasion_231,4
Invasion_507,1
Invasion_267,2
Invasion_710,0
Invasion_43,1
Invasion_193,2
Invasion_649,0
Invasion_741,0
Invasion_391,128
Invasion_427,2
Invasion_571,1
Invasion_515,9
Invasion_318,1
Invasion_799,0
