,"Invasion_simulation_50.csv","Invasion_simulation_100.csv","Invasion_simulation_250.csv","Invasion_simulation_500.csv","Invasion_simulation_750.csv","Invasion_simulation_1000.csv","Invasion_simulation_2500.csv","Invasion_simulation_5000.csv","Invasion_simulation_7500.csv","Invasion_simulation_10000.csv"
0,0,0,0,0,0,0,0,0,0,0
1,0.241012651983193,0.249047223984193,0.252189116909227,0.253873034865469,0.252276578596647,0.257095541052183,0.253923433376293,0.252222979694584,0.253923433376293,0.257133927126967
2,0.269444945084925,0.746887337257417,0.748763822251634,0.743612489812067,0.270560749852049,0.270477024292411,0.269203736336341,0.269203736336341,0.270526693029139,0.272102574387298
3,0.297032844717102,0.574778655292392,0.781608677244139,0.783064452958863,0.779965055616005,0.281228092186216,0.776771170864988,0.772396697172846,0.772023741896871,0.773326054144187
4,0.349188899150201,0.579301655062651,0.795830757078495,0.796479852459642,0.794463137955465,0.796797569445166,0.793856555033372,0.794513904086899,0.794447357883478,0.794245835181324
5,0.580954048881524,0.593080853930734,0.800599393929376,0.800122451157345,0.779199611341946,0.781635284753048,0.778571786432753,0.799670559850303,0.79924549803891,0.778664265459997
6,0.566243436612452,0.599972885194626,0.801811706785457,0.784530995931078,0.780899295928105,0.783343699467118,0.780397277833732,0.784577307483085,0.801881843702437,0.779815606904661
7,0.597069619443536,0.3951206424872,0.786155647982818,0.786900202486159,0.803524991450679,0.790101253852857,0.784406988953699,0.78475399399818,0.49322369862153,0.804303345488905
8,0.597107256476269,0.397492197930474,0.535661397044142,0.789867936319738,0.788559248576927,0.790128121144506,0.786744821370779,0.463975065491035,0.463349903059183,0.806337240538439
9,0.378439901813257,0.398531981172865,0.537563893193849,0.468708484121474,0.789842861430913,0.541275386236358,0.465902271152381,0.466248524943105,0.467802790414416,0.791464852217478
10,0.308302114416292,0.365012958067957,0.465483476807617,0.471458679861907,0.468878134748422,0.344374566978445,0.469376581124644,0.463644736991991,0.469051862203005,0.470437209606942
11,0.261609522255799,0.367974661885045,0.468986714288962,0.471709264340494,0.471715751449407,0.345152138232745,0.472148752818081,0.461303733913957,0.472115298657626,0.472431280762288
12,0.267182047631991,0.370888073708825,0.468851460551622,0.474208359809713,0.471779889768943,0.346935700014661,0.344912271941497,0.464684102331574,0.472207530984128,0.469868064150396
13,0.274183038616193,0.285294364361461,0.360351166445736,0.338399323423756,0.46925263141328,0.347836213570315,0.344979170136342,0.467373478651021,0.33420585637924,0.472338548080233
14,0.258952209694837,0.28759217904438,0.291701077781783,0.339623535534816,0.471855629010586,0.274945134497911,0.347100925277248,0.468272985545389,0.299678378155479,0.333042847538104
15,0.197333021073121,0.274613396006304,0.249107319094438,0.291973978785708,0.338385552541014,0.276557230699897,0.319127444048152,0.468851083050776,0.302015857193275,0.333798448967465
16,0.199743663195731,0.272927247339082,0.250865555271948,0.29199744572935,0.338936456046921,0.276654590900122,0.320151256353371,0.468893846426243,0.297918675104492,0.334337909824501
17,0.195179374617028,0.266702161331233,0.251949077665579,0.292646964237678,0.339644436143977,0.270932180737812,0.31560156356409,0.333433641155678,0.299102454998069,0.335025434179817
18,0.164385327953494,0.267379514378596,0.245104772937898,0.29316763786979,0.297380316909723,0.27109685085186,0.257436990239619,0.29475838948073,0.299703595386226,0.33536935819826
19,0.160601738639842,0.268966296321352,0.246092777433813,0.294148630882064,0.299308795600521,0.271661139475724,0.258177028677145,0.296320399496368,0.300001843970578,0.321594737726699
20,0.198067695160092,0.241536683241431,0.269255269363229,0.248601482451013,0.298385964835206,0.250187617148574,0.257725467577817,0.297594589819727,0.300955517289211,0.30034994772419
21,0.179053259082034,0.194584820836165,0.269762841190439,0.248686927313702,0.300030067780319,0.250270893803082,0.259394395460382,0.297511235317957,0.301039998908178,0.252195953440681
22,0.179741639661008,0.192924905056392,0.263671693596072,0.250020309571564,0.248283127905692,0.250629419753045,0.256496103136727,0.299376427673189,0.298898026665444,0.252203787266991
23,0.180457589322593,0.193271479784209,0.264046295474296,0.243088202142957,0.205010915277692,0.251362907480724,0.256359006852255,0.299957845944781,0.299338716174281,0.229566917774314
24,0.181170838234244,0.195093616353567,0.264909443296041,0.243571005787107,0.205329929752485,0.251370742991168,0.258588015813703,0.300133596252694,0.29957598594224,0.229567941501719
25,0.181496022145091,0.195817051616317,0.263847346494962,0.244107889216062,0.20541025381401,0.252104820081948,0.22849016619504,0.29597580992667,0.299495424023097,0.23004383009501
26,0.150570303496314,0.195962448411358,0.263829701967189,0.243370091684178,0.187078728681928,0.252660142021343,0.214398836196633,0.253171510583083,0.299656131865543,0.230141374674001
27,0.151112871273767,0.168416203818861,0.24365448563235,0.243570911016832,0.187307029385525,0.252780196453222,0.214504260245743,0.253238640881307,0.297742664111588,0.230258440036779
28,0.135416234662605,0.169831324589659,0.243920780168834,0.243820819322768,0.187341022120614,0.251490964053126,0.209767590357615,0.253645096971041,0.297780930734157,0.227430044674511
29,0.135568788593187,0.14855348740022,0.244151553750184,0.224800173935713,0.187753846176978,0.227935176921945,0.210211901160287,0.200942021020378,0.293603332091106,0.228859597807003
30,0.13457439057567,0.148668179910217,0.198537766931507,0.224668711311573,0.188849963684593,0.184090520580501,0.210598749553325,0.179463658899879,0.243209677638744,0.213051013644467
31,0.133607144886968,0.139554481141167,0.198684169510176,0.189121798943307,0.18905589373958,0.183875513612458,0.17872886131558,0.165938473030405,0.244026875547411,0.213042155238844
32,0.11555119281989,0.140396155137129,0.199141637044824,0.171067258572652,0.189148936305436,0.184901134309244,0.155922256633954,0.166182948463176,0.244125589114116,0.21327082535009
33,0.103135706969034,0.140467362044673,0.181692002619516,0.156124803090057,0.189163839727776,0.184967145366537,0.155929999897807,0.159785265382786,0.24432469639205,0.213574481601099
34,0.095552768067616,0.140773233403755,0.182045019399367,0.156245761386568,0.184255478696609,0.185008145633146,0.156602042066073,0.159943482501734,0.244395788394685,0.192302945667331
35,0.093946152739763,0.1327243935887,0.182119524439029,0.156400849906107,0.184318783501983,0.185153503656586,0.157197492984367,0.145133155045421,0.244932424693541,0.147311382882141
36,0.094045736016978,0.130681575427468,0.18221364373936,0.156358442089614,0.170777212855896,0.166216697179046,0.157586577504224,0.130602527391662,0.24505097921377,0.140894836186755
37,0.094485673931205,0.130923676285075,0.182260520391493,0.142194065895876,0.170866317403388,0.161134156210342,0.143071104893232,0.131091681619811,0.245085395154262,0.141323842323192
38,0.091938010397601,0.131010293751866,0.182276208070137,0.1422602114664,0.170870196816197,0.161138036890087,0.143098378027803,0.131810314265892,0.226233164002801,0.14129962397183
39,0.091231789358391,0.131084175514994,0.166621076482638,0.142655696849521,0.170908991748904,0.161312682703029,0.140566238035454,0.131926897527736,0.226248914011335,0.141380611225815
40,0.09138615821578,0.131088064178725,0.166699253899039,0.127534650029737,0.171254980898494,0.14632734613297,0.140585723380764,0.132156762375375,0.212953385842971,0.141384496252813
41,0.083505414135027,0.131472476626394,0.15628830301331,0.127538529280816,0.167029584362153,0.146734008464368,0.140546663337184,0.132092242009169,0.213021680353452,0.14155454856585
42,0.080037044506957,0.128848179283761,0.140605241880446,0.120262825930747,0.167476016213106,0.144195631060523,0.136220595900206,0.116913979407426,0.213380004667203,0.139176547802263
43,0.080060137898416,0.12756489222418,0.121702023848545,0.120897166808162,0.154367748856878,0.144788452326731,0.136364093007238,0.11691785298993,0.213318656400899,0.139574210493498
44,0.080072677914989,0.122492810282334,0.115627773933267,0.120920418904644,0.139091101908483,0.145027076124534,0.136326471019662,0.113094960733877,0.191010782681887,0.139589785362959
45,0.077090392286115,0.122585175003632,0.115670280217714,0.109048631208435,0.138978721940834,0.145257145876668,0.136326560342477,0.113118181721873,0.183296244327977,0.13961704196067
46,0.077121162813576,0.106705866877453,0.110780649065486,0.109180451815367,0.138999329987169,0.141177615392946,0.117286453631104,0.113183609220181,0.180307039559497,0.139639663946313
47,0.07723656088045,0.106771748209323,0.111240928928692,0.109277085357666,0.139176665259063,0.131109945072339,0.117321349205972,0.113291992898215,0.150207332112067,0.140139659883163
48,0.073905677280879,0.105546419767593,0.111271822796772,0.109300278800241,0.122591900065221,0.127365418916971,0.113470093822842,0.107425351301618,0.122073855964482,0.136941976920554
49,0.073997716506045,0.105561934199099,0.111287270089105,0.108198292613344,0.122744001445168,0.120428680840763,0.113448554408213,0.107510400349043,0.118321859934015,0.137042316896349
50,0.071506913199973,0.105722558399282,0.111368372292934,0.108386109913973,0.118310921265487,0.120463730482584,0.113688936297724,0.100927049929675,0.117935635703817,0.130514271797947
51,0.071568381130197,0.09608346181229,0.106280905562737,0.108445403448701,0.118357376399639,0.120398441202732,0.113727784093353,0.101000392258855,0.118290001316988,0.126699980109335
52,0.072060465321446,0.086811535692266,0.105245969732671,0.104570994590779,0.112578673885903,0.120362381712245,0.113731668955906,0.097173376969497,0.113458671023537,0.126851870215632
53,0.072129656517869,0.086027457682212,0.105340745017799,0.104594198509423,0.109839560480486,0.121609372692694,0.113926818647321,0.09720423126862,0.113481983039143,0.126899644569594
54,0.074524281112803,0.083015697558628,0.094836889571565,0.111124336429439,0.120647599289671,0.107158912532592,0.104629400628186,0.11446602379662,0.113040030663907,0.11087057696631
55,0.074551529267935,0.082292153848179,0.09511186741603,0.102006117120756,0.120849479778263,0.107221056785228,0.104789146741344,0.114469903763348,0.113327008535831,0.110886063033158
56,0.072839368627575,0.082454661460936,0.095206960586774,0.102106663286019,0.120880541919256,0.099652024082843,0.105048973873856,0.114246836141408,0.108710892446799,0.105631721478796
57,0.072862528935585,0.082512706395298,0.095222419056978,0.099065898215223,0.120903839155831,0.099652386368301,0.10511878973285,0.114305091277789,0.10353270353377,0.105602367535487
58,0.065463026925127,0.082605585408551,0.095268795914538,0.095247288010614,0.122359356036461,0.099667895148077,0.105126940783085,0.114367233828946,0.103559750255366,0.101745702774865
59,0.065663732719215,0.08155143413627,0.091812945843122,0.095255017749672,0.122532893765775,0.09996406466352,0.10530847428862,0.114409198278166,0.103880888168191,0.101749565942921
60,0.065672431279906,0.081566912255548,0.091924621728902,0.09533971213341,0.122548448179009,0.099952191963911,0.106874725173844,0.114413082630957,0.103884753314387,0.101757292324067
61,0.065676285275682,0.075054892606465,0.091928483756551,0.095424412793757,0.122641779716175,0.099987100366557,0.102987057076849,0.117103163726989,0.104069911818959,0.101856620340665
62,0.066189128804703,0.075078073027772,0.089131467908574,0.095428278302681,0.122758456331817,0.093328907773928,0.103022006184349,0.11559434417546,0.09852301316165,0.101860483874344
63,0.062316775189069,0.07507829336621,0.086150102796778,0.095407108237677,0.122743885349823,0.089325715311038,0.103011502083343,0.107605354527572,0.098679269867233,0.097811678309316
64,0.060479761249104,0.075058976194112,0.086159532318972,0.095515349986498,0.117037972508881,0.089364404328533,0.100129261374592,0.107648069711774,0.098683141067076,0.097827117626447
65,0.060282990935458,0.075123553069665,0.086398467478994,0.095584263799533,0.117061278388876,0.089418571498366,0.100196331892956,0.107928524816605,0.098748953774319,0.098094187581798
66,0.060352015113174,0.073884516720549,0.085401073769076,0.095708329278809,0.113433613962236,0.084005563877209,0.100378754884659,0.107953471447643,0.096821049891569,0.098136658852569
67,0.058825981121929,0.07114003982821,0.085470601002925,0.09576633175635,0.113441400752215,0.084009699891945,0.096639804591637,0.108042821309042,0.091005319783942,0.098176328041543
68,0.055573455189957,0.065412815299778,0.08554097502207,0.091210087723591,0.113453081050867,0.08404061341445,0.08884950379294,0.108307445056103,0.091051713216998,0.094332561604715
69,0.055604230826752,0.065447350757354,0.085620777652764,0.091229452007127,0.110268996505921,0.084156547762312,0.088853374725742,0.104977842931236,0.091167706323146,0.094394287679368
70,0.055631372402769,0.065097427846695,0.085674605264442,0.089327152250902,0.110276782736986,0.08416427720384,0.088934667819005,0.104989491808394,0.088556156971194,0.094405861746614
71,0.054712969364992,0.065108993940536,0.08579084498525,0.084426662691714,0.110327394718976,0.084207063321806,0.089009127901902,0.105032205523839,0.088706680959607,0.094152487940709
72,0.055020617370262,0.065305801617568,0.085887770042423,0.08440840342807,0.102492339134704,0.084284638446783,0.088987102525223,0.105047738238251,0.088710548497852,0.094072223145716
73,0.055255756740748,0.065276581917425,0.085895501876775,0.081717785858515,0.10250011136277,0.084296234272201,0.089119350001822,0.101685046904884,0.088714416051241,0.094083810812064
74,0.055119075912323,0.064951919217149,0.085560267643804,0.081790051275273,0.093459148166624,0.084415791425672,0.089123222191778,0.098008764906555,0.088803373959288,0.09527252271608
75,0.055142166326426,0.062564332476456,0.08557186456071,0.081797791288384,0.092255376678559,0.084423522945249,0.088416928530715,0.090359140106285,0.088818845717707,0.095276390334929
76,0.053432822753866,0.062776307499322,0.084988365113013,0.079657178531524,0.084703266316719,0.08445472422898,0.084342495002675,0.090341600227596,0.08570798237908,0.091810644216045
77,0.051364378865143,0.062788761007268,0.080363457937693,0.079680386734479,0.079756554741748,0.084462456098406,0.08440445495588,0.087874288608321,0.085804895481528,0.09182610190653
78,0.051502799678712,0.058587758545812,0.076176439707084,0.079757751367857,0.077920314076339,0.084432626853613,0.084419945552865,0.087994778899586,0.085820357379313,0.088412179084382
79,0.050613568345705,0.058676574845005,0.076288259702468,0.079811910233555,0.077928047768138,0.084451956651684,0.084516767300706,0.087976278596983,0.085824222891635,0.085014584589883
80,0.046665871297193,0.058684276897423,0.076292115791618,0.079815778838119,0.077935781520826,0.084463554712507,0.084528386549661,0.088081272845968,0.082991642900231,0.08513477043818
81,0.046051035444025,0.0586503616353,0.076299828015368,0.079838990785156,0.077943515334403,0.084533145943782,0.084532259663087,0.088096784689526,0.082999368621432,0.085173453517226
82,0.044775686107995,0.058688872826986,0.076373097163599,0.079893154126016,0.078028591302682,0.083459761451133,0.083321623524867,0.088077072460814,0.083014820245655,0.085216006657269
83,0.043530066972592,0.058677567475956,0.076396235925736,0.079912498899413,0.078067264633231,0.080416348622504,0.083310544550133,0.088100341821724,0.082894227293343,0.085223743789149
84,0.043652932323819,0.058700674925839,0.073932512271993,0.078843677267204,0.078090469362378,0.078763335589888,0.083371691673555,0.088120326513331,0.082940627558139,0.081987340930954
85,0.042773607340616,0.057759091741447,0.073940233669795,0.078843919754564,0.078137357068814,0.078840583904119,0.083357815542364,0.088147475655443,0.08295636084878,0.082033807040959
86,0.042808158200197,0.05782844809246,0.072663473284841,0.075362540812528,0.076562303389475,0.07884444647923,0.083361687778545,0.088236685235691,0.082967961508678,0.082080275344518
87,0.042865745716095,0.057828567250937,0.072671604624289,0.075378004859984,0.076674430393555,0.078848309069522,0.083404014368936,0.088097575344073,0.082987296245517,0.079633822059806
88,0.042327079591756,0.057825071381877,0.069152289031061,0.072048230148854,0.076821144164667,0.078891040915792,0.083389062780077,0.086864860544169,0.075797239262287,0.079695782998179
89,0.042388537272104,0.057832778103134,0.066739967445953,0.072172052713634,0.076832745907508,0.078921943706736,0.083412297296397,0.083293292489733,0.07580904417031,0.079674032170986
90,0.042354227653344,0.05431650913036,0.066786259965945,0.072207230959424,0.076843306062007,0.078960573561934,0.083443277504032,0.083297166190443,0.075889662419346,0.079677904907983
91,0.041665431646509,0.052803211705282,0.066813264949218,0.06915781134925,0.073681038468635,0.077063954640038,0.078615320550198,0.083301039906388,0.07590124396793,0.079536993252094
92,0.041302294617604,0.052853153241729,0.066817122864923,0.069165532613762,0.073659758806337,0.074565385121603,0.077879992409865,0.081749451312294,0.07431342049355,0.079614458461297
93,0.041361314280323,0.051673617969812,0.066882709763417,0.06916939326888,0.073663623869589,0.074569247857796,0.077910960127587,0.081761082404635,0.074317284948372,0.079626326045704
94,0.040825014341774,0.051754751096845,0.066860422286793,0.06917325393924,0.073671354041818,0.07466560328039,0.077972898492076,0.081746093834222,0.074680201779847,0.079653440795174
95,0.03982863175409,0.051758598993364,0.066879713512031,0.068886884238033,0.067911446745115,0.074727414843864,0.076944440083986,0.081757725021271,0.074695671666815,0.077522323333803
96,0.039843989248686,0.051766294832232,0.066887430108809,0.068906186439908,0.067919522941143,0.074761967053962,0.072102483305712,0.081761602114166,0.07472274455623,0.077526194898256
97,0.039840162140006,0.051770142774582,0.066057388760176,0.068891113087645,0.067927242257876,0.073425001111024,0.072152738061631,0.079309372446082,0.074746387794437,0.077262419422329
98,0.037155001588714,0.05119911172279,0.066042293760203,0.067165558397097,0.06494630819245,0.073432725499154,0.071331985941049,0.079340371063837,0.074757991104557,0.077374712914747
99,0.03715883833314,0.051294350330633,0.067374919809134,0.067181012314793,0.065000304823385,0.068956830337263,0.071335851009947,0.078782336887738,0.074773462398276,0.077081775158721
100,0.037089671124355,0.049534087860805,0.063551642941721,0.06523899797062,0.065035018521124,0.068949298979708,0.071343581193523,0.07882908291303,0.07476594549613,0.077097263804767
101,0.03677475620969,0.049611028036852,0.063571240158552,0.065495470262929,0.065038875674879,0.068957014821403,0.07140155951599,0.07852123057391,0.074762296411512,0.077097496359405
102,0.03671721485016,0.049062033647784,0.063578956808832,0.065606884975263,0.064477243314558,0.068860028251769,0.071409290218414,0.078556348211631,0.074824184040994,0.072773265452687
103,0.036363904567094,0.048413713031784,0.063602107126079,0.06562234432527,0.064484958009324,0.068914047761121,0.071413155592519,0.07848946332663,0.07482805214751,0.071455245969478
104,0.034634821702853,0.048490444233462,0.063605965565721,0.065603681036699,0.063600658373426,0.068998756813509,0.071269563131211,0.078508841604715,0.074820535056543,0.071462979616637
105,0.034703848799212,0.048498136702138,0.063613682490809,0.065615275759715,0.063689208375589,0.069006474753547,0.071273430519852,0.078516593022961,0.07487833892056,0.067971472471311
106,0.034715353797493,0.045864457114299,0.063621399476967,0.064646765078979,0.063723920499931,0.069021910816377,0.0712889002272,0.078524826591619,0.074736448895079,0.068010107998519
107,0.03473834596431,0.045891411413956,0.063636833632496,0.061639743312456,0.063739502488735,0.067641716032448,0.071346913807002,0.07855195757878,0.073645926225233,0.06804874505312
108,0.034192383844489,0.043460611380854,0.06366770267643,0.061594260843301,0.06374335955192,0.065738929689299,0.069730570267476,0.078559709426995,0.073653661513167,0.06806420030265
109,0.033777041419695,0.043472135576249,0.06374611235039,0.061640594292893,0.063758787957214,0.065785584820416,0.069715476839621,0.078575696016198,0.073673000000085,0.06806806415322
110,0.033780875602377,0.043541352381537,0.063811257169018,0.061656039265833,0.063751227776812,0.065789611326827,0.065552685977131,0.078583448141524,0.073666874123199,0.06808756333353
111,0.033792378242282,0.042852808828494,0.062622221116813,0.061702375653962,0.063762799218999,0.065843825182952,0.065560414106507,0.078587324227121,0.070443468313505,0.068091427299023
112,0.033446189749403,0.042856649896418,0.062626080358873,0.061740990994407,0.063766656396906,0.065836270291311,0.065572006415297,0.078598952575652,0.070451199552404,0.065515746882074
113,0.033457587800284,0.043113113369345,0.062543974524848,0.061760299238639,0.063805692158302,0.065825187397269,0.065610648438911,0.078438946585788,0.070455065194759,0.065523469881838
114,0.033476758127338,0.042444824370403,0.062551693264567,0.061768022643483,0.063802143483176,0.064351390597528,0.065618377027205,0.078431432777924,0.070447527469317,0.065531192942709
115,0.033492094664594,0.042452508078764,0.060963874191139,0.059833932635403,0.063817573360446,0.064401720095032,0.065626105676691,0.074339521210905,0.07042877974294,0.065538916064688
116,0.033737512584167,0.042460191848334,0.061025629686804,0.059868671772016,0.063821430867908,0.060314420855966,0.065637698765657,0.074347267825382,0.070444242410104,0.063279948271951
117,0.033752853287157,0.04209267509055,0.061029489535318,0.059868934529946,0.063883307914791,0.06036068801553,0.065493745051717,0.070075274278338,0.067796615856252,0.063283808602208
118,0.03378353542843,0.042127249528829,0.061094970710285,0.059872794557005,0.063898739166603,0.060364543711419,0.064222416029555,0.070121736680773,0.067117145382669,0.06328766894775
119,0.033787370765025,0.041944159063702,0.061106551058225,0.059880514657051,0.062597849176653,0.060368399422579,0.060949396405452,0.070125608647242,0.067140320598041,0.062695376318641
120,0.033294850892265,0.041948001206286,0.060386161673012,0.059805412383544,0.061614030731085,0.060372255149011,0.060335081113091,0.07013722463859,0.06714804579201,0.062718540665826
121,0.032902283958049,0.041982556090419,0.060393880579349,0.059813132675637,0.05863679117271,0.058378392797785,0.060327495740811,0.065789885707943,0.06715577104707,0.062710967255187
122,0.032909952903253,0.042001767606819,0.060394015028191,0.058309867806249,0.058640643912511,0.058360347032434,0.060335215225562,0.065790218582637,0.067148394098083,0.062726410429751
123,0.03295210423456,0.042051719340733,0.060386430479424,0.056504514907717,0.058656055024326,0.058387325041701,0.060346794567465,0.065805690165753,0.067152256764483,0.062715124276818
124,0.032944376888381,0.041844899581906,0.060394149478632,0.05652766543074,0.058663760671802,0.057013831692346,0.05892779418547,0.065828898000185,0.067198261041923,0.06203338574039
125,0.033005733962624,0.040189540104403,0.060409587660659,0.056520060132382,0.058686877980514,0.057017684414977,0.058989530878557,0.065192965576126,0.067209849543083,0.062064267531107
126,0.032959542276796,0.040281721073215,0.060413447244419,0.057017205493992,0.058690730918717,0.057033095458243,0.058230263306462,0.063541581520181,0.068185626225901,0.060669723343917
127,0.03296337717786,0.040300926551883,0.060417306843481,0.056502707649302,0.057657547247283,0.057067771199136,0.058299708437204,0.063618746947981,0.06741462909731,0.0606660004502
128,0.032970873913728,0.040308608850546,0.058732779265333,0.056510426828257,0.057661400321743,0.05707933005438,0.058369403537554,0.06363034526631,0.067422365409104,0.06066985939482
