,"Toll Pathway of Drosophila Signaling Pathway_23868318","HH Pathway of Drosophila Signaling Pathways_23868318","VEGF Pathway of Drosophila Signaling Pathway_23868318","FGF pathway of Drosophila Signaling Pathways_23868318","toy_reprogramming","HCC1954 Breast Cell Line Short-term ErbB Network_24970389","SKBR3 Breast Cell Line Long-term ErbB Network_24970389","BT474 Breast Cell Line Long-term ErbB Network_24970389","B cell differentiation_26751566","HCC1954 Breast Cell Line Long-term ErbB Network_24970389","Body Segmentation in Drosophila 2013_23520449","SKBR3 Breast Cell Line Short-term ErbB Network_24970389","Human Gonadal Sex Determination_26573569","test_bonesis","Death Receptor Signaling_20221256","Mammalian Cell Cycle_19118495","synthetic_random_diff","Cardiac development_23056457","Processing of Spz Network from the Drosophila Signaling Pathway_23868318","Lac Operon_21563979","Cortical Area Development_20862356","Regulation of the L-arabinose operon of Escherichia coli_28639170"
0,0,0,0,0,0,0,0,0,0,0,0,0,0,0,0,0,1,0,0,0,0,0
1,0.299065420560748,0,0.003316462322728,0.002110215214124,0,0.010516467115098,0.086019880259637,0.015289119155693,0.006732137762905,0.002237323949985,0.031621843888318,0.014353546638089,0.442307483297577,1,0.159532492858963,0.756605374074151,,0.839037662692213,0.017135483748538,0.067283622414801,0.138381136766175,0.032438792158641
2,0.419889502762431,0,0.008223491387937,0.004677321601403,0,0.016982977131355,0.164757876013429,0.027936001477173,0.013283856997277,0.006105255116551,0.097351685990255,0.026523429119096,0.314502727716579,,0.293318684793609,0.810576606162163,,0.840875246199946,0.03504234936261,0.147597897730572,0.031985691892309,0.060580610176133
3,0.594594594594595,0,0.008908848648796,0.006555171765331,0,0.032904140356637,0.20362753032771,0.038672224924524,0.019904480460292,0.010884078179425,0.132978970880058,0.029335981845273,0.321819940870689,,0.362813573835133,0.992837469502027,,0.844983551862849,0.051788390700499,0.180741966357851,0.038057962733271,0.094461008125118
4,0.761904761904762,0,0.011081265435242,0.009171777047832,0,0.039186878939383,0.257687916186003,0.053684543247678,0.025029403548661,0.011030873283923,0.183234792170996,0.052621638644165,0.311296292785411,,0.412899212925029,0.999403937145726,,0.977326878760403,0.065191431712809,0.279736028620605,0.028647930997598,0.116344269855673
5,1,0,0.01465822139479,0.010598062229377,0,0.0511345207411,0.27368788266741,0.064608558061178,0.031761171856472,0.013874427230402,0.211289032391742,0.063882482564301,0.270062875522211,,0.548945024688867,0.999846710110519,,0.847966560462903,0.073249874686735,0.313018664498037,,0.150040082876684
6,,0,0.019581033498835,0.012084567724154,0,0.064008227295909,0.339224579432355,0.079918017287721,0.037661944676868,0.015906210709494,0.243813011428113,0.0795316434946,,,0.618032401195907,1,,,0.081993445810271,0.375097483529144,,0.168288268954828
7,,0,0.02506104812606,0.012854667065397,1,0.065781118738298,0.41694803327444,0.089071302452185,0.041933124543942,0.018758578468989,0.270828157771246,0.083532282992291,,,0.727668798052399,,,,0.108147439993862,0.423351068629538,,0.172512308258714
8,,0,0.028725162188241,0.016131537370649,,0.081927204260645,0.50260801618048,0.110226713690424,0.047168646681669,0.022192558411599,0.32118026934329,0.104595979244118,,,0.760548394845429,,,,0.120595071227988,0.475740184047316,,0.197056764336759
9,,0,0.033581180756255,0.017873452165097,,0.088524636651247,0.536935178500205,0.118816893827695,0.050772323100734,0.026839460203371,0.366117833344842,0.110202847283543,,,0.795124014809874,,,,0.144052980027389,0.497266194536417,,0.21656092344983
10,,0,0.038401217535294,0.019128205113407,,0.096126691106327,0.591104996590706,0.128326793386531,0.056023707079328,0.027677791084671,0.378281421620614,0.121053807283404,,,0.875197013858065,,,,0.155656642904074,0.544518843879014,,0.257549946458463
11,,0,0.040244668849495,0.020920269681569,,0.109421284480724,0.607361343278503,0.139310566799801,0.061222834781107,0.029785415925755,0.408260641477805,0.132271563977321,,,0.918805405039822,,,,0.162656796504236,0.570200455951967,,0.293450011246394
12,,0,0.044577938023525,0.025210103766252,,0.117473994846846,0.631483242390314,0.15633466741886,0.063575758091804,0.036985670940037,0.421924203445041,0.141895355405318,,,0.96618747153496,,,,0.177082583109636,0.640967758239746,,0.304772614941741
13,,0,0.047789786011454,0.0258231554788,,0.126470282973875,0.644696508702452,0.172213470863188,0.069945358990292,0.037181383249824,0.469349694305987,0.145778373591994,,,0.982136363942678,,,,0.192877489636505,0.648873008232644,,0.337433225480354
14,,0,0.053961757919709,0.026885113418332,,0.136817713576255,0.672497482935223,0.19203013041009,0.07751422040831,0.042055030219256,0.505994916397212,0.166591093878447,,,0.99560487101562,,,,0.214159861743369,0.671630100926617,,0.367288285698074
15,,0,0.057325750586742,0.027622783223285,,0.140621072320704,0.721496448398239,0.209666384838658,0.084174318353511,0.045719583659589,0.538574985330817,0.174985747167643,,,1,,,,0.223347452453608,0.689190947203637,,0.392934828514657
16,,0,0.060974405409997,0.033213923994175,,0.158010983417893,0.77718855767768,0.216524782603944,0.086580591823744,0.051166078760738,0.572215537885559,0.179847085734894,,,,,,,0.245532889264559,0.699557327312935,,0.416006941786979
17,,0,0.062883916960438,0.034829437568503,,0.162998743508701,0.800172711115482,0.223345142263692,0.094723442078215,0.055346737991859,0.600257596089649,0.19349916068597,,,,,,,0.258829611780112,0.710565198066342,,0.429191941593332
18,,0,0.064794348743934,0.03641608225147,,0.170305975916063,0.824308982585384,0.231076463512959,0.097729592485789,0.057632101613988,0.609522730516556,0.206464615378563,,,,,,,0.274960488053271,0.722504363796728,,0.441756210716677
19,,0,0.06889742090504,0.038023046470234,,0.176062973607478,0.830600251048829,0.238263927899161,0.104539551241158,0.059387220538346,0.625955423372414,0.214283807529199,,,,,,,0.280343183924869,0.738330387127532,,0.450757057501055
20,,0,0.076609991894692,0.039829852552227,,0.183939976559079,0.842102651788425,0.247044285847173,0.112299013163634,0.063345259268453,0.651159980843009,0.241992816737324,,,,,,,0.288315542043129,0.759708832589143,,0.494328502541548
21,,0,0.081518223685142,0.042691369210215,,0.190602228880468,0.851267694285817,0.256416120560236,0.11645786231059,0.066307982765097,0.65729628638327,0.249611889796321,,,,,,,0.299458674770784,0.764382903951878,,0.506692960362907
22,,0,0.085431799135226,0.04434746424832,,0.197735167134631,0.857867444028627,0.266481812547294,0.120917762363786,0.070233373730363,0.673584363854209,0.257696707616103,,,,,,,0.31294442491913,0.779112287022843,,0.528622809883297
23,,0,0.089787835920247,0.047000727943183,,0.205903688866752,0.860530776304832,0.275921076952915,0.12587330586747,0.071451299701523,0.69097020683461,0.266291322245546,,,,,,,0.332740637646741,0.792126924133873,,0.542420394897198
24,,0,0.093720575462784,0.048178356715755,,0.214180786589128,0.873730921312276,0.28751342270728,0.131229047121564,0.072595043763536,0.704472018807089,0.279029587801676,,,,,,,0.338838401485958,0.807169243457244,,0.561981326721326
25,,0,0.09643647603373,0.050359539103051,,0.232783415434242,0.875334924933854,0.300066245526364,0.136846665921972,0.077238311077036,0.716440177363436,0.289046718913701,,,,,,,0.344238053120835,0.817857283158912,,0.583145465242612
26,,0,0.099850390643638,0.052580884472318,,0.24328520000841,0.879831390659276,0.311935226780549,0.143146291726767,0.080139298287928,0.728269075818887,0.303984808998882,,,,,,,0.353732308835492,0.82329139450241,,0.600426123396202
27,,0,0.104019070437181,0.053905427636574,,0.254731212239042,0.887164108862801,0.325684371952281,0.149799486144987,0.081279573225122,0.742085436383576,0.315809274069423,,,,,,,0.361323843439837,0.835820735127487,,0.610794028569687
28,,0,0.107084000859271,0.057931994118746,,0.264284840635616,0.893316605535691,0.339601179828317,0.157316475119671,0.082892933234379,0.765846265133877,0.328544409806697,,,,,,,0.372721964892905,0.841939447515423,,0.636752140903325
29,,0,0.109932230536778,0.061598688026474,,0.274693906576637,0.907445899018059,0.356964291145762,0.167846518361518,0.084364261954442,0.780438580907309,0.342299633696791,,,,,,,0.374886210069674,0.84468486351089,,0.64948924053008
30,,0,0.111325165334539,0.064714712886677,,0.289218649181197,0.906029318746278,0.374858427579301,0.183924370621719,0.084842961708963,0.806578711094549,0.358276385842893,,,,,,,0.382413426372964,0.847018665364888,,0.663609383943967
31,,0,0.115467726617961,0.06647256442461,,0.304857484786263,0.937033288485881,0.379924349988966,0.194820955400603,0.08638193971993,0.822287197602883,0.381049074084397,,,,,,,0.390234220114609,0.866762385386825,,0.679283536366744
32,,0,0.118847745417829,0.069472210294048,,0.309042896011166,0.937163775460162,0.400152537364688,0.196391370431193,0.088475672720817,0.851157208490084,0.385252667133677,,,,,,,0.393390773704471,0.87129127111782,,0.690799883346588
33,,0,0.122919045984632,0.071634812375936,,0.313062838267484,0.970160334313821,0.405173836900012,0.197986445682247,0.090377109164954,0.861286907590659,0.388567467558822,,,,,,,0.395534534339079,0.875251066750685,,0.697871687562926
34,,0,0.127986834406302,0.073345255116146,,0.316995307063369,0.977437231415091,0.411063101126588,0.199293177777978,0.091377388813162,0.876267012096884,0.391739137821152,,,,,,,0.410051335315186,0.877332749525699,,0.707517778224442
35,,0,0.13174973306461,0.075875994624785,,0.321607946932026,0.976174079224289,0.417119602969717,0.202343553664477,0.093035682746069,0.883457886308973,0.396760635238291,,,,,,,0.416163149651361,0.892333738429438,,0.722726573303077
36,,0,0.13427217341317,0.077288808266819,,0.326311950023257,0.971680568001038,0.42256189971679,0.205087689384013,0.09355602810499,0.887473008370955,0.401098608733862,,,,,,,0.419734503529135,0.894369033044137,,0.72965891720327
37,,0,0.138592962567808,0.078001286043403,,0.330574323564188,0.96747555030366,0.428951780207674,0.206822828833067,0.094251522130411,0.903687458167133,0.40353536188488,,,,,,,0.440295833744084,0.909906327961701,,0.739633078933307
38,,0,0.141023043564346,0.080083495564831,,0.335156641871075,0.96616031360929,0.435530836630418,0.208245175263818,0.095043250229256,0.907877946606126,0.407494105733347,,,,,,,0.442458552848784,0.910009979384311,,0.743150905898018
39,,0,0.144221830415072,0.08026188879211,,0.340297700846057,0.961902705253406,0.44230759619795,0.210044446092321,0.095760269284688,0.909986959570453,0.410971599174058,,,,,,,0.446315781476291,0.912216166587267,,0.752248741001624
40,,0,0.147753043638811,0.083767724391314,,0.345146211628663,0.960991602415442,0.449291106432923,0.211866443718781,0.096487784037191,0.912105232301497,0.413110137906789,,,,,,,0.456691797329156,0.924467248383682,,0.763470498845627
41,,0,0.151386639190694,0.084918052736085,,0.350130304957356,,0.456490975467507,0.213872107060508,0.096688049079407,0.914232825916895,0.417253019493987,,,,,,,0.468423839203019,0.925919414696374,,0.774964794039838
42,,0,0.156155906060314,0.090305042526192,,0.355019622442462,,0.463917416147736,0.215762691279466,0.097417946500316,0.915300137302722,0.421663578927363,,,,,,,0.489063201268296,0.927375737310867,,0.784811495775307
43,,0,0.158080720251794,0.092285621162725,,0.361357107095513,,0.471581294368162,0.217685955536327,0.097621953410326,0.918516222972498,0.423193908427325,,,,,,,0.516879120067504,0.930322797835155,,0.792954212477108
44,,0,0.160611415029,0.09557702701882,,0.366808291600071,,0.479494182117878,0.220863988858159,0.102278451496594,0.925558080873119,0.426936876255204,,,,,,,0.525787163352459,0.932265883549635,,0.801654774059592
45,,0,0.163721940434551,0.099655803396109,,0.372421312473794,,0.487668415782535,0.224417914373738,0.10250257583675,0.932702561723428,0.430744352415904,,,,,,,0.528673875285168,0.932514955813427,,0.815897873217166
46,,0,0.167248148533885,0.101687729407734,,0.378203485278562,,0.496117160320133,0.228084573840473,0.102978855994085,0.933810964281979,0.436050770237068,,,,,,,0.538015040644533,0.933829214706228,,0.826654705833333
47,,0,0.170543495300063,0.103756092491127,,0.384162573239726,,0.504854480012774,0.2302277528781,0.103612091133343,0.934678636365192,0.44176301606796,,,,,,,0.546046434590089,0.933780720909855,,0.834008699125936
48,,0,0.172982433792225,0.106973406409002,,0.390874870297861,,0.513895416594163,0.231297290155701,0.10365032452065,0.935234746140119,0.444561115116039,,,,,,,0.554872695215613,0.934805059542953,,0.840763961332025
49,,0,0.176363169723222,0.109381797326249,,0.397818947967659,,0.523256075665783,0.235187252837299,0.104059849894337,0.942521467613147,0.448679810561664,,,,,,,0.559141225619531,0.93501361101014,,0.848490193031858
50,,0,0.179372296536017,0.112499712882125,,0.405007022502747,,0.531722466992992,0.23702176008216,0.109342697900983,0.945565680587951,0.454424696386817,,,,,,,0.568384942793303,0.935593365511172,,0.851067044631912
51,,0,0.181932648925031,0.114308194792688,,0.411821598524437,,0.5404592024879,0.240115382398786,0.115170538534868,0.946703159817647,0.457380609857258,,,,,,,0.577512763715552,0.936266701506859,,0.858311466479135
52,,0,0.185667248879956,0.117124356375439,,0.414355267769237,,0.550791996053831,0.243972774800467,0.115672935489369,0.947272869895197,0.46243126110888,,,,,,,0.586772813550291,0.950159844411915,,0.860915395151373
53,,0,0.187133035665558,0.11908252432549,,0.422141656664826,,0.558797209310589,0.248531507287311,0.122190951654066,0.948342824931143,0.465489216512325,,,,,,,0.607432986732035,0.951246099327187,,0.869560050172291
54,,0,0.19822093288068,0.118962023582076,,0.424934623068146,,0.571238587948805,0.256152578319794,0.11688332938435,0.946489685490888,0.471102683429506,,,,,,,0.61537758294516,0.957740220158013,,0.865135611735564
55,,0,0.201277795800993,0.120720622949465,,0.433116571179327,,0.582759017227302,0.259132660753802,0.1170121693765,0.947059152685542,0.476845699566846,,,,,,,0.622649561911569,0.958783480805988,,0.871471861822297
56,,0,0.204449331183621,0.123793660618961,,0.440531732722373,,0.594740910658342,0.263818311224785,0.123681418772914,0.947629267913363,0.478790319118304,,,,,,,0.628303072225366,0.959776164477398,,0.873848091240373
57,,0,0.204952437416297,0.125455175552826,,0.443785949739258,,0.607212561626627,0.269121964985414,0.124258545476472,0.950776534845842,0.486221681605937,,,,,,,0.63492000871752,0.961812154698793,,0.88291767035009
58,,0,0.206412479853356,0.127037656513769,,0.452697507155163,,0.618551046367429,0.274637688016599,0.124658364543334,0.95135088938025,0.489596804812815,,,,,,,0.643022581511373,0.95710426393177,,0.886389120219453
59,,0,0.209044522200595,0.128814386921105,,0.461178623375963,,0.62860360072168,0.280378459350017,0.132226215937551,0.951925900310522,0.4961364139421,,,,,,,0.656772235286093,0.957242803276432,,0.889412686171781
60,,0,0.211519425876948,0.131367777073628,,0.464340046192138,,0.638980048626026,0.283586936001746,0.140179378394875,0.952501568762537,0.498377569219731,,,,,,,0.657501501885812,0.95795254758267,,0.894560173929371
61,,0,0.214281523491491,0.132786559373549,,0.474083344679724,,0.649696300179662,0.287314224896109,0.149757375975329,0.952645588745497,0.503170071571887,,,,,,,0.660630815597621,,,0.900687017693374
62,,0,0.218846330825591,0.135405240354966,,0.477420422166527,,0.664542712658272,0.293280391757349,0.150940317739891,0.952789649911739,0.506778174112697,,,,,,,0.663046344600089,,,0.904441180709481
63,,0,0.221262065492856,0.137245282617635,,0.482084538090976,,0.668358445828655,0.299827800406543,0.151153748419706,0.95293375227893,0.511174795180962,,,,,,,0.670397121743886,,,0.909164074234136
64,,0,0.224230943037403,0.140223898090808,,0.486838531952427,,0.684059415706069,0.303209842257298,0.151233936949996,0.953366306763026,0.51658727022301,,,,,,,0.683584158770234,,,0.912339124494957
65,,0,0.228157550671034,0.141566302598668,,0.489470435946421,,0.688097960669897,0.307104948528954,0.153224841806284,0.95351057411089,0.519049871979585,,,,,,,0.696413808846515,,,0.913834787450909
66,,0,0.230913113448355,0.143959805589799,,0.490796844310948,,0.692183405580676,0.312091072843604,0.153499675925951,0.953654882748193,0.526380888063181,,,,,,,0.721252890101956,,,0.917745691305338
67,,0,0.234992463154884,0.146235352661626,,0.495721045088686,,0.695278760967682,0.318865170344394,0.161202491864432,0.953799232692662,0.528501320576237,,,,,,,0.734602726847321,,,0.920978784617044
68,,0,0.236959908022488,0.149482249544013,,0.505864988531187,,0.699448269718625,0.32593334775571,0.165738063587093,0.960923353205868,0.534479537562523,,,,,,,0.738488471464007,,,0.924233882251091
69,,0,0.238647951358409,0.15187576513821,,0.509655064374348,,0.70366698503928,0.330934937530867,0.16605568976,0.96814881698232,0.538743161401525,,,,,,,0.744516832757999,,,0.92710032022662
70,,0,0.241282688433447,0.153051644097066,,0.514422892387231,,0.707935783169114,0.335050145299927,0.166838931644954,0.975477801981563,0.540961754231611,,,,,,,0.752093766089081,,,0.928797502707416
71,,0,0.242563098597651,0.155498728772649,,0.51588496579147,,0.712255561276515,0.339801305487094,0.166871054307665,0.982912549021899,0.545117562495841,,,,,,,0.759758153367298,,,0.932106123784472
72,,0,0.244241809861658,0.158361257551178,,0.527778741589807,,0.7166272380874,0.343588965289918,0.167257472623574,0.990455364064604,0.552240988863487,,,,,,,0.761762959921651,,,0.933925146781748
73,,0,0.247303537956107,0.159039914214499,,0.530345971791607,,0.719940619396951,0.346345524170745,0.169663039315042,0.990610440830287,0.554223164050599,,,,,,,0.768169219794677,,,0.936745093618015
74,,0,0.24960340134448,0.160176628364904,,0.535029134414187,,0.724405396803569,0.35176157638621,0.172137294438635,0.990765563612136,0.554742533983953,,,,,,,0.776696698701004,,,0.940280816251046
75,,0,0.251473805093462,0.163302554244258,,0.540275042741136,,0.7289247159695,0.357420603402302,0.172205608869278,0.99842337938048,0.556306346935691,,,,,,,0.78672088723736,,,0.941126205111727
76,,0,0.253021878791712,0.164751051803741,,0.546223255077631,,0.732350602356287,0.357657745311173,0.175850438630352,0.998580829344153,0.560695668189573,,,,,,,0.792003202275309,,,0.944948652160869
77,,0,0.256893457171534,0.166201857707083,,0.547867825082034,,0.735808166972455,0.360048846086245,0.176117849164707,0.998738326384408,0.562737488402511,,,,,,,0.793124110458789,,,0.945802151535308
78,,0,0.259239521309284,0.168724482477031,,0.550630441273566,,0.740468294505435,0.36308995935632,0.176189293262935,0.99889587052236,0.567860639453353,,,,,,,0.80005789123498,,,0.949099494883605
79,,0,0.260647290230404,0.170979152081154,,0.567148944098254,,0.745186593793209,0.364994091701131,0.17626079417387,0.999053461779138,0.570319247195511,,,,,,,0.801201201108836,,,0.951041415377824
80,,0,0.263302042046146,0.174589879195105,,0.581499684801369,,0.749964160902268,0.368558659078655,0.178928477313161,0.999211100175886,0.577352491305767,,,,,,,0.805806552930619,,,0.951906951941892
81,,0,0.265625273662587,0.176950219201553,,0.58768098726276,,0.754802119609112,0.375662683134132,0.181676467114714,0.999368785733756,0.584556843133263,,,,,,,0.815174241780901,,,0.952774008488667
82,,0,0.269168844411331,0.17875549027914,,0.589579639227176,,0.759701622281496,0.379076364780629,0.18450844526464,0.999526518473916,0.589783162881739,,,,,,,0.81993837274879,,,0.954676013365005
83,,0,0.271924843843009,0.180242431691428,,0.605079791709784,,0.763417347348359,0.38521572370617,0.184586716065529,0.999684298417547,0.590565192897751,,,,,,,0.824227496942045,,,0.956640013734733
84,,0,0.274475581605924,0.183065624688801,,0.613270811555317,,0.768427414129938,0.391983437553455,0.184665052015408,0.999842125585839,0.595499082163022,,,,,,,0.833479506212555,,,0.959490696508659
85,,0,0.275674599321279,0.183403512030481,,0.630034325353455,,0.772227465055127,0.394630412930597,0.188850829570527,1,0.600514043093037,,,,,,,0.837284227533634,,,0.960811928367542
86,,0,0.278142153219354,0.184653033490833,,0.635284377279809,,0.777351881177999,0.401265928915229,0.193548664627777,,0.604585735113517,,,,,,,0.838533954788045,,,0.961694700589221
87,,0,0.278756240052397,0.187556309830051,,0.637497353622515,,0.782543406123168,0.403323809718284,0.193570151288342,,0.605406547399606,,,,,,,0.846268885370864,,,0.96257903844104
88,,0,0.281435383285571,0.188952203764175,,0.640173002510927,,0.786481886935378,0.403626705416266,0.193828356933597,,0.60860784568665,,,,,,,0.850188937082434,,,0.965241487538994
89,,0,0.283488218377772,0.191253313069241,,0.64241962560818,,0.789212219433292,0.410900051831388,0.197448505349295,,0.616491324191342,,,,,,,0.854144684878372,,,0.966132129747365
90,,0,0.284125810325478,0.194906004933977,,0.646198628842006,,0.79456075177922,0.412746757903291,0.202510497919284,,0.618199003259535,,,,,,,0.864650061446791,,,0.967024358578434
91,,0,0.286501560701924,0.198732152501766,,0.652414208694832,,0.798619043239624,0.417358001768935,0.20260446683937,,0.62067003821363,,,,,,,0.872865766960921,,,0.967918178275683
92,,0,0.287479209178871,0.201445605855536,,0.66017247870152,,0.799980858433963,0.417928183946819,0.202698521465278,,0.628531699174622,,,,,,,0.877031200361931,,,0.96881359309774
93,,0,0.290618951467309,0.202537865999199,,0.664641842208851,,0.804093777698746,0.423651392402383,0.203051991634908,,0.635684930732741,,,,,,,0.878399785037735,,,0.970202569484793
94,,0,0.29537115047614,0.204058973432701,,0.66706070496642,,0.805473985791478,0.427658817782526,0.203217359152316,,0.639207264135395,,,,,,,0.882617215609173,,,0.970933625652528
95,,0,0.297805175885961,0.20524992571163,,0.669496941166542,,0.811041619482204,0.430009420786355,0.206752246279422,,0.64265247971725,,,,,,,0.88818579018775,,,0.974397524313991
96,,0,0.301800975616926,0.208906653968421,,0.67392654875734,,0.816685285712619,0.434669985602898,0.208926775509497,,0.645955052176122,,,,,,,0.896847303556012,,,0.975306323161825
97,,0,0.302884445623103,0.209933095521847,,0.68219900887447,,0.818108265182618,0.439370936171545,0.212661247085523,,0.655539882334057,,,,,,,0.90124040619862,,,0.976444624287902
98,,0,0.305074570767785,0.211118447617264,,0.690673643345867,,0.819446735228837,0.447970131184191,0.213075653692692,,0.660316281449906,,,,,,,0.905675874471985,,,0.976900662867735
99,,0,0.30766953743374,0.213605510608808,,0.695384053568498,,0.825206166648933,0.450667789826492,0.213491651246038,,0.664972699399556,,,,,,,0.911533967041675,,,0.977813974160297
100,,0,0.308418975074552,0.215606190415476,,0.698028365019972,,0.8295781551003,0.452250960855227,0.217308760057571,,0.671575471181341,,,,,,,0.918961837838115,,,0.978251620625585
101,,0,0.312992357384494,0.217604716460472,,0.700158104795156,,0.835478701461272,0.455776651615065,0.217115109694557,,0.674354063186909,,,,,,,0.923570280038219,,,0.978996229485595
102,,0,0.314497899694938,0.218877506098818,,0.709080155817565,,0.836594239209632,0.459346465610433,0.21932286031947,,0.6792068022037,,,,,,,0.928224248697922,,,0.980143919765449
103,,0,0.315378663123606,0.222537470679811,,0.718228815872692,,0.838086180380762,0.462507274192914,0.223444393590135,,0.679979277475781,,,,,,,0.93292442179486,,,0.981294209565913
104,,0,0.317900808830028,0.224539386670729,,0.720575949587002,,0.842593516655222,0.465910291680387,0.225548289197063,,0.686484061715868,,,,,,,0.933792796027757,,,0.981582189226404
105,,0,0.318700295527851,0.226406030100209,,0.722938234591693,,0.844106558942866,0.467601955085591,0.229778686059815,,0.689856564384544,,,,,,,0.94315504170406,,,0.98273574086624
106,,0,0.320513735009602,0.227956273832318,,0.732444580423278,,0.845244846915291,0.46699144823405,0.229899702514774,,0.694528870087724,,,,,,,0.948004995549876,,,0.982966765245512
107,,0,0.322552710428114,0.229308134213621,,0.738722203555336,,0.846386153533887,0.471468410539025,0.23240871547043,,0.703234694321397,,,,,,,0.950798422272186,,,0.983197894474838
108,,0,0.324617457743507,0.230012094243569,,0.74510669894535,,0.847912612154821,0.47702487872944,0.237033252732882,,0.707193801271472,,,,,,,0.954010745011791,,,0.984583372528703
109,,0,0.326550720695937,0.23192535189254,,0.748136996888438,,0.849061009150737,0.48271198326155,0.237547561780069,,0.709568973427752,,,,,,,0.957244427374966,,,0.985047312194384
110,,0,0.328453681406361,0.235570006477027,,0.749355925126346,,0.850596965663838,0.485642824482586,0.240416020007396,,0.714650690648826,,,,,,,0.962237886659604,,,0.984973922118411
111,,0,0.331674420588471,0.238000438291783,,0.751805557649684,,0.844355081115728,0.488683586870458,0.242411225832696,,0.722263196850582,,,,,,,0.965114303041136,,,0.985206258118239
112,,0,0.33407622172271,0.240432830957224,,0.762079307366704,,0.845508462186011,0.490932436145776,0.247440167900199,,0.726001793941481,,,,,,,0.966352223791789,,,0.98543869992957
113,,0,0.336456862183441,0.242718431855418,,0.764188490663022,,0.846664941641998,0.494039085429137,0.247964907813982,,0.729538107820785,,,,,,,0.96728271085772,,,0.985903901276006
114,,0,0.339835246003938,0.244001383753553,,0.769941174948678,,0.848211755578845,0.498966773317406,0.253225857077731,,0.734199642571736,,,,,,,0.970605395023981,,,0.98596208125297
115,,0,0.343107375627317,0.245699489820769,,0.773174141191548,,0.8495359811846,0.502884525821226,0.253811784098107,,0.73887840267586,,,,,,,0.973112142724036,,,0.98613666095591
116,,0,0.34467915738016,0.247013914638202,,0.775779843107474,,0.85070362090151,0.507988708667804,0.256631841320436,,0.739334289457009,,,,,,,0.974790377751766,,,0.986659237532892
117,,0,0.348223464218507,0.247829735316263,,0.782813762831737,,0.852265386142348,0.514101824155804,0.262265533155202,,0.743511972653265,,,,,,,0.975315991625767,,,0.986772773452241
118,,0,0.350445247884919,0.250937176507032,,0.786154371343897,,0.853146356494665,0.518593948413013,0.266304610518575,,0.747947916990651,,,,,,,0.97700170001801,,,0.98683107264956
119,,0,0.352817660435457,0.253639818568772,,0.793375787209839,,0.854716950690452,0.523010544551012,0.266947500540457,,0.753909748602443,,,,,,,0.97869313595937,,,0.987412994152125
120,,0,0.355035930390833,0.256455466467022,,0.796806038909575,,0.856293234765793,0.528531412102956,0.267593460028792,,0.758903167933508,,,,,,,0.979965489202009,,,0.987471373136461
121,,0,0.358478698285259,0.257720694900918,,0.800265660643629,,0.857875239696364,0.532430138541985,0.271260133037082,,0.759384258967639,,,,,,,0.981667018834167,,,0.988055529660421
122,,0,0.359492657379175,0.258830988195373,,0.803755031235925,,0.858601273157909,0.535977848609025,0.272161149738353,,0.761314620079406,,,,,,,0.982946976222055,,,0.987813438640629
123,,0,0.361024272460303,0.260232252664861,,0.806685842708408,,0.860191253336989,0.541023803338024,0.27283227237932,,0.761798715211241,,,,,,,0.984658690166928,,,0.988691119072064
124,,0,0.362310508510138,0.261534756480225,,0.809637807161089,,0.857558397071561,0.546071821117244,0.27285247470261,,0.762768719192934,,,,,,,0.98809973034606,,,0.988749684631096
125,,0,0.363346039498379,0.264411334347023,,0.81261115442919,,0.859153006590634,0.551045777518696,0.269222837868385,,0.765204362186856,,,,,,,0.989829117089961,,,0.989624222132874
126,,0,0.364387439285521,0.265462309604919,,0.815606117689699,,0.860352791644043,0.556370614148076,0.26939199536722,,0.765530267793127,,,,,,,0.990262392544427,,,0.989859060332548
127,,0,0.366422039605267,0.267054386210441,,0.818501838319943,,0.861857159682942,0.561211577581495,0.270070727906395,,0.766019637097172,,,,,,,0.991999223826302,,,0.990740662611145
128,,0,0.36774664946613,0.268845700232686,,0.821539858411846,,0.86346752548947,0.561798092042587,0.270752843378765,,0.766509620500558,,,,,,,0.992978821891856,,,0.990976012630604
129,,0,0.368813174910225,0.271271492249738,,0.825214975016125,,0.863971977838894,0.568130456545459,0.271395421568816,,0.766836617840185,,,,,,,0.993305776725088,,,0.990971872006804
130,,0,0.372867717494702,0.273741056375559,,0.828178503442749,,0.865590123584598,0.574503169726349,0.27529766600113,,0.771609021344916,,,,,,,0.993414808640166,,,
131,,0,0.373414993322099,0.276065411144497,,0.831287922759103,,0.866502950001653,0.57969357560097,0.275963252825233,,0.772106046083132,,,,,,,0.995162520181522,,,
132,,0,0.377290867495362,0.278622640542897,,0.835049766441085,,0.867315940584374,0.580317760062993,0.276632023615849,,0.77410044268389,,,,,,,0.996148263164493,,,
133,,0,0.378694463656531,0.280964631841747,,0.838083512592227,,0.868946426344531,0.586633468027823,0.276945212711416,,0.774433825269868,,,,,,,0.996367577541753,,,
134,,0,0.381318534306723,0.283546233104179,,0.84113908538007,,0.870993022657239,0.589977191118603,0.277663708586325,,0.778240994115303,,,,,,,0.99691627844407,,,
135,,0,0.383328352646399,0.284888460439,,0.842290600496634,,0.872637131932254,0.595961632846134,0.277843907876574,,0.781716858320399,,,,,,,0.997575503121822,,,
136,,0,0.385651104377933,0.285971347525578,,0.846151553904242,,0.87315216746081,0.603078230328091,0.277979208922696,,0.787613556504459,,,,,,,0.997795434910722,,,
137,,0,0.389783637352136,0.28899181388362,,0.849395796186944,,0.872679629038379,0.607801470098317,0.278703016887297,,0.787958552655534,,,,,,,0.997905436507972,,,
138,,0,0.392789501854687,0.291793118115499,,0.85253344877942,,0.873611167043346,0.61008680149018,0.279020854143586,,0.791773180372994,,,,,,,0.99812551114672,,,
139,,0,0.397075607438177,0.294001446897025,,0.855826255163643,,0.867187856333192,0.610775718931316,0.279293856174926,,0.792121762943084,,,,,,,0.998345681096034,,,
140,,0,0.39925355864215,0.296461915946731,,0.859011052699143,,0.868846051389138,0.615572983809864,0.280024446379981,,0.792645202026081,,,,,,,0.998565946417843,,,
141,,0,0.403361694218508,0.298519062996584,,0.862353521861667,,0.869365515755283,0.616271669843932,0.280712809699995,,0.79316932055642,,,,,,,0.998676114862801,,,
142,,0,0.406579183516623,0.300980206083758,,0.863563104251406,,0.870197929294974,0.622250556903238,0.276714540365931,,0.794219601257718,,,,,,,0.998786307174131,,,
143,,0,0.409436453497952,0.305714723655748,,0.864776040559231,,0.867539664533804,0.629953244274571,0.278243676035274,,0.796857286427599,,,,,,,0.998896523359589,,,
144,,0,0.413169025966318,0.30900681914498,,0.865992344754075,,0.869213654506227,0.633629193988439,0.27838351591919,,0.797917182025734,,,,,,,0.999006763426935,,,
145,,0,0.414512450667769,0.309960376757617,,0.868707371731425,,0.870158065982043,0.639038925492767,0.278663612338819,,0.801113540628488,,,,,,,0.999227315238345,,,
146,,0,0.41654388384093,0.312127377807226,,0.869934623953313,,0.871104495897333,0.641561421247052,0.27806897267181,,0.801648712718433,,,,,,,0.999337626997945,,,
147,,0,0.416884374176587,0.314324651331885,,0.872124878414329,,0.87279204192813,0.645382330725928,0.278115843855223,,0.802184587235835,,,,,,,0.999447962670505,,,
148,,0,0.438844915648171,0.303252799654035,,0.881836658725773,,0.886862551517827,0.665997119148296,0.282495753731605,,0.81898249702806,,,,,,,0.999558322263801,,,
149,,0,0.444286619056939,0.304401910231465,,0.883100829525741,,0.88739365952897,0.66873006012383,0.284688073139667,,0.822598250367151,,,,,,,0.999668705785614,,,
150,,0,0.446422853199228,0.306570193721809,,0.883945600046812,,0.887925393105039,0.669554277462489,0.284737172977425,,0.823725863303648,,,,,,,0.999889544645925,,,
151,,0,0.449368913828304,0.309086059891396,,0.88521575210316,,0.881514231283579,0.670380508627799,0.286118790308567,,0.824290809200231,,,,,,,1,,,
152,,0,0.450955953680368,0.311885116488604,,0.886489513311516,,0.883217538528705,0.675898287335038,0.286317245658568,,0.825234079049192,,,,,,,,,,
153,,0,0.451853554302184,0.313262886004531,,0.887624787853799,,0.884927326806034,0.678702203319003,0.288770572097516,,0.82580105948549,,,,,,,,,,
154,,0,0.45365941940682,0.316220758801738,,0.88890540845133,,0.88664363317627,0.68307094519327,0.288867945267337,,0.826937319270772,,,,,,,,,,
155,,0,0.455682785384194,0.317386065336866,,0.890189682944424,,0.885431992974669,0.684497890019381,0.289882419173659,,0.82750660172896,,,,,,,,,,
156,,0,0.457929245966787,0.319488306899356,,0.892769256348548,,0.8859695358641,0.69172208992486,0.285691545471805,,0.829257643586,,,,,,,,,,
157,,0,0.461652999098549,0.320848305964754,,0.894064586849897,,0.879462466246963,0.696129545511469,0.285898755436095,,0.832318745287895,,,,,,,,,,
158,,0,0.464591005912325,0.323169546935617,,0.895363634428736,,0.871222433789516,0.700501308353804,0.281558834229452,,0.83289517505765,,,,,,,,,,
159,,0,0.467887334061148,0.328896838243742,,0.896666415107829,,0.870722330023348,0.701398407426813,0.284813692766777,,0.833472389737574,,,,,,,,,,
160,,0,0.470038713072756,0.331791083378022,,0.897537017459348,,0.870829893103428,0.702297785160011,0.284972875263575,,0.834050390931948,,,,,,,,,,
161,,0,0.473522008210446,0.333718068162539,,0.89840929092456,,0.870326247905015,0.709078200954625,0.285611366022164,,0.836370293093015,,,,,,,,,,
162,,0,0.475282916915227,0.334922138188865,,0.89928324031962,,0.872056568702271,0.711540070159699,0.291487491519273,,0.83695225107751,,,,,,,,,,
163,,0,0.477948758010083,0.337545043270405,,0.902208571122098,,0.872164938227519,0.714641321980685,0.297607313318313,,0.837535005294544,,,,,,,,,,
164,,0,0.480757383927518,0.338301952305627,,0.90323688229685,,0.872273334219689,0.717769468999477,0.297994800582673,,0.838702908971592,,,,,,,,,,
165,,0,0.483484625322712,0.340785351267129,,0.905300465397799,,0.872598681094719,0.71887073929232,0.298694070062984,,0.839288061715509,,,,,,,,,,
166,,0,0.488098843638888,0.343891984229562,,0.906187711653702,,0.864159920962541,0.724989655856622,0.301345459468883,,0.844590761773801,,,,,,,,,,
167,,0,0.490909528659487,0.34745485825986,,0.90752180626368,,0.864268185549584,0.72981085636498,0.304043764139782,,0.844986174592159,,,,,,,,,,
168,,0,0.496628301720775,0.349364978840086,,0.910052377121177,,0.863731500884356,0.732779414910526,0.304225349734357,,0.850360079132535,,,,,,,,,,
169,,0,0.49965947264809,0.35283565287936,,0.910948850963153,,0.863840154039151,0.737512299266022,0.304953840504329,,0.854384255403233,,,,,,,,,,
170,,0,0.502110957862764,0.354700936651286,,0.91184707099674,,0.863948834051548,0.742491458474041,0.306499763512442,,0.854991112544281,,,,,,,,,,
171,,0,0.505833246452264,0.355013723134711,,0.91244685698004,,0.861415042335007,0.748892747476686,0.306686659050772,,0.855598817579417,,,,,,,,,,
172,,0,0.507966941465103,0.356270367010271,,0.914250900257553,,0.852728005612756,0.752859329771465,0.307868512511949,,0.860286249692607,,,,,,,,,,
173,,0,0.511009792205635,0.359665021218085,,0.916515887450039,,0.852836941349021,0.756293160498154,0.31095359733025,,0.862404624635893,,,,,,,,,,
174,,0,0.515642476043916,0.360846820808285,,0.917880208575825,,0.852945904424976,0.761502513046189,0.311144906102495,,0.86364104578606,,,,,,,,,,
175,,0,0.517205275123604,0.364329064418074,,0.918791987224159,,0.850607080049692,0.765015110945285,0.311336447690788,,0.864260564178401,,,,,,,,,,
176,,0,0.518908946633001,0.365652178319823,,0.921385104391329,,0.8435338009525,0.768559976325699,0.312445513809768,,0.870504144116539,,,,,,,,,,
177,,0,0.521551831054592,0.369114821622537,,0.922763793421323,,0.843642483091556,0.773938755286389,0.312639142813262,,0.871763516857509,,,,,,,,,,
178,,0,0.523551587690822,0.37126947309929,,0.922227175122124,,0.843602909200073,0.779072282405438,0.312833009189691,,0.875046587150203,,,,,,,,,,
179,,0,0.526241716482516,0.37333390012489,,0.922841184922578,,0.843711641352034,0.780168709066209,0.313416036929618,,0.876134940163861,,,,,,,,,,
180,,0,0.527461243141324,0.37635643993077,,0.923917647811261,,0.84403800301137,0.781268199547838,0.314036351293691,,0.876771346648393,,,,,,,,,,
181,,0,0.531153704969708,0.378952211227942,,0.925768796026127,,0.84399849923041,0.782370766710463,0.315636975802438,,0.878957055254329,,,,,,,,,,
182,,0,0.534479221933755,0.379666334622431,,0.926542272365371,,0.834576334782005,0.78793020791693,0.316713049883797,,0.883241765158474,,,,,,,,,,
183,,0,0.537846315452965,0.381102634189557,,0.928403835498421,,0.830946949650106,0.789051509300169,0.316780545402374,,0.885670859369436,,,,,,,,,,
184,,0,0.542976633516898,0.384007871411154,,0.93105373588493,,0.830339882107228,0.792812141686006,0.319503886253278,,0.886536936331005,,,,,,,,,,
185,,0,0.545578386381644,0.386957456437877,,0.932149220183461,,0.830448266233881,0.793947271889588,0.315050802257895,,0.891768582883198,,,,,,,,,,
186,,0,0.549086126332616,0.388324449737048,,0.933090235901047,,0.825109564795952,0.797754427194653,0.309931257898345,,0.893525985705783,,,,,,,,,,
187,,0,0.550856836609218,0.390330024369752,,0.935766669866765,,0.824496363072919,0.798903643627846,0.310559057982671,,0.897949443604221,,,,,,,,,,
188,,0,0.55234111008663,0.391847767461469,,0.936873145294466,,0.824712770702735,0.804699328092091,0.309748951693486,,0.899284893589611,,,,,,,,,,
189,,0,0.55234111008663,0.39491871615724,,0.937031424298659,,0.814814138132551,0.807628552251607,0.307211977712188,,0.900624256659646,,,,,,,,,,
190,,0,0.554582465466887,0.39634227835409,,0.938140858633752,,0.812313712548141,0.813550905489531,0.310599020541018,,0.901519347810532,,,,,,,,,,
191,,0,0.555935965888201,0.397514619978879,,0.939093870429068,,0.81242147141155,0.814745727513067,0.308563399041373,,0.90320236976494,,,,,,,,,,
192,,0,0.560036100071631,0.398693874689309,,0.940048797294716,,0.811794711445597,0.817145843906062,0.307945494935528,,0.904102511608122,,,,,,,,,,
193,,0,0.564818317342809,0.399747954239254,,0.942444530868826,,0.808651090427013,0.821988396936191,0.311435600352929,,0.903830178312143,,,,,,,,,,
194,,0,0.566221925282733,0.400940434917034,,0.944691460578199,,0.804857002735204,0.825248514732049,0.312764632224456,,0.904280888413063,,,,,,,,,,
195,,0,0.568734402693727,0.402006369763687,,0.945818900185011,,0.802473559821762,0.828534382898162,0.314104923635948,,0.904008398431941,,,,,,,,,,
196,,0,0.570157422493517,0.403615876614641,,0.947272378737601,,0.792845195265371,0.82977328458905,0.314329410269392,,0.908539714794651,,,,,,,,,,
197,,0,0.573024776018942,0.4066001538377,,0.947757853062414,,0.79219786674,0.833095060633034,0.314629219665872,,0.913115941955365,,,,,,,,,,
198,,0,0.575920904602005,0.40907465908597,,0.947919787129379,,0.791063390921726,0.835603756672705,0.314704260375133,,0.914843742234008,,,,,,,,,,
199,,0,0.577379895241258,0.410462364290579,,0.94889254103701,,0.787269772138068,0.840666380475456,0.314929594967541,,0.916020060997325,,,,,,,,,,
200,,0,0.583289995621516,0.41298396241058,,0.950029917092131,,0.787212915613093,0.845653244283457,0.31626001880781,,0.92066964813974,,,,,,,,,,
201,,0,0.585286814805435,0.41525137936856,,0.950355376745576,,0.77811826547087,0.843896801949123,0.311507892405666,,0.92039631716921,,,,,,,,,,
202,,0,0.591359561247467,0.417831991385539,,0.950518189223035,,0.777891850837419,0.849075404005794,0.312266683810351,,0.920630006123384,,,,,,,,,,
203,,0,0.59392696188359,0.422204608231605,,0.950681056838305,,0.777412203866298,0.852562976985495,0.312824007939219,,0.921565930870872,,,,,,,,,,
204,,0,0.595478055690901,0.423386048635424,,0.95149622296298,,0.776743426308824,0.857847959109176,0.313745459765341,,0.921546309289892,,,,,,,,,,
205,,0,0.597037215744708,0.425170586853201,,0.952476247727432,,0.776850427030532,0.857629058808536,0.314672293250476,,0.922484323727449,,,,,,,,,,
206,,0,0.60070698020969,0.426669167465937,,0.952639779186974,,0.775845855889063,0.86029944586674,0.31760361457021,,0.923659487654811,,,,,,,,,,
207,,0,0.602116797675738,0.428481387346795,,0.952803366149996,,0.773831817275784,0.865690025792151,0.316221137152984,,0.923640341915486,,,,,,,,,,
208,,0,0.612903638404635,0.429698061545415,,0.952967008644759,,0.769761683243086,0.867728814053491,0.31920510433661,,0.928371706923795,,,,,,,,,,
209,,0,0.615107231758428,0.430921625438498,,0.953130706699544,,0.769528691567018,0.870462067082142,0.320173085905474,,0.92835364786946,,,,,,,,,,
210,,0,0.618442290502109,0.433079617477484,,0.954114063374905,,0.768847747284555,0.871835110770878,0.320415988939566,,0.928829520268314,,,,,,,,,,
211,,0,0.623512780935165,0.43525920877176,,0.95427815114334,,0.767147435344605,0.873902754403744,0.320659256665678,,0.922214394004324,,,,,,,,,,
212,,0,0.625221347434077,0.43841102623159,,0.95444229469874,,0.765087186721102,0.877434887987583,0.324114068126047,,0.923166670219679,,,,,,,,,,
213,,0,0.626556676937378,0.440004018022857,,0.954770749284276,,0.764850502442976,0.878299897975092,0.324943764654864,,0.927957229875721,,,,,,,,,,
214,,0,0.628281877831206,0.445179858471243,,0.955099427359382,,0.764678404481076,0.879337347006037,0.326880402295358,,0.928680037184231,,,,,,,,,,
215,,0,0.633514576633377,0.448144836656774,,0.955263850276818,,0.760895768663398,0.880740016600081,0.326060722122808,,0.929645505926152,,,,,,,,,,
216,,0,0.635278104780127,0.44964210415124,,0.956086804805483,,0.75827767498505,0.881677599357855,0.326314905822015,,0.931461095232454,,,,,,,,,,
217,,0,0.639232195084272,0.450645822799384,,0.956251563899782,,0.757577670219269,0.883087693716287,0.323449048878663,,0.930210112719306,,,,,,,,,,
218,,0,0.642832921547496,0.452328628120983,,0.956911161860992,,0.757510162421531,0.88686992138504,0.326859522551188,,0.930452677914379,,,,,,,,,,
219,,0,0.645255880205916,0.455732019330484,,0.956011901563717,,0.757267377621989,0.89068443826817,0.321562918265167,,0.930434823920134,,,,,,,,,,
220,,0,0.649334726401666,0.457280220562686,,0.957002911267504,,0.757199736325999,0.89549862437566,0.321824105218553,,0.93041696075668,,,,,,,,,,
221,,0,0.650980647367785,0.459709439925615,,0.956462572542768,,0.75713205732086,0.89533018019164,0.326344220566631,,0.931388930632365,,,,,,,,,,
222,,0,0.654714456327509,0.461460373791852,,0.956627930713868,,0.757064340575031,0.896842115675145,0.328049199342516,,0.925085892038984,,,,,,,,,,
223,,0,0.656807243165179,0.462870702305928,,0.956958816635172,,0.756821064492067,0.89903453643293,0.325093701059544,,0.925328982586598,,,,,,,,,,
224,,0,0.657648085156276,0.464823964277347,,0.957787022003641,,0.756140848845936,0.900502070372439,0.326723206729617,,0.92557219889769,,,,,,,,,,
225,,0,0.660183496367982,0.466973583803338,,0.958118700987353,,0.754906715120032,0.901184213129047,0.327452628350571,,0.925290341360643,,,,,,,,,,
226,,0,0.662097840209854,0.468055827427534,,0.958450607084044,,0.754838071673449,0.902659612230687,0.328552820277788,,0.92175477549643,,,,,,,,,,
227,,0,0.662952205573344,0.468780099769431,,0.958782740527064,,0.748450551741318,0.900862542816724,0.333964841450904,,0.922484766459042,,,,,,,,,,
228,,0,0.669866828325179,0.470966357800059,,0.95911510155008,,0.747915335394566,0.900153818678329,0.334059560136085,,0.924172777053445,,,,,,,,,,
229,,0,0.671837468023064,0.471699625509658,,0.959447690387083,,0.746845979905013,0.902377050257073,0.334344035351673,,0.926009862998505,,,,,,,,,,
230,,0,0.674040626469514,0.473172996613146,,0.959780507272382,,0.746666565392866,0.903865270179387,0.336078519878705,,0.926746711495435,,,,,,,,,,
231,,0,0.67759570698981,0.475027637352854,,0.960113552440608,,0.746882198845522,0.90235872187946,0.335517929858861,,0.926727584495784,,,,,,,,,,
232,,0,0.68345288808215,0.477272388469491,,0.955587675736766,,0.747205877900604,0.90459956578122,0.335533681961496,,0.926585500101983,,,,,,,,,,
233,,0,0.6848188660361,0.478969851913088,,0.955041950296837,,0.74742181667259,0.906401462609663,0.335823550052064,,0.928433088968951,,,,,,,,,,
234,,0,0.691730980378106,0.480870067040183,,0.954131153064973,,0.735828087899769,0.904285002706517,0.33278882639949,,0.928290930275782,,,,,,,,,,
235,,0,0.693831741025929,0.483170220416937,,0.954464259970943,,0.735752589223689,0.90412694197986,0.333952171808235,,0.92927925964006,,,,,,,,,,
236,,0,0.696180845451833,0.48549237173081,,0.953917010881448,,0.729135181289862,0.905633646940124,0.331253691100852,,0.929489713883234,,,,,,,,,,
237,,0,0.698545815243998,0.487640605719095,,0.954250331413733,,0.726914144443547,0.904921281038728,0.330474957407696,,0.9304811173694,,,,,,,,,,
238,,0,0.70068798619102,0.489610026257482,,0.955585918801158,,0.726172093467112,0.907192702247882,0.331455833813987,,0.930462867767179,,,,,,,,,,
239,,0,0.704046335949592,0.490998064988751,,0.956925206096888,,0.721452735890835,0.905363310124169,0.326712000728385,,0.925842969645166,,,,,,,,,,
240,,0,0.711351675881738,0.492594014943833,,0.957260607833816,,0.719004056695189,0.906883374685359,0.330865839174937,,0.925823438379309,,,,,,,,,,
241,,0,0.712830866898533,0.49500739087152,,0.956346997012649,,0.716167117061806,0.902281812600971,0.3308650289241,,0.925249457362951,,,,,,,,,,
242,,0,0.713820396678237,0.496629423473724,,0.957690828571113,,0.71589464484871,0.900430388846014,0.332093212411922,,0.926241486394868,,,,,,,,,,
243,,0,0.716056856250512,0.497444412920893,,0.958027369857064,,0.715728696771477,0.901953656064269,0.330454327462521,,0.926451007049187,,,,,,,,,,
244,,0,0.717555585899046,0.499905430327906,,0.958364144987994,,0.715835490787131,0.900095452480461,0.332827969717687,,0.924724140507046,,,,,,,,,,
245,,0,0.718558209124659,0.50114504831191,,0.958701154207719,,0.715752463099525,0.901113437858482,0.336633176075203,,0.924435796551163,,,,,,,,,,
246,,0,0.725655338478677,0.502807420298588,,0.959375875890506,,0.704258878358892,0.89924859356086,0.336440736387861,,0.924415805158407,,,,,,,,,,
247,,0,0.727194324926937,0.503642728738119,,0.959544702998602,,0.704084426944895,0.900324592705347,0.33539129136525,,0.924913085182767,,,,,,,,,,
248,,0,0.735513119390195,0.50532165888953,,0.959713588842897,,0.691589318185957,0.901857981110204,0.336676599968765,,0.92565999323556,,,,,,,,,,
249,,0,0.738151691123517,0.506165308226065,,0.960558900181124,,,0.903194395849211,0.337971691155673,,0.925515696946644,,,,,,,,,,
250,,0,0.743485714688541,0.507436051759954,,0.96089743694447,,,0.901948251695749,0.340554671858595,,0.922476618905075,,,,,,,,,,
251,,0,0.747265373028691,0.508713160964286,,0.961575218502636,,,0.90178189077417,0.34276013536307,,0.922705193101077,,,,,,,,,,
252,,0,0.750535629056917,0.510640865430706,,0.96065963356408,,,0.903380744829973,0.343650254854855,,0.92212421023144,,,,,,,,,,
253,,0,0.753558469502839,0.512366627657448,,0.960998855305036,,,0.901503364531097,0.344320852312939,,0.92183348694982,,,,,,,,,,
254,,0,0.756883852297654,0.5132338695211,,0.961338313905548,,,0.899619584708918,0.345219021177092,,0.921812686016804,,,,,,,,,,
255,,0,0.759677382991855,0.516072695751199,,0.96235811334782,,,0.898360160026221,0.347256953308008,,0.918749850729622,,,,,,,,,,
256,,0,0.761927016979612,0.518277767166435,,0.962528287862376,,,0.896465641382454,0.352056023091612,,0.91887444321701,,,,,,,,,,
257,,0,0.766466274024233,0.51916505598127,,0.950289145402975,,,0.898012113174176,0.350784006062375,,0.919123727976554,,,,,,,,,,
258,,0,0.767609505856189,0.521396563663009,,0.951140029852776,,,0.899621275975279,0.349701690907635,,0.9189774418199,,,,,,,,,,
259,,0,0.769330727795012,0.525234266557274,,0.951480805410264,,,0.902739261399623,0.351095410221755,,0.918831116599821,,,,,,,,,,
260,,0,0.77192700426136,0.526145441452481,,0.951821822367652,,,0.902944400594884,0.351212049951188,,0.918538348906781,,,,,,,,,,
261,,0,0.774832274105582,0.527059768529106,,0.952163080981536,,,0.90167613434269,0.353843252555225,,0.919536728228195,,,,,,,,,,
262,,0,0.776585900351622,0.529359484825447,,0.953017286450616,,,0.901563032287339,0.355179034996159,,0.919390262569978,,,,,,,,,,
263,,0,0.780116946073166,0.53144637588826,,0.953359392888192,,,0.902609085379726,0.356264066866124,,0.919243757737637,,,,,,,,,,
264,,0,0.781301069701962,0.532846759643614,,0.95370174214146,,,0.90313301594281,0.355276998618801,,0.911125200538009,,,,,,,,,,
265,,0,0.782488774396678,0.53519712935198,,0.954044334469025,,,0.902814998721589,0.354408479700434,,0.907993559073407,,,,,,,,,,
266,,0,0.786073538066305,0.537568230054011,,0.941511175027871,,,0.90328373044203,0.355861356925563,,0.908492580355891,,,,,,,,,,
267,,0,0.789691122996632,0.539960337245427,,0.941853572435751,,,0.898487866437919,0.357326073036381,,0.902477564964462,,,,,,,,,,
268,,0,0.792731175344946,0.542373731325115,,0.942882242725216,,,0.898895504390331,0.35885995232128,,,,,,,,,,,,
269,,0,0.793953725759831,0.543588499940325,,0.939991784762117,,,0.899158445031912,0.356785782105628,,,,,,,,,,,,
270,,0,0.795180033101767,0.544564222073627,,0.940850424453302,,,0.897870662528948,0.355263274916069,,,,,,,,,,,,
271,,0,0.797643988051092,0.546526165062063,,0.941194314482974,,,0.896579882002146,0.355757923000239,,,,,,,,,,,,
272,,0,0.799501945975107,0.547512423640088,,0.936341265423984,,,0.899745483565804,0.356129804763604,,,,,,,,,,,,
273,,0,0.803243813989724,0.548998473935283,,0.936685203853109,,,0.901336618898462,0.358263420418697,,,,,,,,,,,,
274,,0,0.80702068955815,0.554010503164579,,0.937546143151203,,,0.899392924742039,0.360529020453763,,,,,,,,,,,,
275,,0,0.809240229554513,0.558599868718221,,0.938063457732578,,,0.900989044374522,0.360464068189814,,,,,,,,,,,,
276,,0,0.81051400005134,0.560146526077562,,0.938236021298212,,,0.904198211859091,0.361992690442916,,,,,,,,,,,,
277,,0,0.813073546899569,0.562222049712204,,0.938581336692414,,,0.901267025189722,0.360843197076453,,,,,,,,,,,,
278,,0,0.815972329800201,0.563788770155313,,0.939272721491732,,,0.90368747332517,0.361997912348279,,,,,,,,,,,,
279,,0,0.817267289105663,0.564838089382489,,0.939228489095013,,,0.90172374266731,0.362385064003945,,,,,,,,,,,,
280,,0,0.822488280261428,0.565891304909964,,0.934325613252829,,,0.899753007754243,0.360579619618737,,,,,,,,,,,,
281,,0,0.823803914780668,0.566948438479541,,0.925386493259559,,,0.902184543630445,0.361096006583612,,,,,,,,,,,,
282,,0,0.825123743729269,0.568541533122238,,0.926251148880779,,,0.902726657418677,0.359930791355573,,,,,,,,,,,,
283,,0,0.829776467402203,0.571216593719013,,0.912866870304124,,,0.897433655875567,0.361484904453497,,,,,,,,,,,,
284,,0,0.830780280250377,0.572833695221403,,0.913039626980216,,,0.898518687748097,0.362136379888884,,,,,,,,,,,,
285,,0,0.83212246257229,0.575004065873511,,0.913385334163122,,,0.898790352723216,0.362266954050289,,,,,,,,,,,,
286,,0,0.835496873469624,0.578290502249643,,0.911740379388533,,,0.899334172108414,0.359653572265885,,,,,,,,,,,,
287,,0,0.839582287251355,0.580502321193641,,0.905527651858626,,,,0.358272671390995,,,,,,,,,,,,
288,,0,0.84198385704471,0.583851821107669,,0.90029649650671,,,,0.359316289427041,,,,,,,,,,,,
289,,0,0.84439913723031,0.585541046739483,,0.901332690282181,,,,0.357986367603831,,,,,,,,,,,,
290,,0,0.847176396780954,0.587808547538527,,0.902024795783454,,,,0.358117330333924,,,,,,,,,,,,
291,,0,0.848571855047103,0.58952068333011,,0.902371242323566,,,,0.359168456909118,,,,,,,,,,,,
292,,0,0.851376540857969,0.591530771484841,,0.892825323437677,,,,0.357754630804525,,,,,,,,,,,,
293,,0,0.852785813765403,0.593844795593058,,0.892998311145666,,,,0.343502577392272,,,,,,,,,,,,
294,,0,0.857041627825987,0.595008582074309,,0.891069300799787,,,,0.346617951985442,,,,,,,,,,,,
295,,0,0.862782239887117,0.59617692016703,,0.891242283495838,,,,0.350369492266144,,,,,,,,,,,,
296,,0,0.865681341378998,0.597349836625819,,0.891588447922384,,,,0.351706743484907,,,,,,,,,,,,
297,,0,0.868599897490315,0.600896326908465,,0.881841570015093,,,,0.350994034262637,,,,,,,,,,,,
298,,0,0.870066532327142,0.602685345963541,,0.882187244529223,,,,0.351397288318027,,,,,,,,,,,,
299,,0,0.871538104707673,0.605087273857417,,0.882360182143609,,,,0.351220678968515,,,,,,,,,,,,
300,,0,0.87486732509913,0.608116631394548,,0.883225875344176,,,,0.351626188857526,,,,,,,,,,,,
301,,0,0.876355117863483,0.610561956167513,,0.884614478376592,,,,0.351761564848857,,,,,,,,,,,,
302,,0,0.877847955492271,0.612717739429184,,0.88478835693489,,,,0.351042720579977,,,,,,,,,,,,
303,,0,0.881225418859658,0.61707511581492,,0.88513631660264,,,,0.350320574188117,,,,,,,,,,,,
304,,0,0.887294104209727,0.618646319388555,,,,,,0.350727535748427,,,,,,,,,,,,
305,,0,0.888824296807876,0.622131177680593,,,,,,0.35113543418119,,,,,,,,,,,,
306,,0,0.891900495914039,0.623088390955942,,,,,,0.351502793262418,,,,,,,,,,,,
307,,0,0.893446556992794,0.625655362536654,,,,,,0.352189114564752,,,,,,,,,,,,
308,,0,0.899684523653307,0.628243488730808,,,,,,0.353206287817354,,,,,,,,,,,,
309,,0,0.901257586153799,0.629545566697025,,,,,,0.349358700007799,,,,,,,,,,,,
310,,0,0.904420195249183,0.632165918522618,,,,,,0.347339092963982,,,,,,,,,,,,
311,,0,0.909205753244149,0.635139908779569,,,,,,0.348980913196384,,,,,,,,,,,,
312,,0,0.910812161592442,0.637138103034419,,,,,,0.348789802123364,,,,,,,,,,,,
313,,0,0.91242423054688,0.638477205235947,,,,,,0.349342353107086,,,,,,,,,,,,
314,,0,0.914041990080245,0.640158989023468,,,,,,0.353347376491265,,,,,,,,,,,,
315,,0,0.915259062322688,0.641510784123126,,,,,,0.353771470749478,,,,,,,,,,,,
316,,0,0.919339375392644,0.642868278510071,,,,,,0.354907330615887,,,,,,,,,,,,
317,,0,0.92428381261562,0.645600509928424,,,,,,0.352101426553878,,,,,,,,,,,,
318,,0,0.925528205730656,0.647319934589516,,,,,,0.351583376790209,,,,,,,,,,,,
319,,0,0.927609623583545,0.649742514698924,,,,,,0.350828670290836,,,,,,,,,,,,
320,,0,0.928444802643034,0.650438001965756,,,,,,0.351825852277704,,,,,,,,,,,,
321,,0,0.928862953877177,0.652533392224184,,,,,,0.351210732223063,,,,,,,,,,,,
322,,0,0.929281480252823,0.654642275785696,,,,,,0.356456777041991,,,,,,,,,,,,
323,,0,0.930119660449776,0.657831187563919,,,,,,0.354588548365263,,,,,,,,,,,,
324,,0,0.930959347285269,0.659258438395464,,,,,,0.349091659601649,,,,,,,,,,,,
325,,0,0.932643257150336,0.66141092149422,,,,,,0.349961423374908,,,,,,,,,,,,
326,,0,0.933065182636492,0.662853706987229,,,,,,0.351127802670477,,,,,,,,,,,,
327,,0,0.937731571963028,0.665758174002684,,,,,,0.351274141342773,,,,,,,,,,,,
328,,0,0.939012299169022,0.66721993819878,,,,,,0.352007649345976,,,,,,,,,,,,
329,,0,0.940296514037958,0.671272966072285,,,,,,0.352449211268478,,,,,,,,,,,,
330,,0,0.940725363160597,0.67350445530898,,,,,,0.353483798815591,,,,,,,,,,,,
331,,0,0.941584230835613,0.676879544191945,,,,,,0.353929036120544,,,,,,,,,,,,
332,,0,0.944170227670255,0.678390426388626,,,,,,0.354375384991008,,,,,,,,,,,,
333,,0,0.945035372168044,0.681432442836495,,,,,,0.353001740370143,,,,,,,,,,,,
334,,0,0.945902096622936,0.682963667777311,,,,,,0.3535968144691,,,,,,,,,,,,
335,,0,0.947640302747938,0.685273405192734,,,,,,0.353355168452813,,,,,,,,,,,,
336,,0,0.948948137063937,0.688377379624738,,,,,,0.354252406873261,,,,,,,,,,,,
337,,0,0.949822025163987,0.690723810406717,,,,,,0.352230756812344,,,,,,,,,,,,
338,,0,0.950259570430785,0.693086235095393,,,,,,0.352038277949596,,,,,,,,,,,,
339,,0,0.95201377250177,0.695067258217109,,,,,,0.350442140121832,,,,,,,,,,,,
340,,0,0.95289329390674,0.69745943286331,,,,,,0.346111749535931,,,,,,,,,,,,
341,,0,0.953333661650542,0.699465481725869,,,,,,0.347008819927671,,,,,,,,,,,,
342,,0,0.955099192626741,0.70351227630316,,,,,,0.347459082992045,,,,,,,,,,,,
343,,0,0.955541593179692,0.705962828822278,,,,,,0.34604008564992,,,,,,,,,,,,
344,,0,0.957315283556892,0.707194495999041,,,,,,0.342065427079107,,,,,,,,,,,,
345,,0,0.96043506870457,0.71049997763477,,,,,,0.342362898550965,,,,,,,,,,,,
346,,0,0.961778325913855,0.712999367966576,,,,,,0.340932179918121,,,,,,,,,,,,
347,,0,0.962226910068537,0.714675386703314,,,,,,0.339498994846458,,,,,,,,,,,,
348,,0,0.96312532948493,0.71720419022807,,,,,,0.338063336952573,,,,,,,,,,,,
349,,0,0.9635751659103,0.718051092669071,,,,,,0.33634573007259,,,,,,,,,,,,
350,,0,0.964927189059817,0.719750891575271,,,,,,0.3375260860066,,,,,,,,,,,,
351,,0,0.965830638579696,0.720177095215504,,,,,,0.336078737038403,,,,,,,,,,,,
352,,0,0.966282995329143,0.723604919878241,,,,,,0.336833607497846,,,,,,,,,,,,
353,,0,0.967188975757104,0.724898753194786,,,,,,0.338176231985674,,,,,,,,,,,,
354,,0,0.971286909601302,0.72663105441396,,,,,,0.3395523076125,,,,,,,,,,,,
355,,0,0.971744370960157,0.727935705092108,,,,,,0.340310813017873,,,,,,,,,,,,
356,,0,0.972202261598454,0.729682519919602,,,,,,0.340462916613895,,,,,,,,,,,,
357,,0,0.972660582120726,0.730998124189872,,,,,,0.339598312329249,,,,,,,,,,,,
358,,0,0.974038129053794,0.731877823607172,,,,,,0.342669393285112,,,,,,,,,,,,
359,,0,0.974498175180066,0.735417825321997,,,,,,0.341181933037402,,,,,,,,,,,,
360,,0,0.975419566815205,0.738095306295612,,,,,,0.340437203409998,,,,,,,,,,,,
361,,0,0.975880913547999,0.738095306295612,,,,,,0.340745752264523,,,,,,,,,,,,
362,,0,0.976342695042151,0.738992123282095,,,,,,0.339561267400346,,,,,,,,,,,,
363,,0,0.977730654247074,0.741243697700236,,,,,,0.3380649938602,,,,,,,,,,,,
364,,0,0.979122548508623,0.74214816111489,,,,,,0.337813872138327,,,,,,,,,,,,
365,,0,0.979587390613276,0.744418973919378,,,,,,0.337968565621061,,,,,,,,,,,,
366,,0,0.980518394585199,0.7448747995783,,,,,,0.336457956334786,,,,,,,,,,,,
367,,0,0.980984557702068,0.747621480792755,,,,,,0.330844864659963,,,,,,,,,,,,
368,,0,0.9819182093305,0.74854153338541,,,,,,0.329322964065508,,,,,,,,,,,,
369,,0,0.982385699098779,0.751315283868862,,,,,,0.329474497316285,,,,,,,,,,,,
370,,0,0.983322009694197,0.753175861992438,,,,,,0.330082012103442,,,,,,,,,,,,
371,,0,0.984260099249712,0.754577334579972,,,,,,0.328554553613184,,,,,,,,,,,,
372,,0,0.984729812722617,0.756454071584323,,,,,,0.327024304350589,,,,,,,,,,,,
373,,0,0.985199972840094,0.757395933870918,,,,,,0.331761808413048,,,,,,,,,,,,
374,,0,0.986613139439676,0.758813118967287,,,,,,0.332222252552087,,,,,,,,,,,,
375,,0,0.987557495446371,0.759760849566437,,,,,,0.333146943886118,,,,,,,,,,,,
376,,0,0.988030348858524,0.761186878273482,,,,,,0.334076740959427,,,,,,,,,,,,
377,,0,0.990401395831901,0.762618252939157,,,,,,0.332538892506164,,,,,,,,,,,,
378,,0,0.990876965747847,0.765497160845863,,,,,,0.332848835755321,,,,,,,,,,,,
379,,0,0.99135299068959,0.767428499930701,,,,,,0.333004021794498,,,,,,,,,,,,
380,,0,0.991829471310495,0.768883391375965,,,,,,0.326664435313812,,,,,,,,,,,,
381,,0,0.994218732558059,0.769856377762317,,,,,,0.328199811532812,,,,,,,,,,,,
382,,0,0.995657799545938,0.770343792057123,,,,,,0.326640753125336,,,,,,,,,,,,
383,,0,0.99613841088828,0.772299617110912,,,,,,0.326948378332984,,,,,,,,,,,,
384,,0,0.99710102108673,0.773772995012884,,,,,,0.327246341431252,,,,,,,,,,,,
385,,0,0.997583021278719,0.774265367102582,,,,,,0.325677637370555,,,,,,,,,,,,
386,,0,0.998065485758617,0.776241117771237,,,,,,0.325986089287397,,,,,,,,,,,,
387,,0,0.998548415197588,0.776736626993279,,,,,,0.326295119561,,,,,,,,,,,,
388,,0,0.999515671643875,0.777729539714251,,,,,,0.326759752953651,,,,,,,,,,,,
389,,0,1,0.780723519325068,,,,,,0.327225696834806,,,,,,,,,,,,
390,,0,,0.781726625547354,,,,,,0.327849003481491,,,,,,,,,,,,
391,,0,,0.782732304672184,,,,,,0.325774136574482,,,,,,,,,,,,
392,,0,,0.783236112168473,,,,,,0.326086334073272,,,,,,,,,,,,
393,,0,,0.783740566611261,,,,,,0.324962537430788,,,,,,,,,,,,
394,,0,,0.785764878834184,,,,,,0.326229351576871,,,,,,,,,,,,
395,,0,,0.786272586777716,,,,,,0.322051740141782,,,,,,,,,,,,
396,,0,,0.78728996736027,,,,,,0.323929563396236,,,,,,,,,,,,
397,,0,,0.788820969016804,,,,,,0.323122125812765,,,,,,,,,,,,
398,,0,,0.789332622879084,,,,,,0.322470748888142,,,,,,,,,,,,
399,,0,,0.79138587244173,,,,,,0.322784876716024,,,,,,,,,,,,
400,,0,,0.792932811630898,,,,,,0.32116422676604,,,,,,,,,,,,
401,,0,,0.795004800120956,,,,,,0.321791778873749,,,,,,,,,,,,
402,,0,,0.796044847832998,,,,,,0.318187573618842,,,,,,,,,,,,
403,,0,,0.783236112168473,,,,,,0.310157041699317,,,,,,,,,,,,
404,,0,,0.78424566924748,,,,,,0.310612415505627,,,,,,,,,,,,
405,,0,,0.78728996736027,,,,,,0.309579550184747,,,,,,,,,,,,
406,,0,,0.787799642535212,,,,,,0.309883751222816,,,,,,,,,,,,
407,,0,,0.788309975995335,,,,,,0.310188543718126,,,,,,,,,,,,
408,,0,,0.788820969016804,,,,,,0.308540654409766,,,,,,,,,,,,
409,,0,,0.790357918260502,,,,,,0.306889554873121,,,,,,,,,,,,
410,,0,,0.791900849816312,,,,,,0.307192319561395,,,,,,,,,,,,
411,,0,,0.794485791610284,,,,,,0.307495675212233,,,,,,,,,,,,
412,,0,,0.797610016030121,,,,,,0.307799623557564,,,,,,,,,,,,
413,,0,,0.798656874808172,,,,,,0.308104166336091,,,,,,,,,,,,
414,,0,,0.800758832678203,,,,,,0.308409305293324,,,,,,,,,,,,
415,,0,,0.801286046765653,,,,,,0.308715042181615,,,,,,,,,,,,
416,,0,,0.802342554005923,,,,,,0.310252757404327,,,,,,,,,,,,
417,,0,,0.803932533067201,,,,,,0.310407362048754,,,,,,,,,,,,
418,,0,,0.806596505312596,,,,,,0.311961826313503,,,,,,,,,,,,
419,,0,,0.807667029145705,,,,,,0.310441101835092,,,,,,,,,,,,
420,,0,,0.809816598431203,,,,,,0.309601345394182,,,,,,,,,,,,
421,,0,,0.812519655052034,,,,,,0.30991236400992,,,,,,,,,,,,
422,,0,,0.81415014172723,,,,,,0.311476767635939,,,,,,,,,,,,
423,,0,,0.815787165630824,,,,,,0.31242292534243,,,,,,,,,,,,
424,,0,,0.817430766157063,,,,,,0.311043839831782,,,,,,,,,,,,
425,,0,,0.817980101325345,,,,,,0.311201711148991,,,,,,,,,,,,
426,,0,,0.818530173117895,,,,,,0.30950187655174,,,,,,,,,,,,
427,,0,,0.819632532510365,,,,,,0.309659211090533,,,,,,,,,,,,
428,,0,,0.821291633476893,,,,,,0.308807663903534,,,,,,,,,,,,
429,,0,,0.821846156290427,,,,,,0.309437188348155,,,,,,,,,,,,
430,,0,,0.822401426190828,,,,,,0.310069254658786,,,,,,,,,,,,
431,,0,,0.823514213299507,,,,,,0.309688714606731,,,,,,,,,,,,
432,,0,,0.825189035016778,,,,,,0.308989770875851,,,,,,,,,,,,
433,,0,,0.82630936134841,,,,,,0.309624135667911,,,,,,,,,,,,
434,,0,,0.827432724836907,,,,,,0.30790370921518,,,,,,,,,,,,
435,,0,,0.828559137849436,,,,,,0.308379035615186,,,,,,,,,,,,
436,,0,,0.830254502444544,,,,,,0.30665296219392,,,,,,,,,,,,
437,,0,,0.831388593815872,,,,,,0.304528627205465,,,,,,,,,,,,
438,,0,,0.832525778528813,,,,,,0.305001449304779,,,,,,,,,,,,
439,,0,,0.834237383355661,,,,,,0.303262197160967,,,,,,,,,,,,
440,,0,,0.834809478742288,,,,,,0.30341939802814,,,,,,,,,,,,
441,,0,,0.835382357020349,,,,,,0.301989266931915,,,,,,,,,,,,
442,,0,,0.835956019797984,,,,,,0.300240664152089,,,,,,,,,,,,
443,,0,,0.837105705306571,,,,,,0.300396877444942,,,,,,,,,,,,
444,,0,,0.838836157773918,,,,,,0.300709786344461,,,,,,,,,,,,
445,,0,,0.83999376124237,,,,,,0.297819110084606,,,,,,,,,,,,
446,,0,,0.841736152011883,,,,,,0.297248338136419,,,,,,,,,,,,
447,,0,,0.842901755520042,,,,,,0.297822949639866,,,,,,,,,,,,
448,,0,,0.843485765158797,,,,,,0.298138074299843,,,,,,,,,,,,
449,,0,,0.844070582280785,,,,,,0.29861199849689,,,,,,,,,,,,
450,,0,,0.847596536334692,,,,,,0.299087413569664,,,,,,,,,,,,
451,,0,,0.848187053024489,,,,,,0.298193244406137,,,,,,,,,,,,
452,,0,,0.84877839073527,,,,,,0.297298136629456,,,,,,,,,,,,
453,,0,,0.852343754728329,,,,,,0.297456168028719,,,,,,,,,,,,
454,,0,,0.852940887830748,,,,,,0.295977360786136,,,,,,,,,,,,
455,,0,,0.853538855796222,,,,,,0.294335179234817,,,,,,,,,,,,
456,,0,,0.854137660376833,,,,,,0.293747439989797,,,,,,,,,,,,
457,,0,,0.855337786416337,,,,,,0.294061754311785,,,,,,,,,,,,
458,,0,,0.855939111403992,,,,,,0.294376733744189,,,,,,,,,,,,
459,,0,,0.857748155515262,,,,,,0.294692380400375,,,,,,,,,,,,
460,,0,,0.858352865874394,,,,,,0.295167106074297,,,,,,,,,,,,
461,,0,,0.858958427043387,,,,,,0.294418597160037,,,,,,,,,,,,
462,,0,,0.860172109003462,,,,,,0.294576945805094,,,,,,,,,,,,
463,,0,,0.861999058103989,,,,,,0.295212026471287,,,,,,,,,,,,
464,,0,,0.862609762044072,,,,,,0.293390963649255,,,,,,,,,,,,
465,,0,,0.863221329479001,,,,,,0.29418461517925,,,,,,,,,,,,
466,,0,,0.864447062169317,,,,,,0.292672665486654,,,,,,,,,,,,
467,,0,,0.865061231105658,,,,,,0.293149488514732,,,,,,,,,,,,
468,,0,,0.865676270898786,,,,,,0.291629623880668,,,,,,,,,,,,
469,,0,,0.866292183402256,,,,,,0.292106559241991,,,,,,,,,,,,
470,,0,,0.86876459777523,,,,,,0.290261536258614,,,,,,,,,,,,
471,,0,,0.870006089804802,,,,,,0.29042003412514,,,,,,,,,,,,
472,,0,,0.870628163624668,,,,,,0.289653872592507,,,,,,,,,,,,
473,,0,,0.871251125174379,,,,,,0.289970896783452,,,,,,,,,,,,
474,,0,,0.871874976355541,,,,,,0.290288607063087,,,,,,,,,,,,
475,,0,,0.872499719075198,,,,,,0.290766463778758,,,,,,,,,,,,
476,,0,,0.873125355245848,,,,,,0.289544193750986,,,,,,,,,,,,
477,,0,,0.875636872880328,,,,,,0.290343368513205,,,,,,,,,,,,
478,,0,,0.876898042532663,,,,,,0.290503726571768,,,,,,,,,,,,
479,,0,,0.878162840162024,,,,,,0.289568760452313,,,,,,,,,,,,
480,,0,,0.880066873381849,,,,,,0.289889155819715,,,,,,,,,,,,
481,,0,,0.881340809740118,,,,,,0.288333855179482,,,,,,,,,,,,
482,,0,,0.882618429343225,,,,,,0.287090809009712,,,,,,,,,,,,
483,,0,,0.883258625356977,,,,,,0.284733173307576,,,,,,,,,,,,
484,,0,,0.886473548054053,,,,,,0.285051414472749,,,,,,,,,,,,
485,,0,,0.88711933529986,,,,,,0.286010366387634,,,,,,,,,,,,
486,,0,,0.887766061535533,,,,,,0.285860738730712,,,,,,,,,,,,
487,,0,,0.890362397455734,,,,,,0.286505401203828,,,,,,,,,,,,
488,,0,,0.891013849502332,,,,,,0.286828810291878,,,,,,,,,,,,
489,,0,,0.8923196098109,,,,,,0.285871461622739,,,,,,,,,,,,
490,,0,,0.894285422187821,,,,,,0.286194704545361,,,,,,,,,,,,
491,,0,,0.89824307473937,,,,,,0.284436017977374,,,,,,,,,,,,
492,,0,,0.89890608230788,,,,,,0.284758558513127,,,,,,,,,,,,
493,,0,,0.900235030039342,,,,,,0.284603031059169,,,,,,,,,,,,
494,,0,,0.901567902330633,,,,,,0.284765029650531,,,,,,,,,,,,
495,,0,,0.903574607430524,,,,,,0.283798445181112,,,,,,,,,,,,
496,,0,,0.904245490337154,,,,,,0.282830773010986,,,,,,,,,,,,
497,,0,,0.905590241183214,,,,,,0.281862011303131,,,,,,,,,,,,
498,,0,,0.90626411355314,,,,,,0.28202283092359,,,,,,,,,,,,
499,,0,,0.9096485340757,,,,,,0.282345014301703,,,,,,,,,,,,
500,,0,,0.911009371604491,,,,,,0.282506378673404,,,,,,,,,,,,
501,,0,,0.912374275906831,,,,,,0.283478401912605,,,,,,,,,,,,
502,,0,,0.913058258799194,,,,,,0.284130094509241,,,,,,,,,,,,
503,,0,,0.913743265239929,,,,,,0.284457051458783,,,,,,,,,,,,
504,,0,,0.915116357970441,,,,,,0.282501543120234,,,,,,,,,,,,
505,,0,,0.916493572575293,,,,,,0.282664373944135,,,,,,,,,,,,
506,,0,,0.918567163688847,,,,,,0.280865565167052,,,,,,,,,,,,
507,,0,,0.92065013407665,,,,,,0.281027834389717,,,,,,,,,,,,
508,,0,,0.922044023182677,,,,,,0.28184196496829,,,,,,,,,,,,
509,,0,,0.922742547519497,,,,,,0.282168922569617,,,,,,,,,,,,
510,,0,,0.92484446837779,,,,,,0.281182574493765,,,,,,,,,,,,
511,,0,,0.925547232631201,,,,,,0.28183685265204,,,,,,,,,,,,
512,,0,,0.927661931173763,,,,,,0.284478764889342,,,,,,,,,,,,
513,,0,,0.928368974064543,,,,,,0.284978596903303,,,,,,,,,,,,
514,,0,,0.931920374242457,,,,,,0.285145593180841,,,,,,,,,,,,
515,,0,,0.934064252058656,,,,,,0.284150689783528,,,,,,,,,,,,
516,,0,,0.936938106504408,,,,,,0.284317399949171,,,,,,,,,,,,
517,,0,,0.938381658088518,,,,,,0.28282156873781,,,,,,,,,,,,
518,,0,,0.940555323308934,,,,,,0.282483994896423,,,,,,,,,,,,
519,,0,,0.941282112089327,,,,,,0.282819173324695,,,,,,,,,,,,
520,,0,,0.942739055728409,,,,,,0.283155137957633,,,,,,,,,,,,
521,,0,,0.943469215787709,,,,,,0.284839724666171,,,,,,,,,,,,
522,,0,,0.94493292544771,,,,,,0.285009289585842,,,,,,,,,,,,
523,,0,,0.945666480297437,,,,,,0.285519182472818,,,,,,,,,,,,
524,,0,,0.946401172006556,,,,,,0.285689547320969,,,,,,,,,,,,
525,,0,,0.948612094780328,,,,,,0.285860113035698,,,,,,,,,,,,
526,,0,,0.94935136045826,,,,,,0.286030879972461,,,,,,,,,,,,
527,,0,,0.950091776302499,,,,,,0.286201848487548,,,,,,,,,,,,
528,,0,,0.95157606924336,,,,,,0.286386548753468,,,,,,,,,,,,
529,,0,,0.953064995193743,,,,,,0.287076146627573,,,,,,,,,,,,
530,,0,,0.954558575879477,,,,,,0.285032980380866,,,,,,,,,,,,
531,,0,,0.955307118574595,,,,,,0.285376988075526,,,,,,,,,,,,
532,,0,,0.956056833162443,,,,,,0.285041009455177,,,,,,,,,,,,
533,,0,,0.956807722397191,,,,,,0.285386467586052,,,,,,,,,,,,
534,,0,,0.958313035867276,,,,,,0.285559506887754,,,,,,,,,,,,
535,,0,,0.959067465654272,,,,,,0.285732753509227,,,,,,,,,,,,
536,,0,,0.960579885276812,,,,,,0.283672045145288,,,,,,,,,,,,
537,,0,,0.961337880716554,,,,,,0.281949376813165,,,,,,,,,,,,
538,,0,,0.963619043360552,,,,,,0.282293192443421,,,,,,,,,,,,
539,,0,,0.965145827081055,,,,,,0.282810470866437,,,,,,,,,,,,
540,,0,,0.967445072710535,,,,,,0.283503093846733,,,,,,,,,,,,
541,,0,,0.968213918103908,,,,,,0.283850662899494,,,,,,,,,,,,
542,,0,,0.968983983408958,,,,,,,,,,,,,,,,,,
543,,0,,0.969755271531407,,,,,,,,,,,,,,,,,,
544,,0,,0.970527785386208,,,,,,,,,,,,,,,,,,
545,,0,,0.972852710633585,,,,,,,,,,,,,,,,,,
546,,0,,0.975188773304879,,,,,,,,,,,,,,,,,,
547,,0,,0.976752375460908,,,,,,,,,,,,,,,,,,
548,,0,,0.977536053622047,,,,,,,,,,,,,,,,,,
549,,0,,0.979107179157411,,,,,,,,,,,,,,,,,,
550,,0,,0.980683350485427,,,,,,,,,,,,,,,,,,
551,,0,,0.981473335923857,,,,,,,,,,,,,,,,,,
552,,0,,0.982264591952628,,,,,,,,,,,,,,,,,,
553,,0,,0.983850928062432,,,,,,,,,,,,,,,,,,
554,,0,,0.984646014308837,,,,,,,,,,,,,,,,,,
555,,0,,0.986240038672759,,,,,,,,,,,,,,,,,,
556,,0,,0.987839219632539,,,,,,,,,,,,,,,,,,
557,,0,,0.988640751661589,,,,,,,,,,,,,,,,,,
558,,0,,0.989443582250743,,,,,,,,,,,,,,,,,,
559,,0,,0.990247714558252,,,,,,,,,,,,,,,,,,
560,,0,,0.991053151752615,,,,,,,,,,,,,,,,,,
561,,0,,0.991859897012623,,,,,,,,,,,,,,,,,,
562,,0,,0.9926679535274,,,,,,,,,,,,,,,,,,
563,,0,,0.993477324496446,,,,,,,,,,,,,,,,,,
564,,0,,0.995100022647476,,,,,,,,,,,,,,,,,,
565,,0,,0.995913356280717,,,,,,,,,,,,,,,,,,
566,,0,,0.997544008869824,,,,,,,,,,,,,,,,,,
567,,0,,0.99836133434035,,,,,,,,,,,,,,,,,,
568,,0,,0.999179996955728,,,,,,,,,,,,,,,,,,
569,,0,,1,,,,,,,,,,,,,,,,,,
570,,0,,,,,,,,,,,,,,,,,,,,
571,,0,,,,,,,,,,,,,,,,,,,,
572,,0,,,,,,,,,,,,,,,,,,,,
573,,0,,,,,,,,,,,,,,,,,,,,
574,,0,,,,,,,,,,,,,,,,,,,,
575,,0,,,,,,,,,,,,,,,,,,,,
576,,0,,,,,,,,,,,,,,,,,,,,
577,,0,,,,,,,,,,,,,,,,,,,,
578,,0,,,,,,,,,,,,,,,,,,,,
579,,0,,,,,,,,,,,,,,,,,,,,
580,,0,,,,,,,,,,,,,,,,,,,,
581,,0,,,,,,,,,,,,,,,,,,,,
582,,0,,,,,,,,,,,,,,,,,,,,
583,,0,,,,,,,,,,,,,,,,,,,,
584,,0,,,,,,,,,,,,,,,,,,,,
585,,0,,,,,,,,,,,,,,,,,,,,
586,,0,,,,,,,,,,,,,,,,,,,,
587,,0,,,,,,,,,,,,,,,,,,,,
588,,0,,,,,,,,,,,,,,,,,,,,
589,,0,,,,,,,,,,,,,,,,,,,,
590,,0,,,,,,,,,,,,,,,,,,,,
591,,0,,,,,,,,,,,,,,,,,,,,
592,,0,,,,,,,,,,,,,,,,,,,,
593,,0,,,,,,,,,,,,,,,,,,,,
594,,0,,,,,,,,,,,,,,,,,,,,
595,,0,,,,,,,,,,,,,,,,,,,,
596,,0,,,,,,,,,,,,,,,,,,,,
597,,0,,,,,,,,,,,,,,,,,,,,
598,,0,,,,,,,,,,,,,,,,,,,,
599,,0,,,,,,,,,,,,,,,,,,,,
600,,0,,,,,,,,,,,,,,,,,,,,
601,,0,,,,,,,,,,,,,,,,,,,,
602,,0,,,,,,,,,,,,,,,,,,,,
603,,0,,,,,,,,,,,,,,,,,,,,
604,,0,,,,,,,,,,,,,,,,,,,,
605,,0,,,,,,,,,,,,,,,,,,,,
606,,0,,,,,,,,,,,,,,,,,,,,
607,,0,,,,,,,,,,,,,,,,,,,,
608,,0,,,,,,,,,,,,,,,,,,,,
609,,0,,,,,,,,,,,,,,,,,,,,
610,,0,,,,,,,,,,,,,,,,,,,,
611,,0,,,,,,,,,,,,,,,,,,,,
612,,0,,,,,,,,,,,,,,,,,,,,
613,,0,,,,,,,,,,,,,,,,,,,,
614,,0,,,,,,,,,,,,,,,,,,,,
615,,0,,,,,,,,,,,,,,,,,,,,
616,,0,,,,,,,,,,,,,,,,,,,,
617,,0,,,,,,,,,,,,,,,,,,,,
618,,0,,,,,,,,,,,,,,,,,,,,
619,,0,,,,,,,,,,,,,,,,,,,,
620,,0,,,,,,,,,,,,,,,,,,,,
621,,0,,,,,,,,,,,,,,,,,,,,
622,,0,,,,,,,,,,,,,,,,,,,,
623,,0,,,,,,,,,,,,,,,,,,,,
624,,0,,,,,,,,,,,,,,,,,,,,
625,,0,,,,,,,,,,,,,,,,,,,,
626,,0,,,,,,,,,,,,,,,,,,,,
627,,0,,,,,,,,,,,,,,,,,,,,
628,,0,,,,,,,,,,,,,,,,,,,,
629,,0,,,,,,,,,,,,,,,,,,,,
630,,0,,,,,,,,,,,,,,,,,,,,
631,,0,,,,,,,,,,,,,,,,,,,,
632,,0,,,,,,,,,,,,,,,,,,,,
633,,0,,,,,,,,,,,,,,,,,,,,
634,,0,,,,,,,,,,,,,,,,,,,,
635,,0,,,,,,,,,,,,,,,,,,,,
636,,0,,,,,,,,,,,,,,,,,,,,
637,,0,,,,,,,,,,,,,,,,,,,,
638,,0,,,,,,,,,,,,,,,,,,,,
639,,0,,,,,,,,,,,,,,,,,,,,
640,,0,,,,,,,,,,,,,,,,,,,,
641,,0,,,,,,,,,,,,,,,,,,,,
642,,0,,,,,,,,,,,,,,,,,,,,
643,,0,,,,,,,,,,,,,,,,,,,,
644,,0,,,,,,,,,,,,,,,,,,,,
645,,0,,,,,,,,,,,,,,,,,,,,
646,,0,,,,,,,,,,,,,,,,,,,,
647,,0,,,,,,,,,,,,,,,,,,,,
648,,0,,,,,,,,,,,,,,,,,,,,
649,,0,,,,,,,,,,,,,,,,,,,,
650,,0,,,,,,,,,,,,,,,,,,,,
651,,0,,,,,,,,,,,,,,,,,,,,
652,,0,,,,,,,,,,,,,,,,,,,,
653,,0,,,,,,,,,,,,,,,,,,,,
654,,0,,,,,,,,,,,,,,,,,,,,
655,,0,,,,,,,,,,,,,,,,,,,,
656,,0,,,,,,,,,,,,,,,,,,,,
657,,0,,,,,,,,,,,,,,,,,,,,
658,,0,,,,,,,,,,,,,,,,,,,,
659,,0,,,,,,,,,,,,,,,,,,,,
660,,0,,,,,,,,,,,,,,,,,,,,
661,,0,,,,,,,,,,,,,,,,,,,,
662,,0,,,,,,,,,,,,,,,,,,,,
663,,0,,,,,,,,,,,,,,,,,,,,
664,,0,,,,,,,,,,,,,,,,,,,,
665,,0,,,,,,,,,,,,,,,,,,,,
666,,0,,,,,,,,,,,,,,,,,,,,
667,,0,,,,,,,,,,,,,,,,,,,,
668,,0,,,,,,,,,,,,,,,,,,,,
669,,0,,,,,,,,,,,,,,,,,,,,
670,,0,,,,,,,,,,,,,,,,,,,,
671,,0,,,,,,,,,,,,,,,,,,,,
672,,0,,,,,,,,,,,,,,,,,,,,
673,,0,,,,,,,,,,,,,,,,,,,,
674,,0,,,,,,,,,,,,,,,,,,,,
675,,0,,,,,,,,,,,,,,,,,,,,
676,,0,,,,,,,,,,,,,,,,,,,,
677,,0,,,,,,,,,,,,,,,,,,,,
678,,0,,,,,,,,,,,,,,,,,,,,
679,,0,,,,,,,,,,,,,,,,,,,,
680,,0,,,,,,,,,,,,,,,,,,,,
681,,0,,,,,,,,,,,,,,,,,,,,
682,,0,,,,,,,,,,,,,,,,,,,,
683,,0,,,,,,,,,,,,,,,,,,,,
684,,0,,,,,,,,,,,,,,,,,,,,
685,,0,,,,,,,,,,,,,,,,,,,,
686,,0,,,,,,,,,,,,,,,,,,,,
687,,0,,,,,,,,,,,,,,,,,,,,
688,,0,,,,,,,,,,,,,,,,,,,,
689,,0,,,,,,,,,,,,,,,,,,,,
690,,0,,,,,,,,,,,,,,,,,,,,
691,,0,,,,,,,,,,,,,,,,,,,,
692,,0,,,,,,,,,,,,,,,,,,,,
693,,0,,,,,,,,,,,,,,,,,,,,
694,,0,,,,,,,,,,,,,,,,,,,,
695,,0,,,,,,,,,,,,,,,,,,,,
696,,0,,,,,,,,,,,,,,,,,,,,
697,,0,,,,,,,,,,,,,,,,,,,,
698,,0,,,,,,,,,,,,,,,,,,,,
699,,0,,,,,,,,,,,,,,,,,,,,
700,,0,,,,,,,,,,,,,,,,,,,,
701,,0,,,,,,,,,,,,,,,,,,,,
702,,0,,,,,,,,,,,,,,,,,,,,
703,,0,,,,,,,,,,,,,,,,,,,,
704,,0,,,,,,,,,,,,,,,,,,,,
705,,0,,,,,,,,,,,,,,,,,,,,
706,,0,,,,,,,,,,,,,,,,,,,,
707,,0,,,,,,,,,,,,,,,,,,,,
708,,0,,,,,,,,,,,,,,,,,,,,
709,,0,,,,,,,,,,,,,,,,,,,,
710,,0,,,,,,,,,,,,,,,,,,,,
711,,0,,,,,,,,,,,,,,,,,,,,
712,,0,,,,,,,,,,,,,,,,,,,,
713,,0,,,,,,,,,,,,,,,,,,,,
714,,0,,,,,,,,,,,,,,,,,,,,
715,,0,,,,,,,,,,,,,,,,,,,,
716,,0,,,,,,,,,,,,,,,,,,,,
717,,0,,,,,,,,,,,,,,,,,,,,
718,,0,,,,,,,,,,,,,,,,,,,,
719,,0,,,,,,,,,,,,,,,,,,,,
720,,0,,,,,,,,,,,,,,,,,,,,
721,,0,,,,,,,,,,,,,,,,,,,,
722,,0,,,,,,,,,,,,,,,,,,,,
723,,0,,,,,,,,,,,,,,,,,,,,
724,,0,,,,,,,,,,,,,,,,,,,,
725,,0,,,,,,,,,,,,,,,,,,,,
726,,0,,,,,,,,,,,,,,,,,,,,
727,,0,,,,,,,,,,,,,,,,,,,,
728,,0,,,,,,,,,,,,,,,,,,,,
729,,0,,,,,,,,,,,,,,,,,,,,
730,,0,,,,,,,,,,,,,,,,,,,,
731,,0,,,,,,,,,,,,,,,,,,,,
732,,0,,,,,,,,,,,,,,,,,,,,
733,,0,,,,,,,,,,,,,,,,,,,,
734,,0,,,,,,,,,,,,,,,,,,,,
735,,0,,,,,,,,,,,,,,,,,,,,
736,,0,,,,,,,,,,,,,,,,,,,,
737,,0,,,,,,,,,,,,,,,,,,,,
738,,0,,,,,,,,,,,,,,,,,,,,
739,,0,,,,,,,,,,,,,,,,,,,,
740,,0,,,,,,,,,,,,,,,,,,,,
741,,0,,,,,,,,,,,,,,,,,,,,
742,,0,,,,,,,,,,,,,,,,,,,,
743,,0,,,,,,,,,,,,,,,,,,,,
744,,0,,,,,,,,,,,,,,,,,,,,
745,,0,,,,,,,,,,,,,,,,,,,,
746,,0,,,,,,,,,,,,,,,,,,,,
747,,0,,,,,,,,,,,,,,,,,,,,
748,,0,,,,,,,,,,,,,,,,,,,,
749,,0,,,,,,,,,,,,,,,,,,,,
750,,0,,,,,,,,,,,,,,,,,,,,
751,,0,,,,,,,,,,,,,,,,,,,,
752,,0,,,,,,,,,,,,,,,,,,,,
753,,0,,,,,,,,,,,,,,,,,,,,
754,,0,,,,,,,,,,,,,,,,,,,,
755,,0,,,,,,,,,,,,,,,,,,,,
756,,0,,,,,,,,,,,,,,,,,,,,
757,,0,,,,,,,,,,,,,,,,,,,,
758,,0,,,,,,,,,,,,,,,,,,,,
759,,0,,,,,,,,,,,,,,,,,,,,
760,,0,,,,,,,,,,,,,,,,,,,,
761,,0,,,,,,,,,,,,,,,,,,,,
762,,0,,,,,,,,,,,,,,,,,,,,
763,,0,,,,,,,,,,,,,,,,,,,,
764,,0,,,,,,,,,,,,,,,,,,,,
765,,0,,,,,,,,,,,,,,,,,,,,
766,,0,,,,,,,,,,,,,,,,,,,,
767,,0,,,,,,,,,,,,,,,,,,,,
768,,0,,,,,,,,,,,,,,,,,,,,
769,,0,,,,,,,,,,,,,,,,,,,,
770,,0,,,,,,,,,,,,,,,,,,,,
771,,0,,,,,,,,,,,,,,,,,,,,
772,,0,,,,,,,,,,,,,,,,,,,,
773,,0,,,,,,,,,,,,,,,,,,,,
774,,0,,,,,,,,,,,,,,,,,,,,
775,,0,,,,,,,,,,,,,,,,,,,,
776,,0,,,,,,,,,,,,,,,,,,,,
777,,0,,,,,,,,,,,,,,,,,,,,
778,,0,,,,,,,,,,,,,,,,,,,,
779,,0,,,,,,,,,,,,,,,,,,,,
780,,0,,,,,,,,,,,,,,,,,,,,
781,,0,,,,,,,,,,,,,,,,,,,,
782,,0,,,,,,,,,,,,,,,,,,,,
783,,0,,,,,,,,,,,,,,,,,,,,
784,,0,,,,,,,,,,,,,,,,,,,,
785,,0,,,,,,,,,,,,,,,,,,,,
786,,0,,,,,,,,,,,,,,,,,,,,
787,,0,,,,,,,,,,,,,,,,,,,,
788,,0,,,,,,,,,,,,,,,,,,,,
789,,0,,,,,,,,,,,,,,,,,,,,
790,,0,,,,,,,,,,,,,,,,,,,,
791,,0,,,,,,,,,,,,,,,,,,,,
792,,0,,,,,,,,,,,,,,,,,,,,
793,,0,,,,,,,,,,,,,,,,,,,,
794,,0,,,,,,,,,,,,,,,,,,,,
795,,0,,,,,,,,,,,,,,,,,,,,
796,,0,,,,,,,,,,,,,,,,,,,,
797,,0,,,,,,,,,,,,,,,,,,,,
798,,0,,,,,,,,,,,,,,,,,,,,
799,,0,,,,,,,,,,,,,,,,,,,,
800,,0,,,,,,,,,,,,,,,,,,,,
801,,0,,,,,,,,,,,,,,,,,,,,
802,,0,,,,,,,,,,,,,,,,,,,,
803,,0,,,,,,,,,,,,,,,,,,,,
804,,0,,,,,,,,,,,,,,,,,,,,
805,,0,,,,,,,,,,,,,,,,,,,,
806,,0,,,,,,,,,,,,,,,,,,,,
807,,0,,,,,,,,,,,,,,,,,,,,
808,,0,,,,,,,,,,,,,,,,,,,,
809,,0,,,,,,,,,,,,,,,,,,,,
810,,0,,,,,,,,,,,,,,,,,,,,
811,,0,,,,,,,,,,,,,,,,,,,,
812,,0,,,,,,,,,,,,,,,,,,,,
813,,0,,,,,,,,,,,,,,,,,,,,
814,,0,,,,,,,,,,,,,,,,,,,,
815,,0,,,,,,,,,,,,,,,,,,,,
816,,0,,,,,,,,,,,,,,,,,,,,
817,,0,,,,,,,,,,,,,,,,,,,,
818,,0,,,,,,,,,,,,,,,,,,,,
819,,0,,,,,,,,,,,,,,,,,,,,
820,,0,,,,,,,,,,,,,,,,,,,,
821,,0,,,,,,,,,,,,,,,,,,,,
822,,0,,,,,,,,,,,,,,,,,,,,
823,,0,,,,,,,,,,,,,,,,,,,,
824,,0,,,,,,,,,,,,,,,,,,,,
825,,0,,,,,,,,,,,,,,,,,,,,
826,,0,,,,,,,,,,,,,,,,,,,,
827,,0,,,,,,,,,,,,,,,,,,,,
828,,0,,,,,,,,,,,,,,,,,,,,
829,,0,,,,,,,,,,,,,,,,,,,,
830,,0,,,,,,,,,,,,,,,,,,,,
831,,0,,,,,,,,,,,,,,,,,,,,
832,,0,,,,,,,,,,,,,,,,,,,,
833,,0,,,,,,,,,,,,,,,,,,,,
834,,0,,,,,,,,,,,,,,,,,,,,
835,,0,,,,,,,,,,,,,,,,,,,,
836,,0,,,,,,,,,,,,,,,,,,,,
837,,0,,,,,,,,,,,,,,,,,,,,
838,,0,,,,,,,,,,,,,,,,,,,,
839,,0,,,,,,,,,,,,,,,,,,,,
840,,0,,,,,,,,,,,,,,,,,,,,
841,,0,,,,,,,,,,,,,,,,,,,,
842,,0,,,,,,,,,,,,,,,,,,,,
843,,0,,,,,,,,,,,,,,,,,,,,
844,,0,,,,,,,,,,,,,,,,,,,,
845,,0,,,,,,,,,,,,,,,,,,,,
846,,0,,,,,,,,,,,,,,,,,,,,
847,,0,,,,,,,,,,,,,,,,,,,,
848,,0,,,,,,,,,,,,,,,,,,,,
849,,0,,,,,,,,,,,,,,,,,,,,
850,,0,,,,,,,,,,,,,,,,,,,,
851,,0,,,,,,,,,,,,,,,,,,,,
852,,0,,,,,,,,,,,,,,,,,,,,
853,,0,,,,,,,,,,,,,,,,,,,,
854,,0,,,,,,,,,,,,,,,,,,,,
855,,0,,,,,,,,,,,,,,,,,,,,
856,,0,,,,,,,,,,,,,,,,,,,,
857,,0,,,,,,,,,,,,,,,,,,,,
858,,0,,,,,,,,,,,,,,,,,,,,
859,,0,,,,,,,,,,,,,,,,,,,,
860,,0,,,,,,,,,,,,,,,,,,,,
861,,0,,,,,,,,,,,,,,,,,,,,
862,,0,,,,,,,,,,,,,,,,,,,,
863,,0,,,,,,,,,,,,,,,,,,,,
864,,0,,,,,,,,,,,,,,,,,,,,
865,,0,,,,,,,,,,,,,,,,,,,,
866,,0,,,,,,,,,,,,,,,,,,,,
867,,0,,,,,,,,,,,,,,,,,,,,
868,,0,,,,,,,,,,,,,,,,,,,,
869,,0,,,,,,,,,,,,,,,,,,,,
870,,0,,,,,,,,,,,,,,,,,,,,
871,,0,,,,,,,,,,,,,,,,,,,,
872,,0,,,,,,,,,,,,,,,,,,,,
873,,0,,,,,,,,,,,,,,,,,,,,
874,,0,,,,,,,,,,,,,,,,,,,,
875,,0,,,,,,,,,,,,,,,,,,,,
876,,0,,,,,,,,,,,,,,,,,,,,
877,,0,,,,,,,,,,,,,,,,,,,,
878,,0,,,,,,,,,,,,,,,,,,,,
879,,0,,,,,,,,,,,,,,,,,,,,
880,,0,,,,,,,,,,,,,,,,,,,,
881,,0,,,,,,,,,,,,,,,,,,,,
882,,0,,,,,,,,,,,,,,,,,,,,
883,,0,,,,,,,,,,,,,,,,,,,,
884,,0,,,,,,,,,,,,,,,,,,,,
885,,0,,,,,,,,,,,,,,,,,,,,
886,,0,,,,,,,,,,,,,,,,,,,,
887,,0,,,,,,,,,,,,,,,,,,,,
888,,0,,,,,,,,,,,,,,,,,,,,
889,,0,,,,,,,,,,,,,,,,,,,,
890,,0,,,,,,,,,,,,,,,,,,,,
891,,0,,,,,,,,,,,,,,,,,,,,
892,,0,,,,,,,,,,,,,,,,,,,,
893,,0,,,,,,,,,,,,,,,,,,,,
894,,0,,,,,,,,,,,,,,,,,,,,
895,,0,,,,,,,,,,,,,,,,,,,,
896,,0,,,,,,,,,,,,,,,,,,,,
897,,0,,,,,,,,,,,,,,,,,,,,
898,,0,,,,,,,,,,,,,,,,,,,,
899,,0,,,,,,,,,,,,,,,,,,,,
900,,0,,,,,,,,,,,,,,,,,,,,
901,,0,,,,,,,,,,,,,,,,,,,,
902,,0,,,,,,,,,,,,,,,,,,,,
903,,0,,,,,,,,,,,,,,,,,,,,
904,,0,,,,,,,,,,,,,,,,,,,,
905,,0,,,,,,,,,,,,,,,,,,,,
906,,0,,,,,,,,,,,,,,,,,,,,
907,,0,,,,,,,,,,,,,,,,,,,,
908,,0,,,,,,,,,,,,,,,,,,,,
909,,0,,,,,,,,,,,,,,,,,,,,
910,,0,,,,,,,,,,,,,,,,,,,,
911,,0,,,,,,,,,,,,,,,,,,,,
912,,0,,,,,,,,,,,,,,,,,,,,
913,,0,,,,,,,,,,,,,,,,,,,,
914,,0,,,,,,,,,,,,,,,,,,,,
915,,0,,,,,,,,,,,,,,,,,,,,
916,,0,,,,,,,,,,,,,,,,,,,,
917,,0,,,,,,,,,,,,,,,,,,,,
918,,0,,,,,,,,,,,,,,,,,,,,
919,,0,,,,,,,,,,,,,,,,,,,,
920,,0,,,,,,,,,,,,,,,,,,,,
921,,0,,,,,,,,,,,,,,,,,,,,
922,,0,,,,,,,,,,,,,,,,,,,,
923,,0,,,,,,,,,,,,,,,,,,,,
924,,0,,,,,,,,,,,,,,,,,,,,
925,,0,,,,,,,,,,,,,,,,,,,,
926,,0,,,,,,,,,,,,,,,,,,,,
927,,0,,,,,,,,,,,,,,,,,,,,
928,,0,,,,,,,,,,,,,,,,,,,,
929,,0,,,,,,,,,,,,,,,,,,,,
930,,0,,,,,,,,,,,,,,,,,,,,
931,,0,,,,,,,,,,,,,,,,,,,,
932,,0,,,,,,,,,,,,,,,,,,,,
933,,0,,,,,,,,,,,,,,,,,,,,
934,,0,,,,,,,,,,,,,,,,,,,,
935,,0,,,,,,,,,,,,,,,,,,,,
936,,0,,,,,,,,,,,,,,,,,,,,
937,,0,,,,,,,,,,,,,,,,,,,,
938,,0,,,,,,,,,,,,,,,,,,,,
939,,0,,,,,,,,,,,,,,,,,,,,
940,,0,,,,,,,,,,,,,,,,,,,,
941,,0,,,,,,,,,,,,,,,,,,,,
942,,0,,,,,,,,,,,,,,,,,,,,
943,,0,,,,,,,,,,,,,,,,,,,,
944,,0,,,,,,,,,,,,,,,,,,,,
945,,0,,,,,,,,,,,,,,,,,,,,
946,,0,,,,,,,,,,,,,,,,,,,,
947,,0,,,,,,,,,,,,,,,,,,,,
948,,0,,,,,,,,,,,,,,,,,,,,
949,,0,,,,,,,,,,,,,,,,,,,,
950,,0,,,,,,,,,,,,,,,,,,,,
951,,0,,,,,,,,,,,,,,,,,,,,
952,,0,,,,,,,,,,,,,,,,,,,,
953,,0,,,,,,,,,,,,,,,,,,,,
954,,0,,,,,,,,,,,,,,,,,,,,
955,,0,,,,,,,,,,,,,,,,,,,,
956,,0,,,,,,,,,,,,,,,,,,,,
957,,0,,,,,,,,,,,,,,,,,,,,
958,,0,,,,,,,,,,,,,,,,,,,,
959,,0,,,,,,,,,,,,,,,,,,,,
960,,0,,,,,,,,,,,,,,,,,,,,
961,,0,,,,,,,,,,,,,,,,,,,,
962,,0,,,,,,,,,,,,,,,,,,,,
963,,0,,,,,,,,,,,,,,,,,,,,
964,,0,,,,,,,,,,,,,,,,,,,,
965,,0,,,,,,,,,,,,,,,,,,,,
966,,0,,,,,,,,,,,,,,,,,,,,
967,,0,,,,,,,,,,,,,,,,,,,,
968,,0,,,,,,,,,,,,,,,,,,,,
969,,0,,,,,,,,,,,,,,,,,,,,
970,,0,,,,,,,,,,,,,,,,,,,,
971,,0,,,,,,,,,,,,,,,,,,,,
972,,0,,,,,,,,,,,,,,,,,,,,
973,,0,,,,,,,,,,,,,,,,,,,,
974,,0,,,,,,,,,,,,,,,,,,,,
975,,0,,,,,,,,,,,,,,,,,,,,
976,,0,,,,,,,,,,,,,,,,,,,,
977,,0,,,,,,,,,,,,,,,,,,,,
978,,0,,,,,,,,,,,,,,,,,,,,
979,,0,,,,,,,,,,,,,,,,,,,,
980,,0,,,,,,,,,,,,,,,,,,,,
981,,0,,,,,,,,,,,,,,,,,,,,
982,,0,,,,,,,,,,,,,,,,,,,,
983,,0,,,,,,,,,,,,,,,,,,,,
984,,0,,,,,,,,,,,,,,,,,,,,
985,,0,,,,,,,,,,,,,,,,,,,,
986,,0,,,,,,,,,,,,,,,,,,,,
987,,0,,,,,,,,,,,,,,,,,,,,
988,,0,,,,,,,,,,,,,,,,,,,,
989,,0,,,,,,,,,,,,,,,,,,,,
990,,0,,,,,,,,,,,,,,,,,,,,
991,,0,,,,,,,,,,,,,,,,,,,,
992,,0,,,,,,,,,,,,,,,,,,,,
993,,0,,,,,,,,,,,,,,,,,,,,
994,,0,,,,,,,,,,,,,,,,,,,,
995,,0,,,,,,,,,,,,,,,,,,,,
996,,0,,,,,,,,,,,,,,,,,,,,
997,,0,,,,,,,,,,,,,,,,,,,,
998,,0,,,,,,,,,,,,,,,,,,,,
999,,1,,,,,,,,,,,,,,,,,,,,
