,Toll Pathway of Drosophila Signaling Pathway_23868318,HH Pathway of Drosophila Signaling Pathways_23868318,Cortical Area Development_20862356,VEGF Pathway of Drosophila Signaling Pathway_23868318,FGF pathway of Drosophila Signaling Pathways_23868318,toy_reprogramming,HCC1954 Breast Cell Line Short-term ErbB Network_24970389,SKBR3 Breast Cell Line Long-term ErbB Network_24970389,BT474 Breast Cell Line Long-term ErbB Network_24970389,B cell differentiation_26751566,HCC1954 Breast Cell Line Long-term ErbB Network_24970389,Body Segmentation in Drosophila 2013_23520449,SKBR3 Breast Cell Line Short-term ErbB Network_24970389,Human Gonadal Sex Determination_26573569,test_bonesis,Regulation of the L-arabinose operon of Escherichia coli_28639170,Death Receptor Signaling_20221256,Mammalian Cell Cycle_19118495,synthetic_random_diff,Cardiac development_23056457,Processing of Spz Network from the Drosophila Signaling Pathway_23868318,Lac Operon_21563979
0,0.0,0.0,0.0,0.0,0.0,0.0,0.0,0.0,0.0,0.0,0.0,0.0,0.0,0.0,0.0,0.0,0.0,0.0,1.0,0.0,0.0,0.0
1,0.29906542056074764,0.0,0.13610308461749876,0.003316462322728304,0.0021102152141237508,0.0,0.010516467115098366,0.0860198802596374,0.015289119155693092,0.006732137762904523,0.002237323949985206,0.031621843888318214,0.014332740851789354,0.44230748329757685,1.0,0.032519064147735505,0.16008355655790796,0.7566053740741511,,0.8390376626922128,0.01713548374853767,0.06728362241480129
2,0.4198895027624309,0.0,0.03308697532716686,0.008223491387936889,0.004301487511325744,0.0,0.021347945297822916,0.16475787601342928,0.02894966684624856,0.013283856997276485,0.006105255116550692,0.09738130456096869,0.026523429119095505,0.3145027277165793,,0.06058061017613313,0.2933186847936091,0.8105766061621628,,0.8408752461999464,0.035042349362609776,0.1469915275831052
3,0.5945945945945946,0.0,0.03815649929191545,0.010503238645714758,0.006555171765330777,0.0,0.03334175880242714,0.20362753032771003,0.0386722249245244,0.02009634068828307,0.010884078179424756,0.13134748860361492,0.043472719569256385,0.32181994087068877,,0.09765339929430807,0.36281357383513263,0.9928374695020267,,0.9710127473597009,0.051788390700499384,0.1787329930824157
4,0.7619047619047619,0.0,0.03226538682143729,0.013282525547734658,0.009171777047831509,0.0,0.03792125725644258,0.2576879161860029,0.05368454324767745,0.025952331639009223,0.011030873283922627,0.18076969597839004,0.05262163864416448,0.28168888167722517,,0.11632966000051675,0.41289921292502935,0.8434910651848754,,0.8476112459109065,0.065191431712809,0.2696292984934142
5,1.0,0.0,,0.016230313664513513,0.009672364653562991,0.0,0.05113452074110008,0.27368788266741023,0.06460855806117834,0.03178833466292947,0.013874427230401998,0.19188803686937914,0.06388248256430118,0.2700628755222109,,0.15036592085778805,0.5489450246888674,0.8500483345783839,,0.8502454881857142,0.07324987468673536,0.3358041537773516
6,,0.0,,0.01815776844977266,0.012198607190565943,0.0,0.06297105879956374,0.33922457943235496,0.0799180172877213,0.03942515575916145,0.015906210709493777,0.2188538195424335,0.07685148054480202,,,0.16842690155589934,0.5701192136650414,0.6929751430819734,,,0.08199344581027111,0.37336149768040205
7,,0.0,,0.025655041429496053,0.011925568481482813,1.0,0.07639852936494282,0.464347266779761,0.0890825181697589,0.041933124543942206,0.018758578468988974,0.2789215048034737,0.07967096013826178,,,0.19539721076699842,0.7598885566876322,,,,0.11259673392495118,0.42251636102945506
8,,0.0,,0.02938667875648595,0.015378465656706296,,0.08434754257272403,0.5057909276647977,0.10645280334355756,0.04716864668166858,0.022170599113433106,0.3424160433737992,0.08462029498683504,,,0.22798378945526115,0.7951613422837379,,,,0.12641720221307712,0.4421104960859883
9,,0.0,,0.034019443005628036,0.018970817528457685,,0.08841607474659395,0.5397439237503642,0.12341915927793579,0.050896606029043875,0.02224945991824418,0.37616163601041025,0.11451360639848203,,,0.23937582853635833,0.8323495337448256,,,,0.1355706593546192,0.46996141378984707
10,,0.0,,0.038404699428459046,0.019963460084181157,,0.09803362366045379,0.5727205785968598,0.13361668469871854,0.058578433258522314,0.02691870509801153,0.4052815376320308,0.12189689453005917,,,0.2642934519884325,0.8738459144758961,,,,0.14521077039365252,0.49890955388613245
11,,0.0,,0.042053040113031785,0.021123153006428846,,0.10721921093976042,0.6298287206553459,0.1462844511614493,0.06260140033169881,0.028300997627164006,0.42571269084539226,0.13326001945262825,,,0.27589073148776755,0.9173415131528534,,,,0.1666877915075961,0.5694063356460958
12,,0.0,,0.04634009721624865,0.02174920064394985,,0.12042167619198596,0.6551418972997648,0.1602844301954291,0.0669994446229798,0.02922286813640437,0.45998467292338874,0.13835198835875825,,,0.29917697596242254,0.9661874715349604,,,,0.18119628672304225,0.6263192276580238
13,,0.0,,0.04895659220533852,0.025684800138261393,,0.13017969674818744,0.6817488097071418,0.17754658608097948,0.07373208045550599,0.03718504227777438,0.4992142249020986,0.15671203882525492,,,0.34177928749706954,0.982136363942678,,,,0.20027132385213842,0.6513626096568378
14,,0.0,,0.05347085033602135,0.03052055962029998,,0.13399032150408738,0.7133065765871938,0.18719818577578579,0.07971570240608422,0.0407761167752241,0.5356161129034165,0.17373453520364077,,,0.3639778847530198,0.9956048710156203,,,,0.22518785083304865,0.6680681465825226
15,,0.0,,0.05758112985101463,0.03270306509743067,,0.14962499957826872,0.7329615540924447,0.19821643601246988,0.08674021558330967,0.04334182945665592,0.5597719605124404,0.18357819002389378,,,0.38079912284278367,1.0,,,,0.22890825539766682,0.6915190324214023
16,,0.0,,0.06101316180890747,0.03427160823661648,,0.1550001497671779,0.7476198977512338,0.21652478260394428,0.09056281834385843,0.04622212692321096,0.5682920844048356,0.18795856060545954,,,0.40147305402637834,,,,,0.24945345421678852,0.7054182774593806
17,,0.0,,0.06317895383298554,0.035756426555374296,,0.16888111597922068,0.8066901342581405,0.223814117820413,0.09455056221620321,0.0517863399957134,0.5871121333333674,0.2014895981740418,,,0.4245203805899554,,,,,0.2589690140886482,0.7231737007240411
18,,0.0,,0.06693081207251934,0.036936100822021437,,0.17601595357072305,0.8231945408999092,0.2310764635129588,0.09754632848582734,0.056270046415172414,0.6140478327673484,0.2163328116864078,,,0.4384514497637731,,,,,0.27290109857278955,0.7340194241162902
19,,0.0,,0.07300699420583019,0.03898719111390378,,0.18213996975300703,0.8353755695306554,0.23829695440961463,0.10255828850257591,0.05928273357706169,0.6369166282073851,0.2224876210910898,,,0.4614650479865151,,,,,0.27965957782500084,0.7477321187463633
20,,0.0,,0.07690890530772662,0.03930936691156563,,0.17613327263604492,0.8482458438468821,0.24704428584717256,0.11242878297856236,0.061181211463008034,0.6310916497201614,0.24122961334628923,,,0.450704106141159,,,,,0.2924015083750431,0.749788793224803
21,,0.0,,0.08199352322933122,0.04016383562584177,,0.18226508699425528,0.857761198848304,0.25641612056023644,0.11701574663974233,0.063951641474877,0.6387210051678075,0.24880281633168774,,,0.47486577832132026,,,,,0.30208705715527445,0.7574714164537959
22,,0.0,,0.08344422276747063,0.042649806310809994,,0.1888116205372222,0.864265913665528,0.2664818125472937,0.1215168598465771,0.06774410657214282,0.6635768040478704,0.25852149020170423,,,0.5069044677611019,,,,,0.31988732378446344,0.7788094305548541
23,,0.0,,0.08758845150553136,0.04691898884590221,,0.196520414219825,0.8719318604762273,0.276619550351399,0.12635768170785433,0.07176208195025272,0.7017002014177122,0.2687155552143385,,,0.5365675822991494,,,,,0.3258591093230323,0.7929854860677683
24,,0.0,,0.09167415527898658,0.048092681408582444,,0.2190306698978708,0.8762887531599254,0.2875134227072799,0.13157817819182163,0.0752081328268437,0.7140835814624509,0.28167946671081495,,,0.5540309556925078,,,,,0.33605770471155727,0.8036614909457482
25,,0.0,,0.09567397377439074,0.0498810976420254,,0.22835984821012628,0.8899536999231324,0.3000662455263637,0.14335207271632933,0.07651243650152925,0.7273997307638769,0.2918811587336966,,,0.571532085281705,,,,,0.34529249213036833,0.808041154070361
26,,0.0,,0.09968948676278187,0.051695178939016526,,0.2384765770979892,0.8974523620192433,0.31370407393208666,0.15002395171568456,0.0778168897520854,0.7502804326138085,0.3028096703216818,,,0.586915870033508,,,,,0.3528927936728269,0.8137792904027786
27,,0.0,,0.10280137458415708,0.0526303901944161,,0.2494849765279751,0.9003468284454128,0.32664215217520787,0.1573164751196714,0.07905926036595447,0.7745398307513047,0.31454554399235346,,,0.5974567760352324,,,,,0.35916901232378107,0.8203450026706128
28,,0.0,,0.10794093441063564,0.05294934828229781,,0.26150836649312614,0.9006089664587451,0.3406388085791967,0.16532046962903862,0.08219173664531253,0.7853184925876858,0.3321677572298509,,,0.6095097756201372,,,,,0.3743593494207933,0.8373239853735486
29,,0.0,,0.1122945585890268,0.05454809281936788,,0.2746939065766375,0.9020633141935941,0.35810603740436436,0.1741453932115032,0.08384027868400074,0.8117697507698434,0.346220680958976,,,0.6264018306320921,,,,,0.3781945997352121,0.847071245363015
30,,0.0,,0.11488603566007434,0.05671542892064743,,0.28921864918119655,0.9075684055509206,0.3748584275793006,0.18392437062171854,0.08581615624494789,0.8183742403990379,0.3642179710946049,,,0.6509078388138262,,,,,0.38830344681387013,0.8505125073138482
31,,0.0,,0.11821840787931649,0.062392303372867074,,0.3052975358406841,0.9061520749800336,0.3799243499889665,0.194820955400603,0.08749876386728382,0.8324481298800082,0.38104907408439737,,,0.664967445019964,,,,,0.4071945030077942,0.8545817995124386
32,,0.0,,0.12121931394422218,0.06472576642798913,,0.3093680541148278,0.9017125406944387,0.38512348991577255,0.1963913704311925,0.08908986721076739,0.8495293490762688,0.38410319527456327,,,0.6856809203109877,,,,,0.4186121691958013,0.8665674138325778
33,,0.0,,0.12613969088773844,0.0695023639387368,,0.31321091981926014,0.8975602962801459,0.3897861963886365,0.19809177296178979,0.08911819447293173,0.8596224805957727,0.38796069792186133,,,0.6938653567106914,,,,,0.4217073544707121,0.8710981375433676
34,,0.0,,0.13129125378985654,0.07085426495486935,,0.31771710653231305,0.8991566232893501,0.3952496967959838,0.19971668618464408,0.09076685520983248,0.8712803657286957,0.39229102417458966,,,0.705996034678148,,,,,0.44248118844996326,0.8740203522563408
35,,0.0,,0.1351953786315455,0.07479395366223263,,0.32235019340701315,0.9302326269836243,0.40086251417363056,0.20136758306803493,0.09141704935525548,0.8751917380508849,0.39796157658095915,,,0.7129546427403842,,,,,0.4479787717907365,0.8889015970798844
36,,0.0,,0.13831835924480634,0.07650220641622413,,0.3265125088546091,0.9288355517053298,0.4066308545556211,0.20272039721458426,0.0934431896532465,0.877159838640624,0.4012832668884692,,,0.7304935507352737,,,,,0.4556118511876555,0.8924823937998848
37,,0.0,,0.14181460727171538,0.07936115142291689,,0.33098588341449603,0.9619973058541968,0.429763646618873,0.20460453944048454,0.09444673402284981,0.8851162401782777,0.407208855899895,,,0.7393086248725583,,,,,0.45821201144763074,0.8966221158383791
38,,0.0,,0.14475820525491567,0.08190282016519647,,0.3360030195538215,0.9693142855984492,0.4363669393001138,0.20633484961266818,0.09629213390331008,0.8916815324087453,0.41177104220111055,,,0.753676919787241,,,,,0.46784365478513573,0.9118214824170231
39,,0.0,,0.14773949797838337,0.08318288086286961,,0.34116941362108755,0.9650771976712703,0.44316903681997444,0.20784445601185308,0.09737816316107605,0.9076806992125012,0.41329386563664555,,,0.7660164563183793,,,,,0.47729569733766203,0.9129477239530556
40,,0.0,,0.1515845426963281,0.08934548749154714,,0.34649182673820944,0.964170494481686,0.4492911064329232,0.20963488686990242,0.0981229704777023,0.9097888471880459,0.41957242335179307,,,0.7721874168666655,,,,,0.49285070450642987,0.9159079904775485
41,,0.0,,0.15566340350906357,0.09206625311597309,,0.3515138845949689,,0.4555788167159734,0.21284824223931315,0.09869457132541581,0.9129684395846448,0.42325451071451214,,,0.7786010234250806,,,,,0.5056405273003255,0.9170428997643192
42,,0.0,,0.16097753010891067,0.09441388775881594,,0.35715577247172475,,0.4629763555941628,0.2147235021004995,0.0994473228719578,0.9140329663996326,0.4269995409520175,,,0.781476103181445,,,,,0.5108119931553193,0.933288343766543
43,,0.0,,0.16474390810344108,0.09574209943036573,,0.3629758878879424,,0.4706099362972095,0.2166599484683257,0.09965773909137118,0.9150998373905301,0.42935641394068275,,,0.7945547350544617,,,,,0.515995193784473,0.9347577417746478
44,,0.0,,0.16797124097711127,0.09806337054366313,,0.36847488049866767,,0.4784910394774063,0.21881742678618832,0.1001402420261426,0.9161021648253023,0.4338238513005512,,,0.809077900382049,,,,,0.5281959383338343,0.9359720362851909
45,,0.0,,0.1723813129063317,0.09876122524726706,,0.37413785908927893,,0.4866319025880603,0.2208012525263116,0.10092649395890518,0.9171735997463093,0.43898582260197455,,,0.8176999384627123,,,,,0.5312370482874035,0.9354122461306741
46,,0.0,,0.17545942174585352,0.09958773671158584,,0.3799722700517316,,0.49504558328851117,0.22366952435820187,0.10585343156997046,0.9177102043582879,0.4442679377321674,,,0.825020588334735,,,,,0.5366001543584125,0.9367072761925574
47,,0.0,,0.17888797697289066,0.10080957273758318,,0.3865419007533721,,0.5037460293322908,0.2275212262924045,0.10609084184007753,0.9185498360728322,0.4483824789169658,,,0.829266411670212,,,,,0.5451313517811623,0.9455263723724486
48,,0.0,,0.18188273787498935,0.10250892953537104,,0.39333589999880947,,0.5127481557252157,0.22986925577399694,0.10632928387401426,0.9207059135229531,0.45441515005353383,,,0.8400028543831723,,,,,0.5471007554836688,0.9454917332850638
49,,0.0,,0.1844587389287039,0.10396838165102386,,0.39565242409434537,,0.5220679300512513,0.23421665300526584,0.10699709297731215,0.9212464259933628,0.45737174824389076,,,0.8485210856385295,,,,,0.5559602648203597,0.9457044049689798
50,,0.0,,0.1868596524433563,0.10531703102604134,,0.4034887546526894,,0.5317224669929922,0.23510188758425835,0.10767306236557521,0.9217875376932935,0.46563624491573946,,,0.8512997205460645,,,,,0.5769457675301858,0.9479925907060281
51,,0.0,,0.1904424654994772,0.10933140603908367,,0.4108792311890718,,0.5404592024878999,0.23899628614487364,0.10855045117682004,0.9223292496197851,0.46873638013217195,,,0.8548854753183011,,,,,0.586149132176811,0.9497041493265844
52,,0.0,,0.193529796618312,0.10920445744276329,,0.41958002003775513,,0.5507919960538309,0.24161397888120167,0.10899435286349361,0.9294265829895579,0.4747382046029236,,,0.8626804924894907,,,,,0.5930811135496167,0.9459739767699682
53,,0.0,,0.19685249478200162,0.11175764300602287,,0.4268841994128331,,0.5587972093105893,0.24610296014766986,0.1096950253107762,0.9366277588399626,0.48056318546161675,,,0.8661789167032654,,,,,0.6009902593963786,0.9468329454305338
54,,0.0,,0.20371995895065292,0.11270704476532908,,0.4306986394454712,,0.5684274752844843,0.2553375458380252,0.12067650896289048,0.9382345767889329,0.47850874266862753,,,0.8767824090105686,,,,,0.6124808364178591,0.9569225018226394
55,,0.0,,0.20763406922062838,0.11458425065098506,,0.4391003048811527,,0.5798367042658279,0.2606394961285256,0.12122178668269744,0.9412526393679679,0.4853572958371308,,,0.8797459202436919,,,,,0.6149499242073668,0.9526861358002042
56,,0.0,,0.21107327338480344,0.11807015110357637,,0.4412508638475829,,0.5917006662854878,0.26287667547742993,0.12177186884344507,0.945210747958456,0.49024508740481876,,,0.8860606488205918,,,,,0.6260828464265416,0.9538480256576967
57,,0.0,,0.21428152349149118,0.1204694968472007,,0.4499876091557936,,0.6040471003006593,0.2657134418217498,0.1223268192239909,0.945778761112161,0.4927077898903301,,,0.889037436539042,,,,,0.6376140089653707,0.9542844011192846
58,,0.0,,0.21673946262391872,0.12286347154458961,,0.46008203050329044,,0.6169060482170902,0.2708277172014383,0.12954638829673948,0.9463474198179451,0.4961683167202232,,,0.8916996599739448,,,,,0.6584763106522498,0.9547861875721716
59,,0.0,,0.21939735361426743,0.12363895694074861,,0.4634664453725426,,0.6286036007216799,0.27642275306415304,0.13764381872501782,0.9467743381531452,0.4996763499586057,,,0.8947610354178884,,,,,0.6703971217438861,0.9550052517023262
60,,0.0,,0.22058040007765115,0.1259213177351426,,0.4723495562304685,,0.6407420483670466,0.2783141213477186,0.1467895901557208,0.9469167251769478,0.5048493997763539,,,0.8999732009368434,,,,,0.6827451986469606,0.9569357524081344
61,,0.0,,0.2238805505475635,0.12673657994069323,,0.4815714040021545,,0.6533467967576013,0.28346687012843175,0.1468020118498827,0.9499878670694242,0.5084780428862,,,0.9026988647684451,,,,,0.6964138088465149,
62,,0.0,,0.2267141685100169,0.12810364725200116,,0.4850125988061633,,0.6570375814352116,0.2871976056907715,0.1486505905124312,0.9530778958647484,0.5138304919006554,,,0.9058334218449104,,,,,0.7106257630260928,
63,,0.0,,0.22930436018187722,0.13185742799985462,,0.49472849351885223,,0.6683584458286546,0.29094156320192316,0.14921277315077594,0.9272737131586691,0.5206291714322351,,,0.9104028827687337,,,,,0.7142674646539449,
64,,0.0,,0.2312055789795871,0.1332076134538423,,0.49973049444322487,,0.6722172412026671,0.296849301877585,0.14930259420839326,0.927417497662929,0.5229344184674227,,,0.913543967484208,,,,,0.7216610824169248,
65,,0.0,,0.2349375070230765,0.13464709832022678,,0.5048323660040086,,0.6761198318804508,0.30116515377422254,0.1495082964149236,0.9275613242703843,0.5268209182074399,,,0.9143450277049405,,,,,0.7245310886452071,
66,,0.0,,0.24041727438586796,0.13692848527982512,,0.5187348242077061,,0.6921834055806763,0.30523073957176966,0.14971455268754544,0.9005183400707286,0.5285488290859827,,,0.9161020699131963,,,,,0.7303383823914693,
67,,0.0,,0.24409364098170658,0.13713529066715135,,0.5205192507367323,,0.6963165721892085,0.30946942073163847,0.14976620359095133,0.90066160542192,0.5306845714630045,,,0.9189268975515006,,,,,0.7376350429316254,
68,,0.0,,0.24606381619236778,0.1388985578084631,,0.5260468803958481,,0.7004983015566673,0.3167957547835767,0.1519275489955725,0.9008049137434823,0.5323972985900961,,,0.9215149496765815,,,,,0.7465061224529339,
69,,0.0,,0.2490784194780582,0.1419384617589189,,0.5301396939355919,,0.7047294546251655,0.3244696052522168,0.15195412076380144,0.9009482650547508,0.5346440142740159,,,0.9255019190676151,,,,,0.7589204902555892,
70,,0.0,,0.2528630536047873,0.1427639852786194,,0.5426929948064364,,0.709010912808679,0.3294533869663876,0.15313182389877258,0.8595302650539874,0.5402601042575771,,,0.9295222450088017,,,,,0.7711462394638353,
71,,0.0,,0.2571229005580354,0.14504392430819085,,0.5470443291342795,,0.712255561276515,0.3325506447490108,0.16384243054516573,0.8665457620791185,0.5439850281220128,,,0.9303510882841387,,,,,0.7754192372838606,
72,,0.0,,0.260344360105115,0.15106978960569717,,0.5531402388535829,,0.7166272380874004,0.3351271105568226,0.16616260275061226,0.8655988452362117,0.5503055691673631,,,0.9322212010192649,,,,,0.779874465050997,
73,,0.0,,0.26213832668925124,0.15364055172473298,,0.5582276958882458,,0.7210517545366247,0.3398456822984624,0.16622663543015814,0.8174018593076531,0.5545992882368169,,,0.9340985692723026,,,,,0.788658974707946,
74,,0.0,,0.26580026858445566,0.15604777844970025,,0.5610938862694336,,0.7244053968035693,0.34533557592192615,0.16648324981088003,0.8244716049622383,0.5555526757427705,,,0.9359832353494112,,,,,0.8022042199526841,
75,,0.0,,0.26724383598420626,0.15857353194736068,,0.5751421228677248,,0.7289247159695005,0.34814179246346516,0.1667406406860061,0.8306310847397002,0.560191375550851,,,0.9393519049060675,,,,,0.8057341964366502,
76,,0.0,,0.27097576892493563,0.16058207818769982,,0.5887554142836213,,0.7334995824606487,0.356242598295511,0.16995808057048578,0.8378851317929886,0.5648612932746725,,,0.9414692119210579,,,,,0.8068208791762883,
77,,0.0,,0.2744009840711056,0.16158288017960673,,0.5950897608783472,,0.7381310267147561,0.3586229238990232,0.17002500834675144,0.845259002655664,0.5655795669598014,,,0.945053886415643,,,,,0.8156926803840202,
78,,0.0,,0.27795079742101964,0.1629593047428808,,0.5992563504550956,,0.7416423733757389,0.365135512890563,0.17290063728167088,0.8527556909631668,0.5732303086444469,,,0.9468753977375143,,,,,0.8213632222558686,
79,,0.0,,0.280770604710765,0.16500948244358293,,0.6012292128412321,,0.7463753857949291,0.3712956243567286,0.17307377998716272,0.8447341161526422,0.5781621981659198,,,0.9477349230957702,,,,,0.8250602783367531,
80,,0.0,,0.283488218377772,0.16696778026273076,,0.6052134339241794,,0.7499641609022683,0.374195593855262,0.17565874133404302,0.8384904544655538,0.581939497447009,,,0.9507551420623349,,,,,0.8299383816119605,
81,,0.0,,0.2849267861516148,0.1709141426625734,,0.6072250438298011,,0.754802119609112,0.37896181078334196,0.17832045038031455,0.831653377574789,0.5843248409955847,,,0.9516214725113269,,,,,0.8348732219309649,
82,,0.0,,0.28698956422601174,0.175236382310907,,0.6092498235251231,,0.7597016222814963,0.38179758429311933,0.18161308898765158,0.8247390099638983,0.5857652210277333,,,0.9546656508292769,,,,,0.8358049013608028,
83,,0.0,,0.28825785758830147,0.17811322475425462,,0.6141638075853779,,0.7606272260511587,0.38835830795605786,0.18445591997197627,0.8223273279247545,0.5891531883841431,,,0.9555388675066664,,,,,0.8408084119884344,
84,,0.0,,0.2899107850412413,0.17983481308674923,,0.621049004055419,,0.764351851058006,0.39189995310490405,0.18898023245581544,0.8165226332390862,0.5896403061016803,,,0.9574544085276779,,,,,0.8420684593726767,
85,,0.0,,0.2942115687150778,0.18260750391384392,,0.6231654538807208,,0.7693739854975865,0.39453777824446074,0.18947570487573334,0.8073659402232302,0.597142422636354,,,0.958332552747617,,,,,0.8433322069607907,
86,,0.0,,0.29908126625938525,0.18380944571848312,,0.6277282361824518,,0.7744612232065906,0.39652697942048565,0.192566983145237,,0.6002562318873024,,,0.9599832662516494,,,,,0.8511543724887882,
87,,0.0,,0.3030204191657312,0.18534864848860327,,0.6298897072847981,,0.7796148383704127,0.3992265981355491,0.19265248328069945,,0.605345819358139,,,0.9608658907854697,,,,,0.856339813978745,
88,,0.0,,0.3063203018654474,0.18746417824505873,,0.6387581104631803,,0.7848361386435267,0.4019626027486391,0.19660625278175414,,0.6128245637660295,,,0.9617500817292812,,,,,0.8615874548760484,
89,,0.0,,0.30797664601128,0.18883940216151385,,0.6461986288420063,,0.7901264662556672,0.4143461511315835,0.19669432866176814,,0.6168448556796124,,,0.9644120948310149,,,,,0.8629092151019911,
90,,0.0,,0.3102424891903577,0.19285406991300547,,0.6484870747951721,,0.7941403387056077,0.4201669466419575,0.19998574324602583,,0.6185530577846504,,,0.9660830815008544,,,,,0.8710924180784215,
91,,0.0,,0.31234860428146216,0.19578901265638934,,0.6561532793539142,,0.7954871991621744,0.4280069271385049,0.19980991874701587,,0.6246052069181995,,,0.9687683071310129,,,,,0.8752412577958967,
92,,0.0,,0.3139468015542479,0.1968421553031913,,0.6639997226297577,,0.7995548020307441,0.4293286943623511,0.20321299620328792,,0.6288888686235924,,,0.9696665845725109,,,,,0.8757519395153709,
93,,0.0,,0.316201712561207,0.1991496506257576,,0.6720328365715819,,0.8036634138947292,0.4324928103235186,0.20330718873517786,,0.6344654183254994,,,0.9701725721213588,,,,,0.879944450722022,
94,,0.0,,0.31825428475947326,0.2004422744568232,,0.680259362850816,,0.8092064339699094,0.4354093876397027,0.2068292806463338,,0.6404830152559028,,,0.9710733644028242,,,,,0.8884485060273866,
95,,0.0,,0.3219057787266294,0.2023776958929607,,0.6886863717314886,,0.8134131794733154,0.437830040301995,0.21047333470170465,,0.6440547177675182,,,0.9737854489161518,,,,,0.8927611820009965,
96,,0.0,,0.3275938680707863,0.20477807358663114,,0.6973212823368987,,0.8151786834368089,0.4408181655377461,0.21057425699072557,,0.6495382859580602,,,0.9749198020816162,,,,,0.8935577679177175,
97,,0.0,,0.3314612470640356,0.20811663574779093,,0.6999801381500388,,0.819446735228837,0.44562214942954836,0.2151110201155033,,0.6522597984407567,,,0.9758291220333682,,,,,0.9023227027097314,
98,,0.0,,0.33458746480351903,0.21059423744236982,,0.7021216316722813,,0.8205206099566135,0.45059318843662455,0.21896836953710003,,0.6553015907599745,,,0.9763413340656485,,,,,0.9048579927351795,
99,,0.0,,0.339302155165892,0.21203589542419415,,0.7048167001705439,,0.8248438753437844,0.45302356595565946,0.2232187051407341,,0.6583729185648202,,,0.977481442592753,,,,,0.9074072800738787,
100,,0.0,,0.3430039646546895,0.2137297518251625,,0.7106347852007385,,0.826294917305259,0.45424634571683337,0.22728196503848724,,0.664481042009649,,,0.9786241231273406,,,,,0.9119025643054177,
101,,0.0,,0.3478237730346103,0.21521430594474056,,0.7133946795570847,,0.8277509790581817,0.4546317334939348,0.22941347852000576,,0.667076690356235,,,0.9790819174537152,,,,,0.9164417045027602,
102,,0.0,,0.3501834609864343,0.21776123547833995,,0.7180416953464085,,0.8292120866961824,0.4587175516670878,0.22986250621787824,,0.6737205916942004,,,0.9794666002362883,,,,,0.9179334788636874,
103,,0.0,,0.3518232813733255,0.21865056420237677,,0.7274208647789134,,0.830311244585841,0.46394444929526035,0.2300726451537595,,0.6798504122185441,,,0.979925525783344,,,,,0.9209313527641507,
104,,0.0,,0.35335522460686614,0.22102996054883126,,0.7326391651138627,,0.8362220684682515,0.4682657572437609,0.23457461571353455,,0.6829564289805801,,,0.9801551442125338,,,,,0.9255592241404748,
105,,0.0,,0.3569606241046916,0.2225327589991607,,0.7341995156570688,,0.8377127055017841,0.4693642711302467,0.23582981835324526,,0.6837372773826285,,,0.9806721655395179,,,,,0.9302329109029661,
106,,0.0,,0.36003271065776155,0.22482523916133945,,0.736552352486418,,0.8392085693709498,0.4745672159497464,0.2359560665299964,,0.6868782236126408,,,0.9811321821252487,,,,,0.9349530967865316,
107,,0.0,,0.3614091942401286,0.2277353880657439,,0.7395143653475479,,0.8407096876154435,0.48102565133557285,0.23854154175348674,,0.6948555525472238,,,0.9818229884134119,,,,,0.9397204791992321,
108,,0.0,,0.3651723706019385,0.23327752519844747,,0.7459124113935389,,0.8418389911587256,0.4833683765594387,0.24337906926342037,,0.6951245881188378,,,0.9829764207106629,,,,,0.9444370146910896,
109,,0.0,,0.36534908793652104,0.23493903177834632,,0.7513961905083825,,0.844959992392385,0.48588334441638614,0.24841379230940253,,0.6975551177157207,,,0.9832074210820995,,,,,0.9460195267943653,
110,,0.0,,0.3669351513959725,0.2382377202391947,,0.7550963825579582,,0.851078071911307,0.49064225365690867,0.2506781123799442,,0.7023291014264739,,,0.9855232007805448,,,,,0.9508984861456401,
111,,0.0,,0.36933994200118475,0.23881243667093363,,0.7634489691624216,,0.8522349105760122,0.49465457687208475,0.2526907268663272,,0.702741278678437,,,0.9858618315132426,,,,,0.9537086856756559,
112,,0.0,,0.3734179437376527,0.240553172652864,,0.7659903626029201,,0.853394842029004,0.49896100956339523,0.25532566200159257,,0.7031539299391852,,,0.9859135286464508,,,,,0.963673989151766,
113,,0.0,,0.37486636327872996,0.24147128895695416,,0.7686554372164833,,0.8548491245052482,0.5028728964942984,0.2598779773957024,,0.7035670560268628,,,0.9860879708649098,,,,,0.9687336346449387,
114,,0.0,,0.3770949728347078,0.24274721096003724,,0.774474832028728,,0.8557240330439351,0.5076460079257549,0.261263440161821,,0.7039806577614974,,,0.987775928423583,,,,,0.9699806868797979,
115,,0.0,,0.37963369377042233,0.24495595743335288,,0.7771985053915708,,0.8568933176448251,0.5128368677308714,0.2618450254181608,,0.7088414347291744,,,0.9879510275869599,,,,,0.9716483315844229,
116,,0.0,,0.38120184655643663,0.24937987275719653,,0.7804919407202111,,0.8584572548747923,0.5162176736600026,0.2624682043634455,,0.7092611331095151,,,0.988009407291268,,,,,0.9721706249633979,
117,,0.0,,0.3825665095849299,0.25169095001848973,,0.7838130030052191,,0.8600268095351243,0.5204158520620084,0.26250396474793763,,0.7134293281693457,,,0.9880025641384422,,,,,0.9734263797414823,
118,,0.0,,0.38554449395782303,0.25303941521257317,,0.786042564984562,,0.8616020119457375,0.5246691215594406,0.26313163712096443,,0.713854481227197,,,0.9881778420386262,,,,,0.9763688897379699,
119,,0.0,,0.38879182563288234,0.2547709882294073,,0.789410450857051,,0.8631828926451425,0.5316189709342043,0.26372277474445316,,0.7141381924573674,,,0.9887625355035409,,,,,0.9780581744324438,
120,,0.0,,0.3916402075364311,0.25652619293955436,,0.7955448896017633,,0.8640746449171169,0.5321475446003708,0.26435621597294373,,0.7149906531060758,,,0.9896408290430705,,,,,0.9797532049280773,
121,,0.0,,0.3932321005170496,0.2587541742317914,,0.7989936986792988,,0.8656644596044528,0.5348060580191686,0.26495279917717973,,0.7154176314454328,,,0.9738615860826593,,,,,0.9814540105897895,
122,,0.0,,0.3955285747259853,0.2606213241853346,,0.801890308215238,,0.8672600318470362,0.5420253696602042,0.2655920891594026,,0.7174168202953743,,,0.9740959270062393,,,,,0.9827334225666409,
123,,0.0,,0.39816354359224926,0.26408543198548845,,0.8028216019816347,,0.867759833868532,0.5443210413920127,0.2661941935398013,,0.7228987756300331,,,0.974975675365801,,,,,0.9844444060321828,
124,,0.0,,0.39972981769496324,0.2668633694765519,,0.8063330329503468,,0.8693630104892739,0.5489704898855593,0.2661991189163462,,0.7246470109349038,,,0.9750343797700106,,,,,0.9878839739636055,
125,,0.0,,0.40218178985638275,0.26878810197988434,,0.8098748849872109,,0.87097201746984,0.5542719010892553,0.2668458004875302,,0.7330655575472275,,,0.9750930909951465,,,,,0.9887475548445535,
126,,0.0,,0.40426135610078606,0.27043362423506667,,0.811657342713914,,0.872586886673551,0.5619250125709292,0.2718385376509115,,0.7342624701416013,,,0.9750815097729425,,,,,0.9896126188873611,
127,,0.0,,0.4078804500274651,0.27428886220147325,,0.8145254259283032,,0.8742076501963316,0.5668775860174272,0.2723437495750834,,0.7439774617976016,,,0.9426858855869232,,,,,0.9913472117684372,
128,,0.0,,0.4088618236852364,0.2775427233082699,,0.8175343473641244,,0.8758343403688372,0.5732420102983494,0.2730202550683328,,0.7495025549909371,,,0.9427444843545896,,,,,0.9930877833585218,
129,,0.0,,0.41191737193708916,0.2797548095764228,,0.8205652745975477,,0.8767519702905778,0.5776337655225146,0.2731474692444727,,0.7499710057895049,,,0.9339681609046477,,,,,0.9943971541976422,
130,,0.0,,0.41620394375948017,0.28147013280744915,,0.8234958926754172,,0.8772625815711798,0.5840048186400284,0.27382792555815544,,0.7527938124311998,,,,,,,,0.9957099186153955,
131,,0.0,,0.41844468703136606,0.2838124226306087,,0.8265706574368602,,0.8781831561343324,0.5885044618378666,0.2743404674433219,,0.7580234406138351,,,,,,,,0.996696726908839,
132,,0.0,,0.42260885332901726,0.28537279933951054,,0.8287985500373363,,0.8798244294360754,0.5930397692058799,0.2759854150494613,,0.7585023965685906,,,,,,,,0.9970260898219265,
133,,0.0,,0.42623128239688163,0.2864683498641472,,0.831912572740534,,0.8814717423443678,0.5999248341190598,0.2769215598312509,,0.7626783469667623,,,,,,,,0.9971359249502123,
134,,0.0,,0.42802072900387356,0.2899463469984936,,0.8356800084762183,,0.8831251282577468,0.6032592976626122,0.27682495103903226,,0.7630014425523429,,,,,,,,0.9972457838366336,
135,,0.0,,0.42946303573698447,0.2927896213771927,,0.8394812598844875,,0.8826926615054975,0.6095827147347991,0.27704838351435146,,0.7741487394388357,,,,,,,,0.9974655729147245,
136,,0.0,,0.43179147641160714,0.2948858184198374,,0.8426751305051994,,0.884357504394075,0.6169719264441841,0.2771244923694698,,0.7778239368580948,,,,,,,,0.997795434910722,
137,,0.0,,0.4341790804479372,0.29752977291202165,,0.8458930707275785,,0.8860285305042811,0.6244207917840091,0.27739384183200344,,0.7816565208567388,,,,,,,,0.9980154619173935,
138,,0.0,,0.4344416632037199,0.2987947208216436,,0.8491353536702382,,0.8868663730420931,0.6310707617756319,0.2780128946378971,,0.7863396381909,,,,,,,,0.9982355842036866,
139,,0.0,,0.4377076185207266,0.29784612365575386,,0.8522711042615656,,0.8885467387727812,0.6318046997284881,0.2781939555275232,,0.7866829796984155,,,,,,,,0.9984558018315037,
140,,0.0,,0.44255461049704514,0.29920441253870517,,0.8562230796066471,,0.890233374485256,0.6348810427764389,0.2789205329845574,,0.7877147719962607,,,,,,,,0.998565946417843,
141,,0.0,,0.4446784550575741,0.30057504484701353,,0.8595441280763277,,0.8919263153380711,0.6356237807833477,0.27928522837804043,,0.7882316648668607,,,,,,,,0.9987863071741312,
142,,0.0,,0.4469205388653069,0.3022672715810694,,0.8627563441931142,,0.8936255967531389,0.6363682402994493,0.2794222319748083,,0.7927394477593603,,,,,,,,0.9990067634269347,
143,,0.0,,0.44888846425732387,0.30570906667399195,,0.8639670430082177,,0.8945842423139961,0.6442905255196331,0.2802470480541632,,0.7961973691515527,,,,,,,,0.9991170273839312,
144,,0.0,,0.4514725843417215,0.3076193836278473,,0.8666695297337329,,0.8946908833005223,0.6468465126675463,0.2803849849609209,,0.8025793488244077,,,,,,,,0.9992273152383446,
145,,0.0,,0.4534805171218541,0.3086281825874248,,0.8674835329387177,,0.8964005443636333,0.6494226481064704,0.2821326687760679,,0.803652788983094,,,,,,,,0.9993376269979448,
146,,0.0,,0.4555062259093957,0.30992551976096017,,0.8715762947565245,,0.8969361313807018,0.656612876482261,0.28227406384317866,,0.8041905669083319,,,,,,,,0.9994479626705051,
147,,0.0,,0.4571397508564711,0.31189194266548687,,0.8733616876671332,,0.8977943804421109,0.6574068090895117,0.2862981870917182,,0.8105172573917627,,,,,,,,0.9995583222638017,
148,,0.0,,0.4634013527726716,0.30646952195204574,,0.8710283919711014,,0.8906855698403501,0.6716546728568765,0.29045673815975814,,0.8146871793493639,,,,,,,,0.9996687057856145,
149,,0.0,,0.46498404467530113,0.30956726622182085,,0.8743260472159727,,0.8916460667805728,0.6744457444749279,0.29293354144789724,,0.8152397087029164,,,,,,,,0.9997791132437269,
150,,0.0,,0.46668410232842156,0.30981447305237514,,0.8776484439361171,,0.8926086020177221,0.6786756794108144,0.2934133539290015,,0.8180134323052413,,,,,,,,0.9998895446459254,
151,,0.0,,0.4692312838129961,0.31469639512093833,,0.8811358845254064,,0.8862180121216904,0.6829584736637513,0.2934640706842947,,0.8209925740307605,,,,,,,,0.9985622095136791,
152,,0.0,,0.47096399957819446,0.317079986665366,,0.8823980709595513,,0.8857846629022175,0.687295124297099,0.29448464956366605,,0.8213265061182438,,,,,,,,,
153,,0.0,,0.47446776465621665,0.319586774185282,,0.8866312657901554,,0.8845732565117076,0.6916866536091404,0.2946947339908373,,0.8244398626729592,,,,,,,,,
154,,0.0,,0.4766839814535427,0.32204472740679196,,0.888300454873972,,0.8845457446541292,0.6925716366990501,0.2950630950762283,,0.8255727515686953,,,,,,,,,
155,,0.0,,0.4798213900274327,0.3240920064301189,,0.8891553849287204,,0.8818436955546685,0.6934588652976393,0.2960884316046696,,0.8261403436107638,,,,,,,,,
156,,0.0,,0.4817462996302852,0.32607459294868196,,0.8904408310775047,,0.8824873299346262,0.6953187139614385,0.29696507741795364,,0.8302878326229839,,,,,,,,,
157,,0.0,,0.48552693891915066,0.32753166229428826,,0.8930227648715763,,0.8842082109352317,0.6962151138962898,0.2970192182224158,,0.83143688621823,,,,,,,,,
158,,0.0,,0.48702217367630574,0.3307645031233265,,0.8943192841762808,,0.8756068777536021,0.6971138057545221,0.2972359766020911,,0.8372293396272048,,,,,,,,,
159,,0.0,,0.48888964387498873,0.33188753706958896,,0.8951856976472505,,0.8757144331869066,0.7016419535260987,0.2991868436535568,,0.8407065364408817,,,,,,,,,
160,,0.0,,0.4938599965342667,0.3345424478704871,,0.8976495628944074,,0.8680974759789614,0.7046932250334658,0.3005144971868136,,0.8430655784790816,,,,,,,,,
161,,0.0,,0.49577992523121134,0.3374338377741482,,0.899834710967776,,0.8675826122458837,0.707770895332442,0.3006832755073048,,0.8474244462760827,,,,,,,,,
162,,0.0,,0.5002769677761408,0.3417775821950097,,0.9011508500234339,,0.8670222483148073,0.7138128047043889,0.3008522412447793,,0.8480222712703912,,,,,,,,,
163,,0.0,,0.5053410484905627,0.34408827653979823,,0.9037945679291215,,0.8664613370233153,0.7169585016172797,0.30329940761720864,,0.8486209257444725,,,,,,,,,
164,,0.0,,0.5078507081881779,0.34692169627563907,,0.904236677680717,,0.8642122021820355,0.7201317841943022,0.3053701984186574,,0.8492204114258748,,,,,,,,,
165,,0.0,,0.5114060563279823,0.34997707032123837,,0.905565573752731,,0.8651818676705768,0.7249442301954321,0.3042647800032074,,0.849820730046947,,,,,,,,,
166,,0.0,,0.5137178278331428,0.3536031298115334,,0.9068983331092471,,0.866045588874602,0.7296469151574881,0.3046704249387437,,0.8507192894771602,,,,,,,,,
167,,0.0,,0.5157902099879524,0.3570149195178056,,0.9077889939434968,,0.8661536731619249,0.7324311707463685,0.3010207693052408,,0.851121126620298,,,,,,,,,
168,,0.0,,0.519985134081744,0.36242040939972514,,0.9091282296475723,,0.8570635349775053,0.7357338405175978,0.30172869491911913,,0.8517245823449375,,,,,,,,,
169,,0.0,,0.5237116136417721,0.3646334165082706,,0.9104713738449292,,0.8478284628321969,0.7421132503959865,0.3024399181320038,,0.8535740875854304,,,,,,,,,
170,,0.0,,0.5249206896251383,0.3669861507749059,,0.9113689831526582,,0.8479360146386256,0.7431233472233123,0.3026182418867476,,0.8547883660923484,,,,,,,,,
171,,0.0,,0.5294017565847554,0.36845777907689203,,0.9140723305236216,,0.8409122666644896,0.7479879938621523,0.30279677354674756,,0.8570901599953089,,,,,,,,,
172,,0.0,,0.5331249366866642,0.370629833898183,,0.9131786091724052,,0.8418793456399434,0.7496954426232841,0.30285633036410403,,0.8591971013891514,,,,,,,,,
173,,0.0,,0.5364783237525844,0.3734879671440758,,0.9145360270733599,,0.8418396569904464,0.7531336216843796,0.3055605587910968,,0.8628614518760218,,,,,,,,,
174,,0.0,,0.5387372676186745,0.37694428826424975,,0.9154431890194983,,0.8336821135512745,0.7597111953192213,0.30574253835624093,,0.8641008458035955,,,,,,,,,
175,,0.0,,0.5421613012871478,0.3784964881923586,,0.9168072700076412,,0.833789440651008,0.7625224335307321,0.3013679741253185,,0.8651681183247814,,,,,,,,,
176,,0.0,,0.5434564754203809,0.3809094458513951,,0.9193948538695909,,0.8331917177483441,0.7660656143018274,0.30247012820455355,,0.8657904689859133,,,,,,,,,
177,,0.0,,0.5443723628989717,0.383082790299722,,0.9203115669363933,,0.833299050695982,0.7714420081331694,0.303886712300634,,0.8696357167954437,,,,,,,,,
178,,0.0,,0.5456793200196113,0.38345213279545765,,0.9212300876236901,,0.8334064107957099,0.7725262759581918,0.30620767675474925,,0.8720041106345114,,,,,,,,,
179,,0.0,,0.548218589701771,0.38541291964280044,,0.9230725732881573,,0.8335137980578322,0.7776754218714227,0.3071653321978758,,0.8730867351575552,,,,,,,,,
180,,0.0,,0.550878293418825,0.38666388610182245,,0.9241507226778373,,0.8328371154955083,0.7832017844591135,0.3073570183132985,,0.8773209793918428,,,,,,,,,
181,,0.0,,0.5535637341375232,0.38904770341625117,,0.9250768329644112,,0.8237549416925005,0.784316414110498,0.30513479705752233,,0.8784148799685864,,,,,,,,,
182,,0.0,,0.5550669044509469,0.3907217710946859,,0.926004778751324,,0.8237098146060146,0.7880546707717929,0.30571071596384874,,0.8823533703266397,,,,,,,,,
183,,0.0,,0.5574889035439323,0.3917384041309345,,0.9269345655007818,,0.8238172665531829,0.791070810457552,0.30881893165443725,,0.883457079191699,,,,,,,,,
184,,0.0,,0.5605460652024464,0.3927731871664203,,0.9287996838447372,,0.8214669561231669,0.7922077728355116,0.3096057694834677,,0.8847511344493972,,,,,,,,,
185,,0.0,,0.5651947243562565,0.39459719056958187,,0.9314546640106449,,0.8217911904264943,0.7949666634298893,0.3053984276590222,,0.8869705997866144,,,,,,,,,
186,,0.0,,0.5666042835447888,0.39670249079003794,,0.9325522548416675,,0.8218993243598882,0.7961154531567312,0.3057318422260001,,0.8913302940942373,,,,,,,,,
187,,0.0,,0.5697617633700025,0.39736304492375113,,0.9336524043059549,,0.8220074862274533,0.8005475321615394,0.30593185479264867,,0.8963963414862158,,,,,,,,,
188,,0.0,,0.5726335137957939,0.39936572197525444,,0.9360398782518193,,0.8222238938084059,0.801710987040695,0.30419332780385794,,0.9024161908916922,,,,,,,,,
189,,0.0,,0.5762573982830673,0.4020647313228942,,0.9373062658926076,,0.8191325377276129,0.8053235376206034,0.3049982460018062,,0.9069268661588578,,,,,,,,,
190,,0.0,,0.5803410315426013,0.40493799186728735,,0.9385760437572437,,0.8156550795233435,0.8087627523582265,0.3087317603930911,,0.8844133956766584,,,,,,,,,
191,,0.0,,0.5826530651008065,0.4065982559876134,,0.939371382574882,,0.8150279622403455,0.8099500238071203,0.3106132289272383,,0.885316703483385,,,,,,,,,
192,,0.0,,0.5846494157367415,0.40883310703733233,,0.9412856406526373,,0.8123553840573091,0.8147338814831808,0.31175783399888796,,0.8862218277432394,,,,,,,,,
193,,0.0,,0.5881759099622106,0.41095057284399644,,0.9422456634297875,,0.8124638117225339,0.817954376633169,0.313476901623999,,0.8861932211212876,,,,,,,,,
194,,0.0,,0.5897002291048258,0.4112783330965484,,0.9446542073425129,,0.809369692611236,0.820386367454216,0.3136931035906676,,0.8864198364335272,,,,,,,,,
195,,0.0,,0.5902927989503288,0.4128528027339666,,0.9465898205335571,,0.8096964990712366,0.8236514217041432,0.31543339035657275,,0.8877819255451396,,,,,,,,,
196,,0.0,,0.5918340236673807,0.414032308105326,,0.9460505933585714,,0.8096462210951714,0.8248824724386202,0.3130174058807183,,0.8768900052821533,,,,,,,,,
197,,0.0,,0.5970296613676925,0.41797723188057156,,0.9484810255421241,,0.8070921499365548,0.8261171785377228,0.31433428553042203,,0.8777980695699549,,,,,,,,,
198,,0.0,,0.6007208381869039,0.42049964318324456,,0.9486434931850789,,0.8051694850442334,0.8310928841423827,0.3173002648211025,,0.8795056839761597,,,,,,,,,
199,,0.0,,0.6037422976989535,0.42214798308591156,,0.949456657134769,,0.7949742717603808,0.8323461135935258,0.3228901053973416,,0.8792160290864713,,,,,,,,,
200,,0.0,,0.6075166221366495,0.42533075841579815,,0.9505974038202168,,0.794321154651392,0.837055230218013,0.32484993452506145,,0.8797031703717183,,,,,,,,,
201,,0.0,,0.6124387464457383,0.4274792507630284,,0.9510871249190866,,0.7942110342635859,0.8403711273564247,0.322221389618932,,0.8842922763047979,,,,,,,,,
202,,0.0,,0.618750815679122,0.4307427614189572,,0.9522317489532471,,0.7882976612784838,0.8437961880054174,0.3228292350537836,,0.8860253526997144,,,,,,,,,
203,,0.0,,0.6217661348933892,0.43262996650280716,,0.952395488969471,,0.7884057844312555,0.8450877369119184,0.3207708072384269,,0.8871844531368002,,,,,,,,,
204,,0.0,,0.6246196303221542,0.4345336868204721,,0.9525592846449693,,0.7883488434534263,0.8476826376257685,0.32026643092598367,,0.8871554169037538,,,,,,,,,
205,,0.0,,0.630405391443409,0.43654530383266166,,0.9532150245076908,,0.7783612863169544,0.8480394696190857,0.3256821087420867,,0.8868650841594551,,,,,,,,,
206,,0.0,,0.6321619401999684,0.4386422841723462,,0.9533790989057186,,0.7783011405679875,0.852405891911206,0.3163497025406534,,0.8875620893779649,,,,,,,,,
207,,0.0,,0.6339282406421444,0.4399427205304398,,0.9535432291336192,,0.7681464039977007,0.8556370379960467,0.31715933402454227,,0.8635340025278891,,,,,,,,,
208,,0.0,,0.6357043742024105,0.4424018211559115,,0.9540359550816634,,0.7674634912893763,0.8582951123338544,0.31817508808326367,,0.8644595680220437,,,,,,,,,
209,,0.0,,0.6388864808607132,0.4449686178492709,,0.9543647187194233,,0.7633502599609197,0.8596303034810167,0.31964744369560544,,0.8644238556632812,,,,,,,,,
210,,0.0,,0.6406903635519797,0.4473115592020096,,0.9545291845257581,,0.7550419199364589,0.8611216648812092,0.3191192675357994,,0.8643881244804869,,,,,,,,,
211,,0.0,,0.6445319938735117,0.449679167791929,,0.9548582842564247,,0.7545189863096743,0.8624664076391297,0.31899188479230733,,0.8653160564874554,,,,,,,,,
212,,0.0,,0.6482138949888995,0.4510433124415014,,0.9550229182380502,,0.7510216426533849,0.8658465669928374,0.31924113118321396,,0.8699852501805975,,,,,,,,,
213,,0.0,,0.6517298306211335,0.4525878481449192,,0.9551876083354319,,0.7508834567306336,0.8685696814176754,0.31949076297702406,,0.8702200105325987,,,,,,,,,
214,,0.0,,0.6576041385064788,0.45483751007957385,,0.9555171569922664,,0.7509898088551237,0.8684328229597176,0.32429782968957,,0.8591819813752067,,,,,,,,,
215,,0.0,,0.6601540345336531,0.4562330074967973,,0.9558469304567278,,0.75092067828347,0.8698019761166736,0.32455575810544784,,0.8594161744858645,,,,,,,,,
216,,0.0,,0.6648802437116957,0.4604710755272348,,0.9560119015637166,,0.7502181418824893,0.8741000503575491,0.3248140925694104,,0.8603542032157825,,,,,,,,,
217,,0.0,,0.6696570795082443,0.46297964498121796,,0.9563420126711794,,0.7499729247078613,0.8775777405670686,0.32619877382985657,,0.8601993478080528,,,,,,,,,
218,,0.0,,0.6716303110333184,0.46442535800120205,,0.9565071527292992,,0.7471532322014699,0.8785097672239685,0.3233220951242057,,0.8601618359294775,,,,,,,,,
219,,0.0,,0.6742793344535664,0.4660625583149129,,0.957499177958416,,0.7443209466067093,0.876723306245949,0.32358267189988865,,0.8648832060185772,,,,,,,,,
220,,0.0,,0.676279771099973,0.46964832926077305,,0.9578303051120357,,0.7440720609053775,0.8765930391002588,0.3238436643460146,,0.8449999309398939,,,,,,,,,
221,,0.0,,0.678067866657833,0.4703438667148461,,0.9579959535837218,,0.7378282711427304,0.8779954344456021,0.3246291456770302,,0.8449573816645544,,,,,,,,,
222,,0.0,,0.6821256465227464,0.4729972014476508,,0.9589910347722811,,0.7377546796378861,0.8801073964195539,0.3229350832335787,,0.8457419373339023,,,,,,,,,
223,,0.0,,0.6880728403648386,0.4743124070857897,,0.9598218311020117,,0.7375016302180126,0.8789108462441618,0.3237291783840517,,0.8456995277171641,,,,,,,,,
224,,0.0,,0.6906201040800186,0.4763939242826529,,0.9592813674771964,,0.7328193443761113,0.8798524651239551,0.323994735643731,,0.8466469819816469,,,,,,,,,
225,,0.0,,0.6934204040529143,0.47849369680991327,,0.9596140703090382,,0.7320920029982747,0.8780524545509228,0.3149571858889608,,0.8319962845360251,,,,,,,,,
226,,0.0,,0.6955660962780054,0.48102756050025514,,0.9590730364173192,,0.7289710941836087,0.88183741181361,0.3153059236975217,,0.8329413986985404,,,,,,,,,
227,,0.0,,0.6988853564637189,0.4825539222351055,,0.9594059531300495,,0.7170984290730228,0.8875759553587785,0.3199465014607795,,0.8347191852521536,,,,,,,,,
228,,0.0,,0.7010358466138285,0.4847081882210772,,0.9597390983509164,,0.7174154754165191,0.8890221909791834,0.3203947704637621,,0.8356703899294381,,,,,,,,,
229,,0.0,,0.7034407625872976,0.48529904071778585,,0.9600724723152668,,0.7162909561387393,0.8912003358775232,0.32147570026808386,,0.8366237268525194,,,,,,,,,
230,,0.0,,0.7044073280735743,0.48688167707296404,,0.9604060752587704,,0.7161033468108932,0.8893890372215235,0.33153863551416207,,0.8362934758023246,,,,,,,,,
231,,0.0,,0.70732293344575,0.4878583025005441,,0.9595030180562518,,0.715352367358605,0.89328604353787,0.3305796684780242,,0.835963039573462,,,,,,,,,
232,,0.0,,0.7112479376397409,0.4890588118286048,,0.9598368266698266,,0.714127399840019,0.8947561732169939,0.33269532469024804,,0.8359170371997303,,,,,,,,,
233,,0.0,,0.7142202283765896,0.4906686657808933,,0.9477689832877942,,0.7134631643436906,0.8929368629623811,0.33309400239296516,,0.8377103384002123,,,,,,,,,
234,,0.0,,0.7194816018010097,0.4914775538598923,,0.9491050771129714,,0.7094802848394927,0.8911115899559281,0.33387544868354474,,0.8297165655031367,,,,,,,,,
235,,0.0,,0.7235422858867286,0.49206391671867133,,0.9485498782442361,,0.7092052863020436,0.8892803248353236,0.334463917729901,,0.8301947883888994,,,,,,,,,
236,,0.0,,0.7266178325525322,0.49328922415372084,,0.9476232559340196,,0.7090148942142346,0.8874430380451545,0.33506898391204387,,0.8306735531185747,,,,,,,,,
237,,0.0,,0.7276488000257839,0.4949324442874211,,0.9466950163848556,,0.7053868703832399,0.8889156505647271,0.33184813756743836,,0.8303380135850624,,,,,,,,,
238,,0.0,,0.7286826805579013,0.49658659420402307,,0.9470295395949685,,0.703469278965885,0.8903931213874398,0.3330335067447458,,0.819670312270955,,,,,,,,,
239,,0.0,,0.7341588389019961,0.4992981815565878,,0.947364296506303,,0.7027732029921129,0.8919349924050445,0.3322470588844049,,0.8072409367756189,,,,,,,,,
240,,0.0,,0.7373249749138504,0.5014041541276609,,0.9349569694730862,,0.7026859636511746,0.8941666454788079,0.3337388779425431,,0.8090259679580355,,,,,,,,,
241,,0.0,,0.7397174547649918,0.5026828210127633,,0.9352914821719354,,0.6976551611762619,0.8939911511015722,0.33403883335860507,,0.8086767753719939,,,,,,,,,
242,,0.0,,0.7418571021357828,0.5043823915436937,,0.9356262314570898,,0.6965608553723543,0.8949880166505487,0.3350425482753213,,0.8094571007951693,,,,,,,,,
243,,0.0,,0.7445490330118084,0.5082636847731862,,0.9359612175796291,,0.6846964702379676,0.8965448010727932,0.33765608568313543,,0.8094018363188297,,,,,,,,,
244,,0.0,,0.746716605803253,0.5095706931290275,,0.9362964407909884,,0.6849064841838093,0.8953133961550538,0.33878035355593206,,0.810359265451115,,,,,,,,,
245,,0.0,,0.747805105511361,0.5122048823728298,,0.9364641413836462,,0.68434870922275,0.8945796764455864,0.3375901457891935,,0.8110787981376579,,,,,,,,,
246,,0.0,,0.7499916000772583,0.5164315692575526,,0.9366319013429586,,0.6846644259393782,0.8968384632435741,0.34173469534630957,,0.8109038404449354,,,,,,,,,
247,,0.0,,0.7521908471418269,0.5177807734481724,,0.9369675994876875,,0.684474637793522,0.897341954160145,0.347538996272513,,0.8107288318900064,,,,,,,,,
248,,0.0,,0.758025369331806,0.5205003412663972,,0.9378078859757744,,0.6845799748356763,0.8980413842041383,0.34517407648007314,,0.8105537724506886,,,,,,,,,
249,,0.0,,0.7624238101808483,0.5218708157976756,,0.9324543268572008,,,0.8982938868849966,0.34180284538399625,,0.8106187212738327,,,,,,,,,
250,,0.0,,0.7658342496478676,0.5243571893272547,,0.9327906297576809,,,0.8995023473849466,0.342709783479421,,0.8050956720744156,,,,,,,,,
251,,0.0,,0.7669778162358565,0.5271414594595627,,0.9331271724182824,,,0.9000094417905604,0.34428642864981207,,0.8024416775128422,,,,,,,,,
252,,0.0,,0.7710071886790829,0.5274253060273405,,0.9336087577356005,,,0.898148489854904,0.34538910484101165,,0.8020869315232991,,,,,,,,,
253,,0.0,,0.7736198105786413,0.5293030477607655,,0.9339460127979738,,,0.8962812691860966,0.34505467803980844,,0.7992414730107144,,,,,,,,,
254,,0.0,,0.7753713645514364,0.5311941453306179,,0.934283508685598,,,0.8978048178234115,0.3459466824390777,,0.7985280209451262,,,,,,,,,
255,,0.0,,0.7765434565666477,0.5326213192241556,,0.9346212456565155,,,0.9000998042864348,0.3448858595439295,,0.7953070960726786,,,,,,,,,
256,,0.0,,0.7783082183278609,0.5357398696819731,,0.9349592239691384,,,0.900299294608887,0.3464541351610244,,0.7922494095709198,,,,,,,,,
257,,0.0,,0.7800809765968386,0.5364647045016436,,0.9352974438822477,,,0.900555284954441,0.3469048095452032,,0.7921881142207352,,,,,,,,,
258,,0.0,,0.783814707725891,0.5384071769365643,,0.9361440523687413,,,0.902149590604338,0.3489472866345102,,0.7920077105110358,,,,,,,,,
259,,0.0,,0.7868127385784983,0.5406092645303161,,0.9363135558178606,,,0.9008997969595752,0.3492900157426713,,0.791827253558782,,,,,,,,,
260,,0.0,,0.7895305388854478,0.5425817840507279,,0.9366527447281386,,,0.9022406946214768,0.3494044068915024,,0.7880253166588127,,,,,,,,,
261,,0.0,,0.7919620887970606,0.54357342709586,,0.9369921765383737,,,0.9053392664918855,0.349518872216776,,0.7807177533025035,,,,,,,,,
262,,0.0,,0.7956374775792923,0.5445686851638776,,0.9378418204650829,,,0.9055984346229171,0.35089826824742315,,0.7823148702475177,,,,,,,,,
263,,0.0,,0.7968701600895287,0.546068393794395,,0.9386929882374202,,,0.9087199794809506,0.3532213640536559,,0.7823689045674215,,,,,,,,,
264,,0.0,,0.799346959576467,0.5475763482699767,,0.9258439992694334,,,0.9085635597911184,0.3400641821624872,,0.7830838769625281,,,,,,,,,
265,,0.0,,0.8005911119636041,0.5502677238771204,,0.9272067393871789,,,0.9060486087652,0.34097789678757673,,0.7840391706168175,,,,,,,,,
266,,0.0,,0.8018391232365264,0.5519925647313118,,0.9222579386271618,,,0.9058869650231374,0.34178139152547854,,0.783854955332247,,,,,,,,,
267,,0.0,,0.805606490741027,0.5530205001157729,,0.9224284350676772,,,0.9039896370640385,0.3406735954910983,,0.7794171867321753,,,,,,,,,
268,,0.0,,0.8084552099230504,0.5540522541711199,,0.9234527229065015,,,0.9044032546972239,0.341018220245293,,,,,,,,,,,
269,,0.0,,0.8110042840731607,0.5550878482158866,,0.918457599288107,,,0.9005837360525493,0.34333346706566953,,,,,,,,,,,
270,,0.0,,0.8156492276840978,0.5571706423442131,,0.9187992631809172,,,0.9004112057801653,0.3426830048303018,,,,,,,,,,,
271,,0.0,,0.8164745224640387,0.5587429788229334,,0.9096909540793474,,,0.8984878664379188,0.3440873531732662,,,,,,,,,,,
272,,0.0,,0.8197267409743985,0.5603241756421103,,0.9110580363166939,,,0.9016463189157607,0.3429650089609541,,,,,,,,,,,
273,,0.0,,0.8215042949523984,0.5645845915887582,,0.9059306624603155,,,0.9032338245523752,0.3434344580638237,,,,,,,,,,,
274,,0.0,,0.8241334780074602,0.5667390812758194,,0.9061016750273475,,,0.9019466648818377,0.3435520191037783,,,,,,,,,,,
275,,0.0,,0.8264477871979123,0.5678224774293065,,0.9069576952624326,,,0.8970929559186626,0.34277890467560274,,,,,,,,,,,
276,,0.0,,0.829776467402203,0.5726074931740065,,0.9071290910396114,,,0.8921964119260374,0.3440118287063035,,,,,,,,,,,
277,,0.0,,0.8324586826708311,0.5742651180629997,,0.9073005508103607,,,0.8953810624842816,0.3488314707956823,,,,,,,,,,,
278,,0.0,,0.8338062709156323,0.5764902073825716,,0.9079870305463926,,,0.8964476327840449,0.3500973812972952,,,,,,,,,,,
279,,0.0,,0.8351582074489028,0.5791400481316721,,0.9075746194766082,,,0.8967146695265817,0.3484033334315676,,,,,,,,,,,
280,,0.0,,0.8365145133507093,0.5802674342078773,,0.893789933898703,,,0.8999314704971094,0.3456581296780532,,,,,,,,,,,
281,,0.0,,0.8399245336650171,0.5819667324445458,,0.8948187319707132,,,0.8979575392364089,0.34614935653490153,,,,,,,,,,,
282,,0.0,,0.8423280549277711,0.5831051147072976,,0.8956778519537142,,,0.8982265334332795,0.34738348970690697,,,,,,,,,,,
283,,0.0,,0.845091751962263,0.5851079916699257,,0.8958498714768095,,,0.8962454396368651,0.3474535491111421,,,,,,,,,,,
284,,0.0,,0.8464803789576206,0.5868356807903305,,0.896538602561217,,,0.8949207719028917,0.34764920779124364,,,,,,,,,,,
285,,0.0,,0.8482225617769018,0.5885735602942682,,0.886935127730701,,,0.8965370083847822,0.34646943188185453,,,,,,,,,,,
286,,0.0,,0.851024946582976,0.5903217206069237,,0.8815280245117143,,,0.897077042223345,0.3463778176851284,,,,,,,,,,,
287,,0.0,,0.8519587677753211,0.5920802532265161,,0.8782587280345917,,,,0.34763133209551217,,,,,,,,,,,
288,,0.0,,0.853725194916932,0.5938492507402627,,0.8789457085187716,,,,0.3458824442177724,,,,,,,,,,,
289,,0.0,,0.8547885544266336,0.5950344424680825,,0.8796337508671289,,,,0.3446903691252494,,,,,,,,,,,
290,,0.0,,0.8583522036366954,0.5974190163418659,,0.8803228575435493,,,,0.34245062316004327,,,,,,,,,,,
291,,0.0,,0.8593101857254152,0.5993198464420384,,0.8806678107768328,,,,0.3451588366604291,,,,,,,,,,,
292,,0.0,,0.862915028566589,0.6035587310502736,,0.8797922944046919,,,,0.343056477735805,,,,,,,,,,,
293,,0.0,,0.8648418497626174,0.6047808316361021,,0.880137442963359,,,,0.3434361705302022,,,,,,,,,,,
294,,0.0,,0.8662972777643941,0.6060078712654283,,0.8654918539206288,,,,0.34316375396718196,,,,,,,,,,,
295,,0.0,,0.8692228085110845,0.6072398799401334,,0.8661804075037631,,,,0.3423232492038263,,,,,,,,,,,
296,,0.0,,0.8721680705386229,0.6094079429973439,,0.8665250899905861,,,,0.3421179731395009,,,,,,,,,,,
297,,0.0,,0.8751332641392734,0.6096332064602307,,0.8668700433660317,,,,0.34088780712667616,,,,,,,,,,,
298,,0.0,,0.8766233986133634,0.6118220113377775,,0.863487197711444,,,,0.34410613861977,,,,,,,,,,,
299,,0.0,,0.8826347878614808,0.6137106276883498,,0.8638321093775426,,,,0.34567239087514906,,,,,,,,,,,
300,,0.0,,0.884150478382889,0.6156108932147055,,0.8641772931280856,,,,0.34442687435315184,,,,,,,,,,,
301,,0.0,,0.8887287972887717,0.6178427372349314,,0.8645227492851516,,,,0.33339867141879853,,,,,,,,,,,
302,,0.0,,0.892580268838264,0.6218435478446623,,0.8648684781713282,,,,0.3321277030700019,,,,,,,,,,,
303,,0.0,,0.894907141971492,0.6237878844069566,,0.8650414449887808,,,,0.33085479896515624,,,,,,,,,,,
304,,0.0,,0.896465111039015,0.6250908511939495,,,,,,0.3303435515967041,,,,,,,,,,,
305,,0.0,,0.8980284890201172,0.6267272042282794,,,,,,0.3305988622001946,,,,,,,,,,,
306,,0.0,,0.9002969970414316,0.6280424438449969,,,,,,0.33098256083054955,,,,,,,,,,,
307,,0.0,,0.9018752457196865,0.6310219329770064,,,,,,0.33201007728175413,,,,,,,,,,,
308,,0.0,,0.9042529733465307,0.6323552084509003,,,,,,0.3307258367723849,,,,,,,,,,,
309,,0.0,,0.9058450705153329,0.6344154566996587,,,,,,0.331498254712512,,,,,,,,,,,
310,,0.0,,0.90784305703731,0.6374956047437573,,,,,,0.334475905220447,,,,,,,,,,,
311,,0.0,,0.9107336614917959,0.6395320286757353,,,,,,0.33724379023718376,,,,,,,,,,,
312,,0.0,,0.9131558250295262,0.6433353655775624,,,,,,0.338845880768538,,,,,,,,,,,
313,,0.0,,0.9152590623226875,0.6454057455445296,,,,,,0.3400573661059507,,,,,,,,,,,
314,,0.0,,0.91729470183666,0.6464459217426631,,,,,,0.33901820852857234,,,,,,,,,,,
315,,0.0,,0.9189297150727054,0.650640243981538,,,,,,0.34064456252424213,,,,,,,,,,,
316,,0.0,,0.9230427463120658,0.653841243457395,,,,,,0.34105356611478155,,,,,,,,,,,
317,,0.0,,0.9238697548614534,0.6581249006096118,,,,,,0.34228642838958717,,,,,,,,,,,
318,,0.0,,0.9259437450401831,0.6617375648577388,,,,,,0.34269934462333396,,,,,,,,,,,
319,,0.0,,0.9267759390519389,0.6624592746224025,,,,,,0.3418153162200329,,,,,,,,,,,
320,,0.0,,0.927192594752595,0.6650229152933381,,,,,,0.3426456403292494,,,,,,,,,,,
321,,0.0,,0.9297003822750343,0.6661252665937778,,,,,,0.3430623009843447,,,,,,,,,,,
322,,0.0,,0.931800544825256,0.6690827499364802,,,,,,0.3434799655206348,,,,,,,,,,,
323,,0.0,,0.9322217113840481,0.6709445009171366,,,,,,0.3418943589385231,,,,,,,,,,,
324,,0.0,,0.9330651826364923,0.6716920949654888,,,,,,0.340555481755508,,,,,,,,,,,
325,,0.0,,0.9343332425517781,0.6784324011025616,,,,,,0.339115973967425,,,,,,,,,,,
326,,0.0,,0.9360293364297667,0.6799552040857364,,,,,,0.3395329025700442,,,,,,,,,,,
327,,0.0,,0.9385850032845012,0.6826365640151109,,,,,,0.33995084670996734,,,,,,,,,,,
328,,0.0,,0.9394399825710105,0.6853390787349718,,,,,,0.34027572347559676,,,,,,,,,,,
329,,0.0,,0.9407253631605972,0.6872825373761812,,,,,,0.34140271894976276,,,,,,,,,,,
330,,0.0,,0.941584230835613,0.6888452300628303,,,,,,0.34168562285881027,,,,,,,,,,,
331,,0.0,,0.9420142504514473,0.6904150198754269,,,,,,0.34253712491091587,,,,,,,,,,,
332,,0.0,,0.9454685366304721,0.6912025913300254,,,,,,0.3420237284732513,,,,,,,,,,,
333,,0.0,,0.9459020966229361,0.6927831178292225,,,,,,0.34216631180195684,,,,,,,,,,,
334,,0.0,,0.9472051552054561,0.6939732475365552,,,,,,0.3407944953581246,,,,,,,,,,,
335,,0.0,,0.9476403027479385,0.6963657728624701,,,,,,0.3412216050969329,,,,,,,,,,,
336,,0.0,,0.9480758485403646,0.6987747936842245,,,,,,0.3348935683993258,,,,,,,,,,,
337,,0.0,,0.9511358661579562,0.6999855433089245,,,,,,0.33350137864948654,,,,,,,,,,,
338,,0.0,,0.9515746177253834,0.7032347440745467,,,,,,0.3337828819362454,,,,,,,,,,,
339,,0.0,,0.9542156140165341,0.70651414374078,,,,,,0.33463021943760946,,,,,,,,,,,
340,,0.0,,0.9546571997601162,0.7089937656712808,,,,,,0.33505548606827235,,,,,,,,,,,
341,,0.0,,0.956427619602913,0.7106565056642624,,,,,,0.3353395916930943,,,,,,,,,,,
342,,0.0,,0.9586498598023243,0.7119086700637287,,,,,,0.3377392339588259,,,,,,,,,,,
343,,0.0,,0.9590955422493914,0.7135850791009187,,,,,,0.33155688543211853,,,,,,,,,,,
344,,0.0,,0.9599881461261928,0.7148475584799702,,,,,,0.33042359418106676,,,,,,,,,,,
345,,0.0,,0.960882405810468,0.7161144976206314,,,,,,0.3308489194304253,,,,,,,,,,,
346,,0.0,,0.9617783259138549,0.7194199200041677,,,,,,0.32913614716174777,,,,,,,,,,,
347,,0.0,,0.9631253294849299,0.7211289963076631,,,,,,0.3277063510713505,,,,,,,,,,,
348,,0.0,,0.964025420924696,0.7228461845440266,,,,,,0.32784787389409464,,,,,,,,,,,
349,,0.0,,0.9649271890598168,0.7267398180815243,,,,,,0.3289844235310194,,,,,,,,,,,
350,,0.0,,0.966282995329143,0.7284837727795556,,,,,,0.3292655574896883,,,,,,,,,,,
351,,0.0,,0.9671889757571039,0.7297972229585773,,,,,,0.3292570472920099,,,,,,,,,,,
352,,0.0,,0.9676426006189458,0.7332013365488288,,,,,,0.3295451086294656,,,,,,,,,,,
353,,0.0,,0.96809664937009,0.7349734596974934,,,,,,0.3299781365890973,,,,,,,,,,,
354,,0.0,,0.9685511226049688,0.7367541412768828,,,,,,0.3328940058055593,,,,,,,,,,,
355,,0.0,,0.9708298769184888,0.7380953062956119,,,,,,0.3314338609421131,,,,,,,,,,,
356,,0.0,,0.9726605821207263,0.7385434434362077,,,,,,0.3296700657921939,,,,,,,,,,,
357,,0.0,,0.973119333132645,0.7398911150379013,,,,,,0.32981668573094564,,,,,,,,,,,
358,,0.0,,0.9744981751800663,0.7416956545771269,,,,,,0.32834279396531446,,,,,,,,,,,
359,,0.0,,0.9768049119125127,0.7435089887390433,,,,,,0.3259687114398866,,,,,,,,,,,
360,,0.0,,0.9786581454937443,0.7476214807927548,,,,,,0.326406188435813,,,,,,,,,,,
361,,0.0,,0.9791225485086227,0.7490024066190571,,,,,,0.32669848549886615,,,,,,,,,,,
362,,0.0,,0.9795873906132755,0.7503884265664029,,,,,,0.3253578446705809,,,,,,,,,,,
363,,0.0,,0.9800526724307316,0.7522444261907214,,,,,,0.32386822141958255,,,,,,,,,,,
364,,0.0,,0.9805183945851991,0.753642442603563,,,,,,0.3241591726573438,,,,,,,,,,,
365,,0.0,,0.9814511624079146,0.7550456480866241,,,,,,0.3245965700853708,,,,,,,,,,,
366,,0.0,,0.9819182093305004,0.7564540715843232,,,,,,0.32324714995505766,,,,,,,,,,,
367,,0.0,,0.9823856990987792,0.7583401369243792,,,,,,0.32383054029074393,,,,,,,,,,,
368,,0.0,,0.9833220096941971,0.7597608495664371,,,,,,0.322475873304487,,,,,,,,,,,
369,,0.0,,0.9837908317852208,0.7607109428565596,,,,,,0.3236456420843533,,,,,,,,,,,
370,,0.0,,0.9842600992497115,0.7621405322006907,,,,,,0.3239205872014998,,,,,,,,,,,
371,,0.0,,0.9847298127226172,0.7626182529391572,,,,,,0.3240680511322422,,,,,,,,,,,
372,,0.0,,0.9861416355594356,0.7664616176115648,,,,,,0.3222373310210899,,,,,,,,,,,
373,,0.0,,0.986613139439676,0.7688833913759651,,,,,,0.32356666309815346,,,,,,,,,,,
374,,0.0,,0.987557495446371,0.7708318219708532,,,,,,0.31723196592548997,,,,,,,,,,,
375,,0.0,,0.9899262802896329,0.7722996171109123,,,,,,0.31767266501529945,,,,,,,,,,,
376,,0.0,,0.9904013958319006,0.7747583642308186,,,,,,0.3170473359828627,,,,,,,,,,,
377,,0.0,,0.9908769657478469,0.7752519875885272,,,,,,0.31748879201604085,,,,,,,,,,,
378,,0.0,,0.9913529906895897,0.7762411177712369,,,,,,0.31778377188487755,,,,,,,,,,,
379,,0.0,,0.9918294713104954,0.7767366269932793,,,,,,0.317931465132299,,,,,,,,,,,
380,,0.0,,0.9932616538006427,0.7777295397142505,,,,,,0.31789559547434687,,,,,,,,,,,
381,,0.0,,0.9942187325580589,0.7797229761442706,,,,,,0.3184893020505032,,,,,,,,,,,
382,,0.0,,0.9946979610449274,0.7817266255473543,,,,,,0.31752564706298336,,,,,,,,,,,
383,,0.0,,0.9956577995459377,0.7832361121684726,,,,,,0.31890273094086113,,,,,,,,,,,
384,,0.0,,0.9961384108882805,0.7852578241039735,,,,,,0.3190523129916285,,,,,,,,,,,
385,,0.0,,0.9975830212787187,0.7857648788341839,,,,,,0.31748838074490826,,,,,,,,,,,
386,,0.0,,0.9985484151975886,0.7867809491976362,,,,,,0.31868534081918326,,,,,,,,,,,
387,,0.0,,0.9990318102680896,0.78728996736027,,,,,,0.3185005693955035,,,,,,,,,,,
388,,0.0,,0.999515671643875,0.7893326228790838,,,,,,0.3172251286467879,,,,,,,,,,,
389,,0.0,,0.9980598792799792,0.7908715623551701,,,,,,0.31763884503307704,,,,,,,,,,,
390,,0.0,,,0.7924164957784104,,,,,,0.3185471423313545,,,,,,,,,,,
391,,0.0,,,0.7944857916102842,,,,,,0.3190032196081291,,,,,,,,,,,
392,,0.0,,,0.7950048001209559,,,,,,0.3196133349938848,,,,,,,,,,,
393,,0.0,,,0.7965658896845472,,,,,,0.3202257621905295,,,,,,,,,,,
394,,0.0,,,0.7986568748081715,,,,,,0.32114876645582047,,,,,,,,,,,
395,,0.0,,,0.7997064767587335,,,,,,0.32050325541463437,,,,,,,,,,,
396,,0.0,,,0.8012860467656531,,,,,,0.32096625256819755,,,,,,,,,,,
397,,0.0,,,0.8034018424551008,,,,,,0.3193624059228333,,,,,,,,,,,
398,,0.0,,,0.8039325330672006,,,,,,0.3187130350792474,,,,,,,,,,,
399,,0.0,,,0.8055288070245824,,,,,,0.3188668813476539,,,,,,,,,,,
400,,0.0,,,0.806596505312596,,,,,,0.31741056904310583,,,,,,,,,,,
401,,0.0,,,0.807131413335462,,,,,,0.3159500745341371,,,,,,,,,,,
402,,0.0,,,0.8076670291457047,,,,,,0.31606045961445767,,,,,,,,,,,
403,,0.0,,,0.8023425540059235,,,,,,0.3170121372133337,,,,,,,,,,,
404,,0.0,,,0.8044639231097743,,,,,,0.31697099626995695,,,,,,,,,,,
405,,0.0,,,0.8049960139664686,,,,,,0.3176051495686111,,,,,,,,,,,
406,,0.0,,,0.807131413335462,,,,,,0.31808241328579573,,,,,,,,,,,
407,,0.0,,,0.8098165984312029,,,,,,0.3167289312998964,,,,,,,,,,,
408,,0.0,,,0.8103557743391243,,,,,,0.3166011641175846,,,,,,,,,,,
409,,0.0,,,0.8108956665249897,,,,,,0.3170829004030151,,,,,,,,,,,
410,,0.0,,,0.8125196550520336,,,,,,0.3153898229319943,,,,,,,,,,,
411,,0.0,,,0.813062426670509,,,,,,0.3148619033437946,,,,,,,,,,,
412,,0.0,,,0.8146950880641466,,,,,,0.3151824417259914,,,,,,,,,,,
413,,0.0,,,0.8168821661343727,,,,,,0.31614793963976556,,,,,,,,,,,
414,,0.0,,,0.8179801013253448,,,,,,0.31630942476902485,,,,,,,,,,,
415,,0.0,,,0.8212916334768932,,,,,,0.31760720091924716,,,,,,,,,,,
416,,0.0,,,0.8229574446888965,,,,,,0.3148769807647848,,,,,,,,,,,
417,,0.0,,,0.8251890350167778,,,,,,0.31503872252224036,,,,,,,,,,,
418,,0.0,,,0.8257488193083201,,,,,,0.315200628626465,,,,,,,,,,,
419,,0.0,,,0.8263093613484105,,,,,,0.3158499015310679,,,,,,,,,,,
420,,0.0,,,0.827995549377099,,,,,,0.3161755306043278,,,,,,,,,,,
421,,0.0,,,0.8291234918103249,,,,,,0.3144538895161295,,,,,,,,,,,
422,,0.0,,,0.8319567987141756,,,,,,0.3123491565598529,,,,,,,,,,,
423,,0.0,,,0.8325257785288134,,,,,,0.31299724191932504,,,,,,,,,,,
424,,0.0,,,0.834237383355661,,,,,,0.3126166583012049,,,,,,,,,,,
425,,0.0,,,0.8348094787422875,,,,,,0.3131048861433777,,,,,,,,,,,
426,,0.0,,,0.8359560197979835,,,,,,0.31474325551841514,,,,,,,,,,,
427,,0.0,,,0.8371057053065715,,,,,,0.3152380765133891,,,,,,,,,,,
428,,0.0,,,0.8388361577739178,,,,,,0.31469293787372493,,,,,,,,,,,
429,,0.0,,,0.8399937612423699,,,,,,0.3151892232843777,,,,,,,,,,,
430,,0.0,,,0.8411545548138113,,,,,,0.31552094080115883,,,,,,,,,,,
431,,0.0,,,0.8423185516932805,,,,,,0.31337781218736066,,,,,,,,,,,
432,,0.0,,,0.845242645682552,,,,,,0.3116118776294619,,,,,,,,,,,
433,,0.0,,,0.8470068389571906,,,,,,0.31210670253028167,,,,,,,,,,,
434,,0.0,,,0.849370551180478,,,,,,0.31243744968349935,,,,,,,,,,,
435,,0.0,,,0.8499635360783262,,,,,,0.311716469181021,,,,,,,,,,,
436,,0.0,,,0.8529408878307481,,,,,,0.3122132777775527,,,,,,,,,,,
437,,0.0,,,0.8547373033295674,,,,,,0.3104349790810507,,,,,,,,,,,
438,,0.0,,,0.8565412800643428,,,,,,0.3109310713987836,,,,,,,,,,,
439,,0.0,,,0.8583528658743944,,,,,,0.31109678395168017,,,,,,,,,,,
440,,0.0,,,0.8589584270433874,,,,,,0.31142873338171145,,,,,,,,,,,
441,,0.0,,,0.8607802334034741,,,,,,0.3096420962540925,,,,,,,,,,,
442,,0.0,,,0.8613892158312425,,,,,,0.3099732098870262,,,,,,,,,,,
443,,0.0,,,0.8619990581039894,,,,,,0.3081812521209021,,,,,,,,,,,
444,,0.0,,,0.862609762044072,,,,,,0.3095065342536638,,,,,,,,,,,
445,,0.0,,,0.8632213294790011,,,,,,0.30672491664841756,,,,,,,,,,,
446,,0.0,,,0.8656762708987863,,,,,,0.3070566282762849,,,,,,,,,,,
447,,0.0,,,0.8681451757893097,,,,,,0.3063152342871781,,,,,,,,,,,
448,,0.0,,,0.8693849018185875,,,,,,0.3068134762138271,,,,,,,,,,,
449,,0.0,,,0.8718749763555411,,,,,,0.3074802958355229,,,,,,,,,,,
450,,0.0,,,0.8737518867854621,,,,,,0.3078147809892586,,,,,,,,,,,
451,,0.0,,,0.8756368728803285,,,,,,0.30615635272268443,,,,,,,,,,,
452,,0.0,,,0.8762670051856848,,,,,,0.3064903121063588,,,,,,,,,,,
453,,0.0,,,0.8768980425326635,,,,,,0.3071603955772356,,,,,,,,,,,
454,,0.0,,,0.8787966043637266,,,,,,0.30732836913099165,,,,,,,,,,,
455,,0.0,,,0.8794312814457337,,,,,,0.3074965243466534,,,,,,,,,,,
456,,0.0,,,0.880703382151573,,,,,,0.3069148905883595,,,,,,,,,,,
457,,0.0,,,0.8813408097401179,,,,,,0.30708318623783537,,,,,,,,,,,
458,,0.0,,,0.8819791581384335,,,,,,0.3066680522742459,,,,,,,,,,,
459,,0.0,,,0.8832586253569765,,,,,,0.30625111072656813,,,,,,,,,,,
460,,0.0,,,0.8851847823639077,,,,,,0.306419869743486,,,,,,,,,,,
461,,0.0,,,0.8871193352998604,,,,,,0.30440139566926117,,,,,,,,,,,
462,,0.0,,,0.8884137288105303,,,,,,0.3050742345639003,,,,,,,,,,,
463,,0.0,,,0.8903623974557345,,,,,,0.3054117574487273,,,,,,,,,,,
464,,0.0,,,0.8910138495023324,,,,,,0.3037212312837093,,,,,,,,,,,
465,,0.0,,,0.8916662529255212,,,,,,0.30405819593090017,,,,,,,,,,,
466,,0.0,,,0.893629192341155,,,,,,0.3021928785319201,,,,,,,,,,,
467,,0.0,,,0.8956007695949358,,,,,,0.30125868357906477,,,,,,,,,,,
468,,0.0,,,0.8962598913942499,,,,,,0.29938721272241653,,,,,,,,,,,
469,,0.0,,,0.8975810418282917,,,,,,0.2997207055765825,,,,,,,,,,,
470,,0.0,,,0.8982430747393699,,,,,,0.2992829202561232,,,,,,,,,,,
471,,0.0,,,0.8995700666877702,,,,,,0.29961740266120895,,,,,,,,,,,
472,,0.0,,,0.9002350300393424,,,,,,0.2986761085367719,,,,,,,,,,,
473,,0.0,,,0.9029047165920822,,,,,,0.2996814308630539,,,,,,,,,,,
474,,0.0,,,0.9035746074305243,,,,,,0.30001802577206466,,,,,,,,,,,
475,,0.0,,,0.9049173675173957,,,,,,0.2984610385720344,,,,,,,,,,,
476,,0.0,,,0.9062641135531395,,,,,,0.2975122926041856,,,,,,,,,,,
477,,0.0,,,0.9069389868522953,,,,,,0.2956116299002283,,,,,,,,,,,
478,,0.0,,,0.907614863312418,,,,,,0.2974004391678827,,,,,,,,,,,
479,,0.0,,,0.9089696346757351,,,,,,0.2998765314351604,,,,,,,,,,,
480,,0.0,,,0.9096485340757005,,,,,,0.30021731356704734,,,,,,,,,,,
481,,0.0,,,0.9103284456302246,,,,,,0.29943073093529976,,,,,,,,,,,
482,,0.0,,,0.9110093716044911,,,,,,0.3010726262643374,,,,,,,,,,,
483,,0.0,,,0.9116913142704475,,,,,,0.3012442669461083,,,,,,,,,,,
484,,0.0,,,0.9137432652399287,,,,,,0.3026243850664329,,,,,,,,,,,
485,,0.0,,,0.914429297528294,,,,,,0.30314515613238413,,,,,,,,,,,
486,,0.0,,,0.9164935725752931,,,,,,0.30252804118185256,,,,,,,,,,,
487,,0.0,,,0.9171837313849919,,,,,,0.30374971583794885,,,,,,,,,,,
488,,0.0,,,0.91787492764251,,,,,,0.3018095315308056,,,,,,,,,,,
489,,0.0,,,0.9185671636888468,,,,,,0.30250838324258406,,,,,,,,,,,
490,,0.0,,,0.9206501340766503,,,,,,0.30285900966929163,,,,,,,,,,,
491,,0.0,,,0.9213465528296254,,,,,,0.3020596729139389,,,,,,,,,,,
492,,0.0,,,0.9220440231826773,,,,,,0.3022350304279716,,,,,,,,,,,
493,,0.0,,,0.9227425475194974,,,,,,0.30178440153117037,,,,,,,,,,,
494,,0.0,,,0.9241427677152835,,,,,,0.30098060695056045,,,,,,,,,,,
495,,0.0,,,0.9248444683777901,,,,,,0.3013316951641393,,,,,,,,,,,
496,,0.0,,,0.9262510628955302,,,,,,0.30311484436278335,,,,,,,,,,,
497,,0.0,,,0.9269559615981388,,,,,,0.30213601090601405,,,,,,,,,,,
498,,0.0,,,0.9276619311737632,,,,,,0.29982520299510684,,,,,,,,,,,
499,,0.0,,,0.9297862895973149,,,,,,0.2999999805585927,,,,,,,,,,,
500,,0.0,,,0.9304965671608563,,,,,,0.29820938262039837,,,,,,,,,,,
501,,0.0,,,0.9312079278827099,,,,,,0.29873273197480954,,,,,,,,,,,
502,,0.0,,,0.9319203742424571,,,,,,0.2990826409173641,,,,,,,,,,,
503,,0.0,,,0.9333485338318557,,,,,,0.2982705944261974,,,,,,,,,,,
504,,0.0,,,0.934064252058656,,,,,,0.29844558525400183,,,,,,,,,,,
505,,0.0,,,0.9347810659177056,,,,,,0.2994998049958917,,,,,,,,,,,
506,,0.0,,,0.9354989779267473,,,,,,0.29886013789373705,,,,,,,,,,,
507,,0.0,,,0.9362179906112439,,,,,,0.296871242026239,,,,,,,,,,,
508,,0.0,,,0.9383816580885176,,,,,,0.2948777000161316,,,,,,,,,,,
509,,0.0,,,0.939105098884906,,,,,,0.2952267835455366,,,,,,,,,,,
510,,0.0,,,0.9398296531009079,,,,,,0.29322664837599943,,,,,,,,,,,
511,,0.0,,,0.9405553233089344,,,,,,0.2934005297838387,,,,,,,,,,,
512,,0.0,,,0.9420100220303869,,,,,,0.29409809711719864,,,,,,,,,,,
513,,0.0,,,0.9427390557284089,,,,,,0.2937927403267308,,,,,,,,,,,
514,,0.0,,,0.9434692157877093,,,,,,0.2924750284927027,,,,,,,,,,,
515,,0.0,,,0.9442005048206581,,,,,,0.29251391143943223,,,,,,,,,,,
516,,0.0,,,0.9449329254477102,,,,,,0.29167331656227513,,,,,,,,,,,
517,,0.0,,,0.9456664802974366,,,,,,0.28963683414087943,,,,,,,,,,,
518,,0.0,,,0.9478739765907717,,,,,,0.2886167749654234,,,,,,,,,,,
519,,0.0,,,0.9493513604582596,,,,,,0.28657300985280587,,,,,,,,,,,
520,,0.0,,,0.9500917763024987,,,,,,0.286919265401363,,,,,,,,,,,
521,,0.0,,,0.9515760692433596,,,,,,0.2882908667240039,,,,,,,,,,,
522,,0.0,,,0.9523199517376729,,,,,,0.28863979632033515,,,,,,,,,,,
523,,0.0,,,0.9530649951937428,,,,,,0.28555950688775367,,,,,,,,,,,
524,,0.0,,,0.9538112023315246,,,,,,0.28607987020362335,,,,,,,,,,,
525,,0.0,,,0.9545585758794769,,,,,,0.2864278206624754,,,,,,,,,,,
526,,0.0,,,0.9553071185745948,,,,,,0.28677660789341286,,,,,,,,,,,
527,,0.0,,,0.9560568331624433,,,,,,0.2857437824848338,,,,,,,,,,,
528,,0.0,,,0.9568077223971907,,,,,,0.28367439923517,,,,,,,,,,,
529,,0.0,,,0.9583130358672759,,,,,,0.2840209173291092,,,,,,,,,,,
530,,0.0,,,0.9598230811915527,,,,,,0.2819444560904081,,,,,,,,,,,
531,,0.0,,,0.9620970703261227,,,,,,0.2798629740864283,,,,,,,,,,,
532,,0.0,,,0.9643818324606335,,,,,,0.27777645308524035,,,,,,,,,,,
533,,0.0,,,0.9651458270810548,,,,,,0.2781175032307936,,,,,,,,,,,
534,,0.0,,,0.965911030081903,,,,,,0.2788020894632443,,,,,,,,,,,
535,,0.0,,,0.9666774443323192,,,,,,0.2796625146328364,,,,,,,,,,,
536,,0.0,,,0.9674450727105347,,,,,,0.2801812906674805,,,,,,,,,,,
537,,0.0,,,0.9689839834089586,,,,,,0.28035463847737885,,,,,,,,,,,
538,,0.0,,,0.9705277853862084,,,,,,0.280701970119772,,,,,,,,,,,
539,,0.0,,,0.9713015278975897,,,,,,0.2813991884117881,,,,,,,,,,,
540,,0.0,,,0.9720765019990877,,,,,,0.282803933166506,,,,,,,,,,,
541,,0.0,,,0.9736301567533483,,,,,,0.2817431932351862,,,,,,,,,,,
542,,0.0,,,0.9751887733048794,,,,,,,,,,,,,,,,,
543,,0.0,,,0.9759699496884352,,,,,,,,,,,,,,,,,
544,,0.0,,,0.9775360536220471,,,,,,,,,,,,,,,,,
545,,0.0,,,0.9791071791574107,,,,,,,,,,,,,,,,,
546,,0.0,,,0.9798946325793412,,,,,,,,,,,,,,,,,
547,,0.0,,,0.9806833504854267,,,,,,,,,,,,,,,,,
548,,0.0,,,0.9814733359238572,,,,,,,,,,,,,,,,,
549,,0.0,,,0.9822645919526276,,,,,,,,,,,,,,,,,
550,,0.0,,,0.9830571216395777,,,,,,,,,,,,,,,,,
551,,0.0,,,0.9846460143088371,,,,,,,,,,,,,,,,,
552,,0.0,,,0.9854423834764074,,,,,,,,,,,,,,,,,
553,,0.0,,,0.986240038672759,,,,,,,,,,,,,,,,,
554,,0.0,,,0.9870389830155538,,,,,,,,,,,,,,,,,
555,,0.0,,,0.9878392196325391,,,,,,,,,,,,,,,,,
556,,0.0,,,0.9886407516615886,,,,,,,,,,,,,,,,,
557,,0.0,,,0.989443582250743,,,,,,,,,,,,,,,,,
558,,0.0,,,0.9902477145582521,,,,,,,,,,,,,,,,,
559,,0.0,,,0.991053151752615,,,,,,,,,,,,,,,,,
560,,0.0,,,0.9918598970126229,,,,,,,,,,,,,,,,,
561,,0.0,,,0.9926679535274002,,,,,,,,,,,,,,,,,
562,,0.0,,,0.9934773244964465,,,,,,,,,,,,,,,,,
563,,0.0,,,0.9942880131296794,,,,,,,,,,,,,,,,,
564,,0.0,,,0.9951000226474762,,,,,,,,,,,,,,,,,
565,,0.0,,,0.9967280172708284,,,,,,,,,,,,,,,,,
566,,0.0,,,0.9975440088698239,,,,,,,,,,,,,,,,,
567,,0.0,,,0.99836133434035,,,,,,,,,,,,,,,,,
568,,0.0,,,0.9950678783042665,,,,,,,,,,,,,,,,,
569,,0.0,,,0.9934130349510696,,,,,,,,,,,,,,,,,
570,,0.0,,,,,,,,,,,,,,,,,,,,
571,,0.0,,,,,,,,,,,,,,,,,,,,
572,,0.0,,,,,,,,,,,,,,,,,,,,
573,,0.0,,,,,,,,,,,,,,,,,,,,
574,,0.0,,,,,,,,,,,,,,,,,,,,
575,,0.0,,,,,,,,,,,,,,,,,,,,
576,,0.0,,,,,,,,,,,,,,,,,,,,
577,,0.0,,,,,,,,,,,,,,,,,,,,
578,,0.0,,,,,,,,,,,,,,,,,,,,
579,,0.0,,,,,,,,,,,,,,,,,,,,
580,,0.0,,,,,,,,,,,,,,,,,,,,
581,,0.0,,,,,,,,,,,,,,,,,,,,
582,,0.0,,,,,,,,,,,,,,,,,,,,
583,,0.0,,,,,,,,,,,,,,,,,,,,
584,,0.0,,,,,,,,,,,,,,,,,,,,
585,,0.0,,,,,,,,,,,,,,,,,,,,
586,,0.0,,,,,,,,,,,,,,,,,,,,
587,,0.0,,,,,,,,,,,,,,,,,,,,
588,,0.0,,,,,,,,,,,,,,,,,,,,
589,,0.0,,,,,,,,,,,,,,,,,,,,
590,,0.0,,,,,,,,,,,,,,,,,,,,
591,,0.0,,,,,,,,,,,,,,,,,,,,
592,,0.0,,,,,,,,,,,,,,,,,,,,
593,,0.0,,,,,,,,,,,,,,,,,,,,
594,,0.0,,,,,,,,,,,,,,,,,,,,
595,,0.0,,,,,,,,,,,,,,,,,,,,
596,,0.0,,,,,,,,,,,,,,,,,,,,
597,,0.0,,,,,,,,,,,,,,,,,,,,
598,,0.0,,,,,,,,,,,,,,,,,,,,
599,,0.0,,,,,,,,,,,,,,,,,,,,
600,,0.0,,,,,,,,,,,,,,,,,,,,
601,,0.0,,,,,,,,,,,,,,,,,,,,
602,,0.0,,,,,,,,,,,,,,,,,,,,
603,,0.0,,,,,,,,,,,,,,,,,,,,
604,,0.0,,,,,,,,,,,,,,,,,,,,
605,,0.0,,,,,,,,,,,,,,,,,,,,
606,,0.0,,,,,,,,,,,,,,,,,,,,
607,,0.0,,,,,,,,,,,,,,,,,,,,
608,,0.0,,,,,,,,,,,,,,,,,,,,
609,,0.0,,,,,,,,,,,,,,,,,,,,
610,,0.0,,,,,,,,,,,,,,,,,,,,
611,,0.0,,,,,,,,,,,,,,,,,,,,
612,,0.0,,,,,,,,,,,,,,,,,,,,
613,,0.0,,,,,,,,,,,,,,,,,,,,
614,,0.0,,,,,,,,,,,,,,,,,,,,
615,,0.0,,,,,,,,,,,,,,,,,,,,
616,,0.0,,,,,,,,,,,,,,,,,,,,
617,,0.0,,,,,,,,,,,,,,,,,,,,
618,,0.0,,,,,,,,,,,,,,,,,,,,
619,,0.0,,,,,,,,,,,,,,,,,,,,
620,,0.0,,,,,,,,,,,,,,,,,,,,
621,,0.0,,,,,,,,,,,,,,,,,,,,
622,,0.0,,,,,,,,,,,,,,,,,,,,
623,,0.0,,,,,,,,,,,,,,,,,,,,
624,,0.0,,,,,,,,,,,,,,,,,,,,
625,,0.0,,,,,,,,,,,,,,,,,,,,
626,,0.0,,,,,,,,,,,,,,,,,,,,
627,,0.0,,,,,,,,,,,,,,,,,,,,
628,,0.0,,,,,,,,,,,,,,,,,,,,
629,,0.0,,,,,,,,,,,,,,,,,,,,
630,,0.0,,,,,,,,,,,,,,,,,,,,
631,,0.0,,,,,,,,,,,,,,,,,,,,
632,,0.0,,,,,,,,,,,,,,,,,,,,
633,,0.0,,,,,,,,,,,,,,,,,,,,
634,,0.0,,,,,,,,,,,,,,,,,,,,
635,,0.0,,,,,,,,,,,,,,,,,,,,
636,,0.0,,,,,,,,,,,,,,,,,,,,
637,,0.0,,,,,,,,,,,,,,,,,,,,
638,,0.0,,,,,,,,,,,,,,,,,,,,
639,,0.0,,,,,,,,,,,,,,,,,,,,
640,,0.0,,,,,,,,,,,,,,,,,,,,
641,,0.0,,,,,,,,,,,,,,,,,,,,
642,,0.0,,,,,,,,,,,,,,,,,,,,
643,,0.0,,,,,,,,,,,,,,,,,,,,
644,,0.0,,,,,,,,,,,,,,,,,,,,
645,,0.0,,,,,,,,,,,,,,,,,,,,
646,,0.0,,,,,,,,,,,,,,,,,,,,
647,,0.0,,,,,,,,,,,,,,,,,,,,
648,,0.0,,,,,,,,,,,,,,,,,,,,
649,,0.0,,,,,,,,,,,,,,,,,,,,
650,,0.0,,,,,,,,,,,,,,,,,,,,
651,,0.0,,,,,,,,,,,,,,,,,,,,
652,,0.0,,,,,,,,,,,,,,,,,,,,
653,,0.0,,,,,,,,,,,,,,,,,,,,
654,,0.0,,,,,,,,,,,,,,,,,,,,
655,,0.0,,,,,,,,,,,,,,,,,,,,
656,,0.0,,,,,,,,,,,,,,,,,,,,
657,,0.0,,,,,,,,,,,,,,,,,,,,
658,,0.0,,,,,,,,,,,,,,,,,,,,
659,,0.0,,,,,,,,,,,,,,,,,,,,
660,,0.0,,,,,,,,,,,,,,,,,,,,
661,,0.0,,,,,,,,,,,,,,,,,,,,
662,,0.0,,,,,,,,,,,,,,,,,,,,
663,,0.0,,,,,,,,,,,,,,,,,,,,
664,,0.0,,,,,,,,,,,,,,,,,,,,
665,,0.0,,,,,,,,,,,,,,,,,,,,
666,,0.0,,,,,,,,,,,,,,,,,,,,
667,,0.0,,,,,,,,,,,,,,,,,,,,
668,,0.0,,,,,,,,,,,,,,,,,,,,
669,,0.0,,,,,,,,,,,,,,,,,,,,
670,,0.0,,,,,,,,,,,,,,,,,,,,
671,,0.0,,,,,,,,,,,,,,,,,,,,
672,,0.0,,,,,,,,,,,,,,,,,,,,
673,,0.0,,,,,,,,,,,,,,,,,,,,
674,,0.0,,,,,,,,,,,,,,,,,,,,
675,,0.0,,,,,,,,,,,,,,,,,,,,
676,,0.0,,,,,,,,,,,,,,,,,,,,
677,,0.0,,,,,,,,,,,,,,,,,,,,
678,,0.0,,,,,,,,,,,,,,,,,,,,
679,,0.0,,,,,,,,,,,,,,,,,,,,
680,,0.0,,,,,,,,,,,,,,,,,,,,
681,,0.0,,,,,,,,,,,,,,,,,,,,
682,,0.0,,,,,,,,,,,,,,,,,,,,
683,,0.0,,,,,,,,,,,,,,,,,,,,
684,,0.0,,,,,,,,,,,,,,,,,,,,
685,,0.0,,,,,,,,,,,,,,,,,,,,
686,,0.0,,,,,,,,,,,,,,,,,,,,
687,,0.0,,,,,,,,,,,,,,,,,,,,
688,,0.0,,,,,,,,,,,,,,,,,,,,
689,,0.0,,,,,,,,,,,,,,,,,,,,
690,,0.0,,,,,,,,,,,,,,,,,,,,
691,,0.0,,,,,,,,,,,,,,,,,,,,
692,,0.0,,,,,,,,,,,,,,,,,,,,
693,,0.0,,,,,,,,,,,,,,,,,,,,
694,,0.0,,,,,,,,,,,,,,,,,,,,
695,,0.0,,,,,,,,,,,,,,,,,,,,
696,,0.0,,,,,,,,,,,,,,,,,,,,
697,,0.0,,,,,,,,,,,,,,,,,,,,
698,,0.0,,,,,,,,,,,,,,,,,,,,
699,,0.0,,,,,,,,,,,,,,,,,,,,
700,,0.0,,,,,,,,,,,,,,,,,,,,
701,,0.0,,,,,,,,,,,,,,,,,,,,
702,,0.0,,,,,,,,,,,,,,,,,,,,
703,,0.0,,,,,,,,,,,,,,,,,,,,
704,,0.0,,,,,,,,,,,,,,,,,,,,
705,,0.0,,,,,,,,,,,,,,,,,,,,
706,,0.0,,,,,,,,,,,,,,,,,,,,
707,,0.0,,,,,,,,,,,,,,,,,,,,
708,,0.0,,,,,,,,,,,,,,,,,,,,
709,,0.0,,,,,,,,,,,,,,,,,,,,
710,,0.0,,,,,,,,,,,,,,,,,,,,
711,,0.0,,,,,,,,,,,,,,,,,,,,
712,,0.0,,,,,,,,,,,,,,,,,,,,
713,,0.0,,,,,,,,,,,,,,,,,,,,
714,,0.0,,,,,,,,,,,,,,,,,,,,
715,,0.0,,,,,,,,,,,,,,,,,,,,
716,,0.0,,,,,,,,,,,,,,,,,,,,
717,,0.0,,,,,,,,,,,,,,,,,,,,
718,,0.0,,,,,,,,,,,,,,,,,,,,
719,,0.0,,,,,,,,,,,,,,,,,,,,
720,,0.0,,,,,,,,,,,,,,,,,,,,
721,,0.0,,,,,,,,,,,,,,,,,,,,
722,,0.0,,,,,,,,,,,,,,,,,,,,
723,,0.0,,,,,,,,,,,,,,,,,,,,
724,,0.0,,,,,,,,,,,,,,,,,,,,
725,,0.0,,,,,,,,,,,,,,,,,,,,
726,,0.0,,,,,,,,,,,,,,,,,,,,
727,,0.0,,,,,,,,,,,,,,,,,,,,
728,,0.0,,,,,,,,,,,,,,,,,,,,
729,,0.0,,,,,,,,,,,,,,,,,,,,
730,,0.0,,,,,,,,,,,,,,,,,,,,
731,,0.0,,,,,,,,,,,,,,,,,,,,
732,,0.0,,,,,,,,,,,,,,,,,,,,
733,,0.0,,,,,,,,,,,,,,,,,,,,
734,,0.0,,,,,,,,,,,,,,,,,,,,
735,,0.0,,,,,,,,,,,,,,,,,,,,
736,,0.0,,,,,,,,,,,,,,,,,,,,
737,,0.0,,,,,,,,,,,,,,,,,,,,
738,,0.0,,,,,,,,,,,,,,,,,,,,
739,,0.0,,,,,,,,,,,,,,,,,,,,
740,,0.0,,,,,,,,,,,,,,,,,,,,
741,,0.0,,,,,,,,,,,,,,,,,,,,
742,,0.0,,,,,,,,,,,,,,,,,,,,
743,,0.0,,,,,,,,,,,,,,,,,,,,
744,,0.0,,,,,,,,,,,,,,,,,,,,
745,,0.0,,,,,,,,,,,,,,,,,,,,
746,,0.0,,,,,,,,,,,,,,,,,,,,
747,,0.0,,,,,,,,,,,,,,,,,,,,
748,,0.0,,,,,,,,,,,,,,,,,,,,
749,,0.0,,,,,,,,,,,,,,,,,,,,
750,,0.0,,,,,,,,,,,,,,,,,,,,
751,,0.0,,,,,,,,,,,,,,,,,,,,
752,,0.0,,,,,,,,,,,,,,,,,,,,
753,,0.0,,,,,,,,,,,,,,,,,,,,
754,,0.0,,,,,,,,,,,,,,,,,,,,
755,,0.0,,,,,,,,,,,,,,,,,,,,
756,,0.0,,,,,,,,,,,,,,,,,,,,
757,,0.0,,,,,,,,,,,,,,,,,,,,
758,,0.0,,,,,,,,,,,,,,,,,,,,
759,,0.0,,,,,,,,,,,,,,,,,,,,
760,,0.0,,,,,,,,,,,,,,,,,,,,
761,,0.0,,,,,,,,,,,,,,,,,,,,
762,,0.0,,,,,,,,,,,,,,,,,,,,
763,,0.0,,,,,,,,,,,,,,,,,,,,
764,,0.0,,,,,,,,,,,,,,,,,,,,
765,,0.0,,,,,,,,,,,,,,,,,,,,
766,,0.0,,,,,,,,,,,,,,,,,,,,
767,,0.0,,,,,,,,,,,,,,,,,,,,
768,,0.0,,,,,,,,,,,,,,,,,,,,
769,,0.0,,,,,,,,,,,,,,,,,,,,
770,,0.0,,,,,,,,,,,,,,,,,,,,
771,,0.0,,,,,,,,,,,,,,,,,,,,
772,,0.0,,,,,,,,,,,,,,,,,,,,
773,,0.0,,,,,,,,,,,,,,,,,,,,
774,,0.0,,,,,,,,,,,,,,,,,,,,
775,,0.0,,,,,,,,,,,,,,,,,,,,
776,,0.0,,,,,,,,,,,,,,,,,,,,
777,,0.0,,,,,,,,,,,,,,,,,,,,
778,,0.0,,,,,,,,,,,,,,,,,,,,
779,,0.0,,,,,,,,,,,,,,,,,,,,
780,,0.0,,,,,,,,,,,,,,,,,,,,
781,,0.0,,,,,,,,,,,,,,,,,,,,
782,,0.0,,,,,,,,,,,,,,,,,,,,
783,,0.0,,,,,,,,,,,,,,,,,,,,
784,,0.0,,,,,,,,,,,,,,,,,,,,
785,,0.0,,,,,,,,,,,,,,,,,,,,
786,,0.0,,,,,,,,,,,,,,,,,,,,
787,,0.0,,,,,,,,,,,,,,,,,,,,
788,,0.0,,,,,,,,,,,,,,,,,,,,
789,,0.0,,,,,,,,,,,,,,,,,,,,
790,,0.0,,,,,,,,,,,,,,,,,,,,
791,,0.0,,,,,,,,,,,,,,,,,,,,
792,,0.0,,,,,,,,,,,,,,,,,,,,
793,,0.0,,,,,,,,,,,,,,,,,,,,
794,,0.0,,,,,,,,,,,,,,,,,,,,
795,,0.0,,,,,,,,,,,,,,,,,,,,
796,,0.0,,,,,,,,,,,,,,,,,,,,
797,,0.0,,,,,,,,,,,,,,,,,,,,
798,,0.0,,,,,,,,,,,,,,,,,,,,
799,,0.0,,,,,,,,,,,,,,,,,,,,
800,,0.0,,,,,,,,,,,,,,,,,,,,
801,,0.0,,,,,,,,,,,,,,,,,,,,
802,,0.0,,,,,,,,,,,,,,,,,,,,
803,,0.0,,,,,,,,,,,,,,,,,,,,
804,,0.0,,,,,,,,,,,,,,,,,,,,
805,,0.0,,,,,,,,,,,,,,,,,,,,
806,,0.0,,,,,,,,,,,,,,,,,,,,
807,,0.0,,,,,,,,,,,,,,,,,,,,
808,,0.0,,,,,,,,,,,,,,,,,,,,
809,,0.0,,,,,,,,,,,,,,,,,,,,
810,,0.0,,,,,,,,,,,,,,,,,,,,
811,,0.0,,,,,,,,,,,,,,,,,,,,
812,,0.0,,,,,,,,,,,,,,,,,,,,
813,,0.0,,,,,,,,,,,,,,,,,,,,
814,,0.0,,,,,,,,,,,,,,,,,,,,
815,,0.0,,,,,,,,,,,,,,,,,,,,
816,,0.0,,,,,,,,,,,,,,,,,,,,
817,,0.0,,,,,,,,,,,,,,,,,,,,
818,,0.0,,,,,,,,,,,,,,,,,,,,
819,,0.0,,,,,,,,,,,,,,,,,,,,
820,,0.0,,,,,,,,,,,,,,,,,,,,
821,,0.0,,,,,,,,,,,,,,,,,,,,
822,,0.0,,,,,,,,,,,,,,,,,,,,
823,,0.0,,,,,,,,,,,,,,,,,,,,
824,,0.0,,,,,,,,,,,,,,,,,,,,
825,,0.0,,,,,,,,,,,,,,,,,,,,
826,,0.0,,,,,,,,,,,,,,,,,,,,
827,,0.0,,,,,,,,,,,,,,,,,,,,
828,,0.0,,,,,,,,,,,,,,,,,,,,
829,,0.0,,,,,,,,,,,,,,,,,,,,
830,,0.0,,,,,,,,,,,,,,,,,,,,
831,,0.0,,,,,,,,,,,,,,,,,,,,
832,,0.0,,,,,,,,,,,,,,,,,,,,
833,,0.0,,,,,,,,,,,,,,,,,,,,
834,,0.0,,,,,,,,,,,,,,,,,,,,
835,,0.0,,,,,,,,,,,,,,,,,,,,
836,,0.0,,,,,,,,,,,,,,,,,,,,
837,,0.0,,,,,,,,,,,,,,,,,,,,
838,,0.0,,,,,,,,,,,,,,,,,,,,
839,,0.0,,,,,,,,,,,,,,,,,,,,
840,,0.0,,,,,,,,,,,,,,,,,,,,
841,,0.0,,,,,,,,,,,,,,,,,,,,
842,,0.0,,,,,,,,,,,,,,,,,,,,
843,,0.0,,,,,,,,,,,,,,,,,,,,
844,,0.0,,,,,,,,,,,,,,,,,,,,
845,,0.0,,,,,,,,,,,,,,,,,,,,
846,,0.0,,,,,,,,,,,,,,,,,,,,
847,,0.0,,,,,,,,,,,,,,,,,,,,
848,,0.0,,,,,,,,,,,,,,,,,,,,
849,,0.0,,,,,,,,,,,,,,,,,,,,
850,,0.0,,,,,,,,,,,,,,,,,,,,
851,,0.0,,,,,,,,,,,,,,,,,,,,
852,,0.0,,,,,,,,,,,,,,,,,,,,
853,,0.0,,,,,,,,,,,,,,,,,,,,
854,,0.0,,,,,,,,,,,,,,,,,,,,
855,,0.0,,,,,,,,,,,,,,,,,,,,
856,,0.0,,,,,,,,,,,,,,,,,,,,
857,,0.0,,,,,,,,,,,,,,,,,,,,
858,,0.0,,,,,,,,,,,,,,,,,,,,
859,,0.0,,,,,,,,,,,,,,,,,,,,
860,,0.0,,,,,,,,,,,,,,,,,,,,
861,,0.0,,,,,,,,,,,,,,,,,,,,
862,,0.0,,,,,,,,,,,,,,,,,,,,
863,,0.0,,,,,,,,,,,,,,,,,,,,
864,,0.0,,,,,,,,,,,,,,,,,,,,
865,,0.0,,,,,,,,,,,,,,,,,,,,
866,,0.0,,,,,,,,,,,,,,,,,,,,
867,,0.0,,,,,,,,,,,,,,,,,,,,
868,,0.0,,,,,,,,,,,,,,,,,,,,
869,,0.0,,,,,,,,,,,,,,,,,,,,
870,,0.0,,,,,,,,,,,,,,,,,,,,
871,,0.0,,,,,,,,,,,,,,,,,,,,
872,,0.0,,,,,,,,,,,,,,,,,,,,
873,,0.0,,,,,,,,,,,,,,,,,,,,
874,,0.0,,,,,,,,,,,,,,,,,,,,
875,,0.0,,,,,,,,,,,,,,,,,,,,
876,,0.0,,,,,,,,,,,,,,,,,,,,
877,,0.0,,,,,,,,,,,,,,,,,,,,
878,,0.0,,,,,,,,,,,,,,,,,,,,
879,,0.0,,,,,,,,,,,,,,,,,,,,
880,,0.0,,,,,,,,,,,,,,,,,,,,
881,,0.0,,,,,,,,,,,,,,,,,,,,
882,,0.0,,,,,,,,,,,,,,,,,,,,
883,,0.0,,,,,,,,,,,,,,,,,,,,
884,,0.0,,,,,,,,,,,,,,,,,,,,
885,,0.0,,,,,,,,,,,,,,,,,,,,
886,,0.0,,,,,,,,,,,,,,,,,,,,
887,,0.0,,,,,,,,,,,,,,,,,,,,
888,,0.0,,,,,,,,,,,,,,,,,,,,
889,,0.0,,,,,,,,,,,,,,,,,,,,
890,,0.0,,,,,,,,,,,,,,,,,,,,
891,,0.0,,,,,,,,,,,,,,,,,,,,
892,,0.0,,,,,,,,,,,,,,,,,,,,
893,,0.0,,,,,,,,,,,,,,,,,,,,
894,,0.0,,,,,,,,,,,,,,,,,,,,
895,,0.0,,,,,,,,,,,,,,,,,,,,
896,,0.0,,,,,,,,,,,,,,,,,,,,
897,,0.0,,,,,,,,,,,,,,,,,,,,
898,,0.0,,,,,,,,,,,,,,,,,,,,
899,,0.0,,,,,,,,,,,,,,,,,,,,
900,,0.0,,,,,,,,,,,,,,,,,,,,
901,,0.0,,,,,,,,,,,,,,,,,,,,
902,,0.0,,,,,,,,,,,,,,,,,,,,
903,,0.0,,,,,,,,,,,,,,,,,,,,
904,,0.0,,,,,,,,,,,,,,,,,,,,
905,,0.0,,,,,,,,,,,,,,,,,,,,
906,,0.0,,,,,,,,,,,,,,,,,,,,
907,,0.0,,,,,,,,,,,,,,,,,,,,
908,,0.0,,,,,,,,,,,,,,,,,,,,
909,,0.0,,,,,,,,,,,,,,,,,,,,
910,,0.0,,,,,,,,,,,,,,,,,,,,
911,,0.0,,,,,,,,,,,,,,,,,,,,
912,,0.0,,,,,,,,,,,,,,,,,,,,
913,,0.0,,,,,,,,,,,,,,,,,,,,
914,,0.0,,,,,,,,,,,,,,,,,,,,
915,,0.0,,,,,,,,,,,,,,,,,,,,
916,,0.0,,,,,,,,,,,,,,,,,,,,
917,,0.0,,,,,,,,,,,,,,,,,,,,
918,,0.0,,,,,,,,,,,,,,,,,,,,
919,,0.0,,,,,,,,,,,,,,,,,,,,
920,,0.0,,,,,,,,,,,,,,,,,,,,
921,,0.0,,,,,,,,,,,,,,,,,,,,
922,,0.0,,,,,,,,,,,,,,,,,,,,
923,,0.0,,,,,,,,,,,,,,,,,,,,
924,,0.0,,,,,,,,,,,,,,,,,,,,
925,,0.0,,,,,,,,,,,,,,,,,,,,
926,,0.0,,,,,,,,,,,,,,,,,,,,
927,,0.0,,,,,,,,,,,,,,,,,,,,
928,,0.0,,,,,,,,,,,,,,,,,,,,
929,,0.0,,,,,,,,,,,,,,,,,,,,
930,,0.0,,,,,,,,,,,,,,,,,,,,
931,,0.0,,,,,,,,,,,,,,,,,,,,
932,,0.0,,,,,,,,,,,,,,,,,,,,
933,,0.0,,,,,,,,,,,,,,,,,,,,
934,,0.0,,,,,,,,,,,,,,,,,,,,
935,,0.0,,,,,,,,,,,,,,,,,,,,
936,,0.0,,,,,,,,,,,,,,,,,,,,
937,,0.0,,,,,,,,,,,,,,,,,,,,
938,,0.0,,,,,,,,,,,,,,,,,,,,
939,,0.0,,,,,,,,,,,,,,,,,,,,
940,,0.0,,,,,,,,,,,,,,,,,,,,
941,,0.0,,,,,,,,,,,,,,,,,,,,
942,,0.0,,,,,,,,,,,,,,,,,,,,
943,,0.0,,,,,,,,,,,,,,,,,,,,
944,,0.0,,,,,,,,,,,,,,,,,,,,
945,,0.0,,,,,,,,,,,,,,,,,,,,
946,,0.0,,,,,,,,,,,,,,,,,,,,
947,,0.0,,,,,,,,,,,,,,,,,,,,
948,,0.0,,,,,,,,,,,,,,,,,,,,
949,,0.0,,,,,,,,,,,,,,,,,,,,
950,,0.0,,,,,,,,,,,,,,,,,,,,
951,,0.0,,,,,,,,,,,,,,,,,,,,
952,,0.0,,,,,,,,,,,,,,,,,,,,
953,,0.0,,,,,,,,,,,,,,,,,,,,
954,,0.0,,,,,,,,,,,,,,,,,,,,
955,,0.0,,,,,,,,,,,,,,,,,,,,
956,,0.0,,,,,,,,,,,,,,,,,,,,
957,,0.0,,,,,,,,,,,,,,,,,,,,
958,,0.0,,,,,,,,,,,,,,,,,,,,
959,,0.0,,,,,,,,,,,,,,,,,,,,
960,,0.0,,,,,,,,,,,,,,,,,,,,
961,,0.0,,,,,,,,,,,,,,,,,,,,
962,,0.0,,,,,,,,,,,,,,,,,,,,
963,,0.0,,,,,,,,,,,,,,,,,,,,
964,,0.0,,,,,,,,,,,,,,,,,,,,
965,,0.0,,,,,,,,,,,,,,,,,,,,
966,,0.0,,,,,,,,,,,,,,,,,,,,
967,,0.0,,,,,,,,,,,,,,,,,,,,
968,,0.0,,,,,,,,,,,,,,,,,,,,
969,,0.0,,,,,,,,,,,,,,,,,,,,
970,,0.0,,,,,,,,,,,,,,,,,,,,
971,,0.0,,,,,,,,,,,,,,,,,,,,
972,,0.0,,,,,,,,,,,,,,,,,,,,
973,,0.0,,,,,,,,,,,,,,,,,,,,
974,,0.0,,,,,,,,,,,,,,,,,,,,
975,,0.0,,,,,,,,,,,,,,,,,,,,
976,,0.0,,,,,,,,,,,,,,,,,,,,
977,,0.0,,,,,,,,,,,,,,,,,,,,
978,,0.0,,,,,,,,,,,,,,,,,,,,
979,,0.0,,,,,,,,,,,,,,,,,,,,
980,,0.0,,,,,,,,,,,,,,,,,,,,
981,,0.0,,,,,,,,,,,,,,,,,,,,
982,,0.0,,,,,,,,,,,,,,,,,,,,
983,,0.0,,,,,,,,,,,,,,,,,,,,
984,,0.0,,,,,,,,,,,,,,,,,,,,
985,,0.0,,,,,,,,,,,,,,,,,,,,
986,,0.0,,,,,,,,,,,,,,,,,,,,
987,,0.0,,,,,,,,,,,,,,,,,,,,
988,,0.0,,,,,,,,,,,,,,,,,,,,
989,,0.0,,,,,,,,,,,,,,,,,,,,
990,,0.0,,,,,,,,,,,,,,,,,,,,
991,,0.0,,,,,,,,,,,,,,,,,,,,
992,,0.0,,,,,,,,,,,,,,,,,,,,
993,,0.0,,,,,,,,,,,,,,,,,,,,
994,,0.0,,,,,,,,,,,,,,,,,,,,
995,,0.0,,,,,,,,,,,,,,,,,,,,
996,,0.0,,,,,,,,,,,,,,,,,,,,
997,,0.0,,,,,,,,,,,,,,,,,,,,
998,,0.0,,,,,,,,,,,,,,,,,,,,
999,,1.0,,,,,,,,,,,,,,,,,,,,
