,Toll Pathway of Drosophila Signaling Pathway_23868318,HH Pathway of Drosophila Signaling Pathways_23868318,Cortical Area Development_20862356,VEGF Pathway of Drosophila Signaling Pathway_23868318,FGF pathway of Drosophila Signaling Pathways_23868318,HCC1954 Breast Cell Line Short-term ErbB Network_24970389,SKBR3 Breast Cell Line Long-term ErbB Network_24970389,BT474 Breast Cell Line Long-term ErbB Network_24970389,B cell differentiation_26751566,HCC1954 Breast Cell Line Long-term ErbB Network_24970389,Body Segmentation in Drosophila 2013_23520449,SKBR3 Breast Cell Line Short-term ErbB Network_24970389,Human Gonadal Sex Determination_26573569,Regulation of the L-arabinose operon of Escherichia coli_28639170,Death Receptor Signaling_20221256,Mammalian Cell Cycle_19118495,Cardiac development_23056457,Processing of Spz Network from the Drosophila Signaling Pathway_23868318,Lac Operon_21563979
0,0.0,0.0,0.0,0.0,0.0,0.0,0.0,0.0,0.0,0.0,0.0,0.0,0.0,0.0,0.0,0.0,0.0,0.0,0.0
1,0.29906542056074764,0.0,0.13610308461749876,0.003316462322728304,0.0021102152141237508,0.010516467115098366,0.0860198802596374,0.015289119155693092,0.006732137762904523,0.002237323949985206,0.031621843888318214,0.014332740851789354,0.44230748329757685,0.032519064147735505,0.16008355655790796,0.7566053740741511,0.8390376626922128,0.01713548374853767,0.06728362241480129
2,0.4198895027624309,0.0,0.03322547816528511,0.008223491387936889,0.004301487511325744,0.021347945297822916,0.16475787601342928,0.02894966684624856,0.013283856997276485,0.006105255116550692,0.09738130456096869,0.026523429119095505,0.3145027277165793,0.06058061017613313,0.2933186847936091,0.8105766061621628,0.8408752461999464,0.035042349362609776,0.12459034242108305
3,0.5945945945945946,0.0,0.03991105112470842,0.010503238645714758,0.006555171765330777,0.03334175880242714,0.20362753032771003,0.0386722249245244,0.02009634068828307,0.010884078179424756,0.13134748860361492,0.043472719569256385,0.32181994087068877,0.09765339929430807,0.36281357383513263,0.9928374695020267,0.9710127473597009,0.051788390700499384,0.18356837362552517
4,0.7619047619047619,0.0,0.03217637409579423,0.013282525547734658,0.009171777047831509,0.03792125725644258,0.2576879161860029,0.05368454324767745,0.025952331639009223,0.011030873283922627,0.18076969597839004,0.05262163864416448,0.28168888167722517,0.11632966000051675,0.41289921292502935,0.8357284342268322,0.9718320121961935,0.065191431712809,0.2850956909811191
5,1.0,0.0,,0.016230313664513513,0.009672364653562991,0.05113452074110008,0.27368788266741023,0.06460855806117834,0.03178833466292947,0.013874427230401998,0.20931525378941176,0.06388248256430118,0.2700628755222109,0.15036592085778805,0.5489450246888674,0.8422847473757349,0.8502454881857142,0.07324987468673536,0.3140443818226771
6,,0.0,,0.01815776844977266,0.012198607190565943,0.06297105879956374,0.33922457943235496,0.0799180172877213,0.03942515575916145,0.015906210709493777,0.21949610135722605,0.07685148054480202,,0.17282668769818552,0.5701192136650414,0.6846255076986573,,0.08199344581027111,0.3509178171148468
7,,0.0,,0.025655041429496053,0.011925568481482813,0.07639852936494282,0.464347266779761,0.0890825181697589,0.041933124543942206,0.018758578468988974,0.282235473892482,0.07967096013826178,,0.18835167386095145,0.6658043787371394,,,0.10717615381904884,0.44772772094792945
8,,0.0,,0.02938667875648595,0.015503919707379398,0.08434754257272403,0.5057909276647977,0.10645280334355756,0.04716864668166858,0.022170599113433106,0.3424160433737992,0.08462029498683504,,0.208002663435651,0.7944153297530653,,,0.12602405155294258,0.48367111005135677
9,,0.0,,0.034019443005628036,0.01915218443334938,0.08841607474659395,0.5397439237503642,0.12341915927793579,0.050896606029043875,0.02224945991824418,0.37616163601041025,0.11451360639848203,,0.2270809221093253,0.8323495337448256,,,0.13638501848195564,0.5296010368086679
10,,0.0,,0.038404699428459046,0.019963460084181157,0.09803362366045379,0.5727205785968598,0.13361668469871854,0.058578433258522314,0.02691870509801153,0.4052815376320308,0.12189689453005917,,0.2689301122183411,0.8724548209623029,,,0.1476736147522504,0.5554422246062881
11,,0.0,,0.042053040113031785,0.021123153006428846,0.10721921093976042,0.6298287206553459,0.1462844511614493,0.06260140033169881,0.028300997627164006,0.42571269084539226,0.13326001945262825,,0.2777962458433634,0.9173415131528534,,,0.15729205576691296,0.6094462949516616
12,,0.0,,0.04634009721624865,0.02174920064394985,0.12042167619198596,0.6551418972997648,0.1602844301954291,0.0669994446229798,0.02922286813640437,0.45998467292338874,0.13835198835875825,,0.28264966282725645,0.9661874715349604,,,0.18469572278641275,0.6190897467565366
13,,0.0,,0.04895659220533852,0.025684800138261393,0.13017969674818744,0.6817488097071418,0.17754658608097948,0.07373208045550599,0.03718504227777438,0.4992142249020986,0.15671203882525492,,0.31118033947783874,0.982136363942678,,,0.19825456401271283,0.6418327058924512
14,,0.0,,0.05347085033602135,0.03052055962029998,0.13399032150408738,0.7133065765871938,0.18719818577578579,0.07971570240608422,0.0407761167752241,0.5356161129034165,0.17373453520364077,,0.3427249281404553,0.9956048710156203,,,0.21777487260878253,0.6651147566081032
15,,0.0,,0.05758112985101463,0.03270306509743067,0.14962499957826872,0.7329615540924447,0.19821643601246988,0.08674021558330967,0.04334182945665592,0.5597719605124404,0.18357819002389378,,0.360978084283944,1.0,,,0.22268226825787102,0.6928967531903337
16,,0.0,,0.06101316180890747,0.03427160823661648,0.1550001497671779,0.7476198977512338,0.21652478260394428,0.09056281834385843,0.04622212692321096,0.5682920844048356,0.18795856060545954,,0.3849681390088864,,,,0.22847194351093672,0.7073169118809045
17,,0.0,,0.06317895383298554,0.035756426555374296,0.16888111597922068,0.8066901342581405,0.223814117820413,0.09455056221620321,0.0517863399957134,0.5871121333333674,0.2014895981740418,,0.41372743222992386,,,,0.24008315051678386,0.72895359696832
18,,0.0,,0.06692352727946327,0.036936100822021437,0.17601595357072305,0.8231945408999092,0.2310764635129588,0.09754632848582734,0.056270046415172414,0.6140478327673484,0.2163328116864078,,0.423585654803799,,,,0.2446296154849877,0.7390096500516057
19,,0.0,,0.07299841094757056,0.03898719111390378,0.18213996975300703,0.8353755695306554,0.23829695440961463,0.10255828850257591,0.05928273357706169,0.6369166282073851,0.2224876210910898,,0.43476547446570973,,,,0.24995940268320488,0.7525034098478726
20,,0.0,,0.07680797187751151,0.03930936691156563,0.17613327263604492,0.8482458438468821,0.24704428584717256,0.11242878297856236,0.061181211463008034,0.6310916497201614,0.24122961334628923,,0.4904588792108501,,,,0.29523889352113053,0.7690859008883283
21,,0.0,,0.08187954018271328,0.04016383562584177,0.18226508699425528,0.857761198848304,0.25641612056023644,0.11701574663974233,0.063951641474877,0.6387210051678075,0.24880281633168774,,0.5051846659713167,,,,0.30863526512093725,0.7804518521456567
22,,0.0,,0.08332637129201388,0.042649806310809994,0.1888116205372222,0.864265913665528,0.2664818125472937,0.1215168598465771,0.06774410657214282,0.6635768040478704,0.25852149020170423,,0.528464404838029,,,,0.3147686539759986,0.7857134605100833
23,,0.0,,0.08745919393903605,0.04691898884590221,0.196520414219825,0.8719318604762273,0.276619550351399,0.12635768170785433,0.07176208195025272,0.7017002014177122,0.2687155552143385,,0.5486583661562363,,,,0.32093979725043736,0.789015397905568
24,,0.0,,0.09215317313142715,0.048092681408582444,0.2190306698978708,0.8762887531599254,0.2875134227072799,0.13157817819182163,0.0752081328268437,0.7140835814624509,0.28167946671081495,,0.5642163447451425,,,,0.33314858038451,0.7981092699309196
25,,0.0,,0.09597661961111434,0.0498810976420254,0.22835984821012628,0.8899536999231324,0.3000662455263637,0.14335207271632933,0.07651243650152925,0.7273997307638769,0.2918811587336966,,0.5769766219935776,,,,0.34160777079450577,0.8115854559569183
26,,0.0,,0.09972577636553173,0.051695178939016526,0.2384765770979892,0.8974523620192433,0.31370407393208666,0.15002395171568456,0.0778168897520854,0.7502804326138085,0.3028096703216818,,0.5971014816658147,,,,0.3483064569349844,0.8164222036163872
27,,0.0,,0.10374421627032776,0.0526303901944161,0.2494849765279751,0.9003468284454128,0.32664215217520787,0.1573164751196714,0.07905926036595447,0.7745398307513047,0.31454554399235346,,0.6111067195485773,,,,0.351793918741353,0.832048078078288
28,,0.0,,0.10759178042706348,0.05294934828229781,0.26150836649312614,0.9006089664587451,0.3406388085791967,0.16532046962903862,0.08219173664531253,0.7853184925876858,0.3321677572298509,,0.6184275086624018,,,,0.36638552580359984,0.8376491135096791
29,,0.0,,0.1105738441323997,0.05454809281936788,0.2746939065766375,0.9020633141935941,0.35810603740436436,0.1741453932115032,0.08384027868400074,0.8117697507698434,0.346220680958976,,0.6289154665099056,,,,0.37916934919123385,0.8426213153969709
30,,0.0,,0.11420216227997879,0.05671542892064743,0.28921864918119655,0.9075684055509206,0.3748584275793006,0.18392437062171854,0.08581615624494789,0.8172934953658092,0.3642179710946049,,0.6536114095853028,,,,0.38420218288273905,0.8539626397424792
31,,0.0,,0.11973387021656873,0.062392303372867074,0.3052975358406841,0.9061520749800336,0.3799243499889665,0.194820955400603,0.08749876386728382,0.8313322926402799,0.38104907408439737,,0.67356782753291,,,,0.39295746763842426,0.8603086559539664
32,,0.0,,0.12468144996894974,0.06472576642798913,0.3093680541148278,0.9017125406944387,0.38512348991577255,0.1963913704311925,0.08908986721076739,0.8483701688732306,0.38410319527456327,,0.6853672898613589,,,,0.3943690560130122,0.8631844839106484
33,,0.0,,0.1275519101839661,0.06984587925978057,0.31321091981926014,0.8975602962801459,0.3897861963886365,0.19809177296178979,0.08911819447293173,0.8584373017885293,0.38796069792186133,,0.6937522441841666,,,,0.41384094879751543,0.8713757928274418
34,,0.0,,0.13127209948621796,0.071251342474119,0.31771710653231305,0.8991566232893501,0.3952496967959838,0.19971668618464408,0.09076685520983248,0.8700647993400855,0.39229102417458966,,0.7028183563250505,,,,0.4258750340821511,0.8760668324549417
35,,0.0,,0.13653716791149187,0.07479395366223263,0.32235019340701315,0.9302326269836243,0.40086251417363056,0.20136758306803493,0.09141704935525548,0.8739658901695493,0.39796157658095915,,0.7158462618417171,,,,0.42815855281545806,0.8913948567065642
36,,0.0,,0.1397778338304386,0.07650220641622413,0.3265125088546091,0.9288355517053298,0.4066308545556211,0.20272039721458426,0.0934431896532465,0.8759288010272233,0.4012832668884692,,0.7201147580827324,,,,0.4378868982731062,0.895423744459274
37,,0.0,,0.14403163183412607,0.07899657369743514,0.33098588341449603,0.9619973058541968,0.429763646618873,0.20460453944048454,0.09444673402284981,0.8838641105466468,0.407208855899895,,0.7286852856955419,,,,0.45330057572071136,0.8986655100592348
38,,0.0,,0.14757581501155229,0.08151529071288341,0.3360030195538215,0.9693142855984492,0.4363669393001138,0.20633484961266818,0.09629213390331008,0.8904118637897334,0.41177104220111055,,0.7421462661932263,,,,0.47142233442840836,0.8994691611715011
39,,0.0,,0.15024406192175313,0.08278352820836393,0.34116941362108755,0.9650771976712703,0.44316903681997444,0.20784445601185308,0.09737816316107605,0.9063677791375565,0.41329386563664555,,0.7559511451882325,,,,0.47776745673244436,0.9092211693333213
40,,0.0,,0.15292478393440334,0.08888674024663619,0.34649182673820944,0.964170494481686,0.4492911064329232,0.20963488686990242,0.0981229704777023,0.9084701740967576,0.41957242335179307,,0.7623862166420295,,,,0.48826864925776653,0.9151110741934672
41,,0.0,,0.15545500505870505,0.0915799804023151,0.3515138845949689,,0.4555788167159734,0.21284824223931315,0.09869457132541581,0.9116410658092094,0.42325451071451214,,0.7746774992725188,,,,0.4958483617773646,0.9165641327318348
42,,0.0,,0.1599357763507293,0.09441388775881594,0.35715577247172475,,0.4629763555941628,0.2147235021004995,0.0994473228719578,0.9127026732532311,0.4269995409520175,,0.7895048408530037,,,,0.4979989699108278,0.9328587224020557
43,,0.0,,0.16232510635241815,0.09574209943036573,0.3629758878879424,,0.4706099362972095,0.2166599484683257,0.09965773909137118,0.9132343519445368,0.42935641394068275,,0.7952825172523911,,,,0.505377296271813,0.9343326548173069
44,,0.0,,0.16488111132194208,0.09806337054366313,0.36847488049866767,,0.4784910394774063,0.21881742678618832,0.1001402420261426,0.914232825916895,0.4338238513005512,,0.7971258522195842,,,,0.5081987950104586,0.9353513548874768
45,,0.0,,0.16702254631084673,0.09876122524726706,0.37413785908927893,,0.4866319025880603,0.2208012525263116,0.10092649395890518,0.9153001373027219,0.43898582260197455,,0.807090709403784,,,,0.5153872876963405,0.9368324018906292
46,,0.0,,0.17163562476620223,0.09958773671158584,0.3799722700517316,,0.49504558328851117,0.22366952435820187,0.10585343156997046,0.9222953750207212,0.4442679377321674,,0.8140810452507262,,,,0.5255979004092078,0.9381318262784836
47,,0.0,,0.17608172448063975,0.10080957273758318,0.3865419007533721,,0.5037460293322908,0.2275212262924045,0.10609084184007753,0.9231429451207986,0.4483824789169658,,0.8239662741241139,,,,0.5327865084145539,0.9501323922479202
48,,0.0,,0.17997316526630638,0.10250892953537104,0.39333589999880947,,0.5127481557252157,0.22986925577399694,0.10632928387401426,0.9253194390312013,0.45441515005353383,,0.8265973167427009,,,,0.5422698027806135,0.9520309799839243
49,,0.0,,0.18332422063641757,0.10396838165102386,0.39565242409434537,,0.5220679300512513,0.23421665300526584,0.10699709297731215,0.9258650768866308,0.45737174824389076,,0.8345879845595385,,,,0.5488781625701716,0.9544225725352327
50,,0.0,,0.18692225314097305,0.10531703102604134,0.4034887546526894,,0.5317224669929922,0.23510188758425835,0.10767306236557521,0.9264113225173949,0.46563624491573946,,0.8377074076145062,,,,0.5591412256195306,0.9546383535563694
51,,0.0,,0.18997045745121213,0.10933140603908367,0.4108792311890718,,0.5404592024878999,0.23899628614487364,0.10855045117682004,0.9269581769395431,0.46873638013217195,,0.8404233794820343,,,,0.580364015705949,0.9555023685249954
52,,0.0,,0.19150372289716788,0.10920445744276329,0.41958002003775513,,0.5507919960538309,0.24161397888120167,0.10899435286349361,0.928053716233526,0.4747382046029236,,0.8411050141841016,,,,0.5896741526465181,0.9558868333585877
53,,0.0,,0.19448598898991884,0.11175764300602287,0.4268841994128331,,0.5587972093105893,0.24610296014766986,0.1096950253107762,0.935234746140119,0.48056318546161675,,0.8511092857264557,,,,0.6012765132694501,0.9567288351421673
54,,0.0,,0.20201052605547923,0.1180539686909781,0.4306986394454712,,0.5684274752844843,0.2553375458380252,0.12067650896289048,0.9382345767889329,0.47850874266862753,,0.8752158355760632,,,,0.6294189294227434,0.9606949374284681
55,,0.0,,0.20585993134861774,0.12011469909241515,0.4391003048811527,,0.5798367042658279,0.2606394961285256,0.12122178668269744,0.9412526393679679,0.4853572958371308,,0.8781691618885201,,,,0.6410708154873238,0.9619125225114512
56,,0.0,,0.21014233536217347,0.1220912203675739,0.4412508638475829,,0.5917006662854878,0.26287667547742993,0.12177186884344507,0.945210747958456,0.49024508740481876,,0.8807690786638771,,,,0.6502313145340766,0.9632739143606279
57,,0.0,,0.21241730295060593,0.12519242296231523,0.4499876091557936,,0.6040471003006593,0.2657134418217498,0.1223268192239909,0.945778761112161,0.4927077898903301,,0.8837117270756725,,,,0.6621076744656539,0.9638584455666624
58,,0.0,,0.21601492714216775,0.12761532065468684,0.46008203050329044,,0.6169060482170902,0.2708277172014383,0.12954638829673948,0.9463474198179451,0.4961683167202232,,0.8893693781726978,,,,0.6645337373855658,0.8964757313354216
59,,0.0,,0.2209450644391345,0.12940804888580187,0.4634664453725426,,0.6286036007216799,0.27642275306415304,0.13764381872501782,0.9467743381531452,0.4996763499586057,,0.8942813637019494,,,,0.6677286373550715,0.896862704112291
60,,0.0,,0.22556724028742092,0.13443438494851656,0.4723495562304685,,0.6407420483670466,0.2783141213477186,0.1467895901557208,0.9469167251769478,0.5048493997763539,,0.8973115803323447,,,,0.6808127602412821,0.8980254430094515
61,,0.0,,0.22899047258644684,0.1359662232850097,0.4815714040021545,,0.6533467967576013,0.28346687012843175,0.1468020118498827,0.9499878670694242,0.5084780428862,,0.9010907513223455,,,,0.6944054245888698,
62,,0.0,,0.23313801754938704,0.1382404013804944,0.4850125988061633,,0.6570375814352116,0.2871976056907715,0.1486505905124312,0.9530778958647484,0.5138304919006554,,0.9042145549165471,,,,0.7076372613086207,
63,,0.0,,0.23690404404731674,0.1419399039627492,0.49472849351885223,,0.6683584458286546,0.29094156320192316,0.14921277315077594,0.9272737131586691,0.5206291714322351,,0.9066695621759709,,,,0.7103993579397803,
64,,0.0,,0.2397293248376824,0.14418773307187094,0.49973049444322487,,0.6722172412026671,0.296849301877585,0.14930259420839326,0.927417497662929,0.5229344184674227,,0.9094344426817182,,,,0.7131825440310259,
65,,0.0,,0.24244614589926078,0.1447518204224653,0.5048323660040086,,0.6761198318804508,0.30116515377422254,0.1495082964149236,0.9275613242703843,0.5268209182074399,,0.9126142421326321,,,,0.7271272662952488,
66,,0.0,,0.2452241778999258,0.14683353229568086,0.5187348242077061,,0.6921834055806763,0.30523073957176966,0.14971455268754544,0.9005183400707286,0.5285488290859827,,0.9154141725591298,,,,0.73297536519329,
67,,0.0,,0.24889364999748004,0.14800746517002647,0.5205192507367323,,0.6963165721892085,0.30946942073163847,0.14976620359095133,0.90066160542192,0.5306845714630045,,0.9193417462129947,,,,0.7338785858306814,
68,,0.0,,0.2521665469678297,0.15071753651259878,0.5260468803958481,,0.7004983015566673,0.3167957547835767,0.1519275489955725,0.9008049137434823,0.5323972985900961,,0.9211146833166095,,,,0.7377568434799159,
69,,0.0,,0.2548464582239393,0.15362643291203915,0.5301396939355919,,0.7047294546251655,0.3244696052522168,0.15195412076380144,0.9009482650547508,0.5346440142740159,,0.9232753456859659,,,,0.7536780410108389,
70,,0.0,,0.25900634710103093,0.15578447691058486,0.5426929948064364,,0.709010912808679,0.3294533869663876,0.15313182389877258,0.9022008054170385,0.5402601042575771,,0.9248110418702623,,,,0.7599517166121257,
71,,0.0,,0.26213832668925124,0.15829792582165514,0.5470443291342795,,0.712255561276515,0.3325506447490108,0.16384243054516573,0.8605250397843279,0.5439850281220128,,0.9269177995544999,,,,0.7648876328890829,
72,,0.0,,0.26426806042669765,0.15968137786877604,0.5531402388535829,,0.7166272380874004,0.3351271105568226,0.16616260275061226,0.854418517360287,0.5503055691673631,,0.9287752713127376,,,,0.7728765862362511,
73,,0.0,,0.2672084433634064,0.16240991946255148,0.5582276958882458,,0.7210517545366247,0.3398456822984624,0.16622663543015814,0.8058859036083577,0.5545992882368169,,0.9322597253134951,,,,0.7794673795116788,
74,,0.0,,0.2699609587201637,0.1640010229175433,0.5610938862694336,,0.7244053968035693,0.34533557592192615,0.16648324981088003,0.8044456148535255,0.5555526757427705,,0.9330941444178585,,,,0.7895619754046588,
75,,0.0,,0.2731019629188441,0.16708918430933695,0.5751421228677248,,0.7289247159695005,0.34814179246346516,0.1667406406860061,0.8050738457391918,0.560191375550851,,0.9349871377237108,,,,0.7980647534243648,
76,,0.0,,0.2743479660744527,0.16920439573171994,0.5887554142836213,,0.7334995824606487,0.356242598295511,0.16995808057048578,0.8121335895080957,0.5648612932746725,,0.9358268494081387,,,,0.8021324943649,
77,,0.0,,0.2775972520328807,0.16995003011626145,0.5950897608783472,,0.7381310267147561,0.3586229238990232,0.17002500834675144,0.802058712341532,0.5655795669598014,,0.9396236034125699,,,,0.8029940295926661,
78,,0.0,,0.28033749290711996,0.17165535650946848,0.5992563504550956,,0.7416423733757389,0.365135512890563,0.17290063728167088,0.8092099146461106,0.5732303086444469,,0.9404713606194244,,,,0.8122975521294591,
79,,0.0,,0.2825366997563771,0.17462541721457028,0.6012292128412321,,0.7463753857949291,0.3712956243567286,0.17307377998716272,0.800881035147501,0.5781621981659198,,0.9413205930661939,,,,0.8170287733344569,
80,,0.0,,0.28573806322640294,0.17629334517468223,0.6052134339241794,,0.7499641609022683,0.374195593855262,0.17565874133404302,0.7917860155047398,0.581939497447009,,0.9432367799021589,,,,0.8218141812372042,
81,,0.0,,0.28942614433286906,0.17799299365836294,0.6072250438298011,,0.754802119609112,0.37896181078334196,0.17832045038031455,0.7846571532793138,0.5843248409955847,,0.9473068523561687,,,,0.8230191091307447,
82,,0.0,,0.2925719969638339,0.17972527624041612,0.6092498235251231,,0.7597016222814963,0.38179758429311933,0.18161308898765158,0.7888335215841545,0.5857652210277333,,0.9481680266060293,,,,0.8327843538446729,
83,,0.0,,0.2963067101882297,0.1847228797981827,0.6141638075853779,,0.7606272260511587,0.38835830795605786,0.18445591997197627,0.7821874481550876,0.5891531883841431,,0.9488148982863454,,,,0.8377524479717967,
84,,0.0,,0.3011206371124965,0.1860300447014081,0.621049004055419,,0.764351851058006,0.39189995310490405,0.18898023245581544,0.7749083471193173,0.5896403061016803,,0.9518449159040012,,,,0.8427788610485982,
85,,0.0,,0.30283535276706497,0.18833957818223312,0.6231654538807208,,0.7693739854975865,0.39453777824446074,0.18947570487573334,0.7813295244068397,0.597142422636354,,0.9537481676061963,,,,0.844044697168336,
86,,0.0,,0.3052132628474207,0.19015502371029272,0.6277282361824518,,0.7744612232065906,0.39652697942048565,0.192566983145237,,0.6002562318873024,,0.9546206713921164,,,,0.8518798582611,
87,,0.0,,0.3082177948409673,0.1920053509433849,0.6298897072847981,,0.7796148383704127,0.3992265981355491,0.19265248328069945,,0.605345819358139,,0.956260770878532,,,,0.8558510537987409,
88,,0.0,,0.30935056382971393,0.1935430326732627,0.6387581104631803,,0.7848361386435267,0.4019626027486391,0.19660625278175414,,0.6128245637660295,,0.9584560405180367,,,,0.8639031432472584,
89,,0.0,,0.31196357802790775,0.1957176974378828,0.6461986288420063,,0.7901264662556672,0.4143461511315835,0.19669432866176814,,0.6168448556796124,,0.962764888489694,,,,0.8665646087574354,
90,,0.0,,0.3134122787880131,0.1976440197921161,0.6484870747951721,,0.7941403387056077,0.4201669466419575,0.19998574324602583,,0.6185530577846504,,0.9636533761270006,,,,0.8706712315180735,
91,,0.0,,0.31570879928024526,0.19923904554001617,0.6561532793539142,,0.7954871991621744,0.4280069271385049,0.19980991874701587,,0.6246052069181995,,0.9663283532242942,,,,0.8760927182958588,
92,,0.0,,0.3186892432655656,0.202057952346425,0.6639997226297577,,0.7995548020307441,0.4293286943623511,0.20321299620328792,,0.6288888686235924,,0.9672231978145823,,,,0.8802884324753689,
93,,0.0,,0.3219302180139902,0.20358450936762207,0.6720328365715819,,0.8036634138947292,0.4324928103235186,0.20330718873517786,,0.6344654183254994,,0.9699173481686594,,,,0.8816669971058283,
94,,0.0,,0.3260741048807295,0.20520501468375046,0.680259362850816,,0.8092064339699094,0.4354093876397027,0.2068292806463338,,0.6404830152559028,,0.9710441881967234,,,,0.894267014195173,
95,,0.0,,0.3282920896366802,0.20867042144098064,0.6886863717314886,,0.8134131794733154,0.437830040301995,0.21047333470170465,,0.6440547177675182,,0.9719474803503436,,,,0.898635328604274,
96,,0.0,,0.33172862810757514,0.21168561069427025,0.6973212823368987,,0.8151786834368089,0.4408181655377461,0.21057425699072557,,0.6495382859580602,,0.9728523951210467,,,,0.9030456497184247,
97,,0.0,,0.33238402242780096,0.21374404435667163,0.6999801381500388,,0.819446735228837,0.44562214942954836,0.2151110201155033,,0.6522597984407567,,0.9739858270578832,,,,0.9074985863840752,
98,,0.0,,0.33524385201456364,0.2157247914353548,0.7021216316722813,,0.8205206099566135,0.45059318843662455,0.21896836953710003,,0.6553015907599745,,0.9744967031000848,,,,0.9089619399498994,
99,,0.0,,0.33764568452724286,0.2185837394531596,0.7048167001705439,,0.8248438753437844,0.45302356595565946,0.2232187051407341,,0.6583729185648202,,0.975064949906068,,,,0.9142129321771236,
100,,0.0,,0.3412627673436537,0.22053169802571876,0.7106347852007385,,0.826294917305259,0.45424634571683337,0.22728196503848724,,0.664481042009649,,0.9762033638081676,,,,0.9187746955398748,
101,,0.0,,0.34287572290617085,0.22114749583266302,0.7133946795570847,,0.8277509790581817,0.4546317334939348,0.22941347852000576,,0.667076690356235,,0.9766594478123705,,,,0.9214015050760564,
102,,0.0,,0.34667879387125816,0.2237292936956602,0.7180416953464085,,0.8292120866961824,0.4587175516670878,0.22986250621787824,,0.6737205916942004,,0.978709712058372,,,,0.9260340205562495,
103,,0.0,,0.3509899245710978,0.22572654415528437,0.7274208647789134,,0.830311244585841,0.46394444929526035,0.2300726451537595,,0.6798504122185441,,0.9796271379762301,,,,0.9307124205747964,
104,,0.0,,0.35388582983278943,0.22754140265933676,0.7326391651138627,,0.8362220684682515,0.4682657572437609,0.23457461571353455,,0.6829564289805801,,0.9804887333543922,,,,0.9337927960277574,
105,,0.0,,0.35693311239104497,0.22903185604532253,0.7341995156570688,,0.8377127055017841,0.4693642711302467,0.23582981835324526,,0.6837372773826285,,0.9816398047333861,,,,0.9346627566370853,
106,,0.0,,0.3579394086547597,0.23134911265574357,0.736552352486418,,0.8392085693709498,0.4745672159497464,0.2359560665299964,,0.6868782236126408,,0.9818703320479,,,,0.9394272291656407,
107,,0.0,,0.3589513293377605,0.23207147728483632,0.7395143653475479,,0.8407096876154435,0.48102565133557285,0.23854154175348674,,0.6948555525472238,,0.9823276934187329,,,,0.94217122868755,
108,,0.0,,0.36253803154420083,0.23482056622822883,0.7459124113935389,,0.8418389911587256,0.4833683765594387,0.24337906926342037,,0.6951245881188378,,0.9825585859357491,,,,0.9433520461268466,
109,,0.0,,0.3641265364123283,0.2379199770723714,0.7513961905083825,,0.844959992392385,0.48588334441638614,0.24841379230940253,,0.6975551177157207,,0.9835970375740328,,,,0.9531051294912868,
110,,0.0,,0.3667523066832262,0.24018970462774067,0.7550963825579582,,0.851078071911307,0.49064225365690867,0.2506781123799442,,0.6979618246894401,,0.9854968269239213,,,,0.9540107450117908,
111,,0.0,,0.36961709195587106,0.24204283713884941,0.7634489691624216,,0.8522349105760122,0.49465457687208475,0.2526907268663272,,0.7019975492419207,,0.98596208125297,,,,0.9581577782419918,
112,,0.0,,0.37069438781522845,0.2448259509774554,0.7659903626029201,,0.853394842029004,0.49896100956339523,0.25532566200159257,,0.7028218384752238,,0.9860202678578535,,,,0.9631606129134753,
113,,0.0,,0.37286771749470227,0.2474162785507119,0.7686554372164833,,0.8548491245052482,0.5028728964942984,0.2598779773957024,,0.7032346943213974,,0.9861948674513491,,,,0.9664555245009937,
114,,0.0,,0.3771510737107535,0.25021879427845456,0.774474832028728,,0.8557240330439351,0.5076460079257549,0.261263440161821,,0.703648025412195,,0.9866607582783895,,,,0.9715439389791536,
115,,0.0,,0.3822490651465609,0.2507663606873892,0.7771985053915708,,0.8568933176448251,0.5128368677308714,0.2618450254181608,,0.7085056148513021,,0.9879496529988592,,,,0.9732168662751889,
116,,0.0,,0.38470413613394705,0.25220948648662067,0.7804919407202111,,0.8584572548747923,0.5162176736600026,0.2624682043634455,,0.7104670900112767,,0.9881248318442977,,,,0.9738456723263575,
117,,0.0,,0.3866026960572822,0.2533433407042593,0.7838130030052191,,0.8600268095351243,0.5204158520620084,0.26250396474793763,,0.7195709898648562,,0.9883584969388197,,,,0.9747903777517656,
118,,0.0,,0.388519885826105,0.25670961430827505,0.786042564984562,,0.8616020119457375,0.5246691215594406,0.26313163712096443,,0.720003345462002,,0.9888223184487811,,,,0.9764743022502003,
119,,0.0,,0.39150642270279895,0.2576049040363716,0.789410450857051,,0.8631828926451425,0.5316189709342043,0.26372277474445316,,0.7204362103782145,,0.9890563831723589,,,,0.97700170001801,
120,,0.0,,0.3927137962966854,0.2597562135636249,0.7955448896017633,,0.8640746449171169,0.5321475446003708,0.26435621597294373,,0.7208695855139986,,0.9891149160673584,,,,0.9786931359593698,
121,,0.0,,0.39392513631649284,0.26171146529384837,0.7989936986792988,,0.8656644596044528,0.5348060580191686,0.26495279917717973,,0.7254699663333217,,0.9895834200892893,,,,0.9820933076508437,
122,,0.0,,0.3943004956016658,0.26375491966021697,0.801890308215238,,0.8672600318470362,0.5420253696602042,0.2655920891594026,,0.725909416009354,,0.9738060574644959,,,,0.9838021024818092,
123,,0.0,,0.39754043012841533,0.26565108420221706,0.8028216019816347,,0.867759833868532,0.5443210413920127,0.2661941935398013,,0.7315212740945476,,0.9736181712540121,,,,0.9855167430270166,
124,,0.0,,0.3991802364298208,0.2678168188009844,0.8063330329503468,,0.8693630104892739,0.5489704898855593,0.2661991189163462,,0.7417786653748769,,0.9739110777709937,,,,0.9872372593347716,
125,,0.0,,0.4027395869497221,0.270425902358718,0.8098748849872109,,0.87097201746984,0.5542719010892553,0.2668458004875302,,0.7468588015749599,,0.9743800820192368,,,,0.9885315207269859,
126,,0.0,,0.40402032046692293,0.27161353718828724,0.811657342713914,,0.872586886673551,0.5619250125709292,0.2718385376509115,,0.7481006391289767,,0.974849522270909,,,,0.9902623925444268,
127,,0.0,,0.4095546033456012,0.27164029205910883,0.8145254259283032,,0.8742076501963316,0.5668775860174272,0.2723437495750834,,0.7525857264147278,,0.9433740039640005,,,,0.991564455623593,
128,,0.0,,0.41405754641325604,0.2740839599567952,0.8175343473641244,,0.8758343403688372,0.5732420102983494,0.2730202550683328,,0.7581330885990735,,0.9435678019780551,,,,0.9928698838928226,
129,,0.0,,0.41541063725371336,0.2753769245403238,0.8205652745975477,,0.8767519702905778,0.5776337655225146,0.2731474692444727,,0.7584525038421451,,0.9435542812598486,,,,0.9946157122461762,
130,,0.0,,0.4171143633210587,0.2771417276873986,0.8234958926754172,,0.8772625815711798,0.5840048186400284,0.27382792555815544,,0.7647987087877471,,,,,,0.9959290435428393,
131,,0.0,,0.41848733894480267,0.278397126710827,0.8265706574368602,,0.8781831561343324,0.5885044618378666,0.2743404674433219,,0.7677346268926617,,,,,,0.9969162784440704,
132,,0.0,,0.4212603145079885,0.2799991002188838,0.8287985500373363,,0.8798244294360754,0.5930397692058799,0.2759854150494613,,0.7682260975060125,,,,,,0.9970260898219265,
133,,0.0,,0.42354029354298794,0.28128034916547173,0.831912572740534,,0.8814717423443678,0.5999248341190598,0.2769215598312509,,0.7714703715084902,,,,,,0.9971359249502123,
134,,0.0,,0.42736513885825417,0.2829840192274355,0.8356800084762183,,0.8831251282577468,0.6032592976626122,0.27682495103903226,,0.772463618084505,,,,,,0.9973556664889002,
135,,0.0,,0.4291675430851526,0.2840859605260535,0.8394812598844875,,0.8826926615054975,0.6095827147347991,0.27704838351435146,,0.7729611828708121,,,,,,0.9976854571179142,
136,,0.0,,0.43199121941781493,0.2849930475447071,0.8426751305051994,,0.884357504394075,0.6169719264441841,0.2771244923694698,,0.7772998981388096,,,,,,0.9979054365079719,
137,,0.0,,0.43364772490139586,0.28604684905067884,0.8458930707275785,,0.8860285305042811,0.6244207917840091,0.27739384183200344,,0.7798248092969446,,,,,,0.9982355842036866,
138,,0.0,,0.43615621127457993,0.2891110250371569,0.8491353536702382,,0.8868663730420931,0.6310707617756319,0.2780128946378971,,0.7842396604549123,,,,,,0.9983456810960336,
139,,0.0,,0.43841023265714163,0.2920063997917035,0.8522711042615656,,0.8885467387727812,0.6318046997284881,0.2781939555275232,,0.7845812969308591,,,,,,0.9984558018315037,
140,,0.0,,0.4409737510140774,0.2975145261937549,0.8562230796066471,,0.890233374485256,0.6348810427764389,0.2789205329845574,,0.7862938702080632,,,,,,0.998565946417843,
141,,0.0,,0.44443833151931,0.3004916414096176,0.8595441280763277,,0.8919263153380711,0.6356237807833477,0.27928522837804043,,0.787324940453999,,,,,,0.9987863071741312,
142,,0.0,,0.44600306962642855,0.3018079326796221,0.8627563441931142,,0.8936255967531389,0.6363682402994493,0.2794222319748083,,0.792082173280796,,,,,,0.9988965233595891,
143,,0.0,,0.4532395631993882,0.3030131121574712,0.8639670430082177,,0.8945842423139961,0.6442905255196331,0.2802470480541632,,0.7959330265958129,,,,,,0.9991170273839312,
144,,0.0,,0.45158790042494457,0.3040735283058056,0.8666695297337329,,0.8946908833005223,0.6468465126675463,0.2803849849609209,,0.7998208077891891,,,,,,0.9992273152383446,
145,,0.0,,0.4527993716615382,0.30646792330633027,0.8674835329387177,,0.8964005443636333,0.6494226481064704,0.2821326687760679,,0.8037460506016539,,,,,,0.9993376269979448,
146,,0.0,,0.45647274031150364,0.3075275463383592,0.8715762947565245,,0.8969361313807018,0.656612876482261,0.28227406384317866,,0.8042842433809088,,,,,,0.9994479626705051,
147,,0.0,,0.45802079968377446,0.30842709559864845,0.8733616876671332,,0.8977943804421109,0.6574068090895117,0.2862981870917182,,0.8124428964487717,,,,,,0.9995583222638017,
148,,0.0,,0.45496012828561483,0.31834982114179833,0.8710283919711014,,0.8906855698403501,0.6716546728568765,0.2848352944680638,,0.8146871793493639,,,,,,0.9996687057856145,
149,,0.0,,0.45648905934949646,0.32014223159836164,0.8743260472159727,,0.8916460667805728,0.6744457444749279,0.28873563697022503,,0.8152397087029164,,,,,,0.9997791132437269,
150,,0.0,,0.4602706095647053,0.32058695068605064,0.8776484439361171,,0.8926086020177221,0.6786756794108144,0.29186696439126636,,0.8180134323052413,,,,,,0.9984517783457962,
151,,0.0,,0.4659583870611659,0.3219791594318899,0.8811358845254064,,0.8862180121216904,0.6829584736637513,0.2907301184609287,,0.8209925740307605,,,,,,0.9931076732114564,
152,,0.0,,0.46917887352165394,0.3236480736983075,0.8823980709595513,,0.8857846629022175,0.687295124297099,0.28903758070290236,,0.8213265061182438,,,,,,,
153,,0.0,,0.47222472608806254,0.32578087917404175,0.8866312657901554,,0.8845732565117076,0.6916866536091404,0.2894946289885539,,0.8244398626729592,,,,,,,
154,,0.0,,0.4745349647878302,0.32912417050777404,0.888300454873972,,0.8845457446541292,0.6925716366990501,0.29010625182666194,,0.8255727515686953,,,,,,,
155,,0.0,,0.4760876127623473,0.33022315634367416,0.8891553849287204,,0.8818436955546685,0.6934588652976393,0.29046421191086064,,0.8261403436107638,,,,,,,
156,,0.0,,0.4786603743984616,0.33216401360149606,0.8904408310775047,,0.8824873299346262,0.6953187139614385,0.2908230454795214,,0.8302878326229839,,,,,,,
157,,0.0,,0.48446470497097166,0.3340336213135615,0.8930227648715763,,0.8842082109352317,0.6962151138962898,0.29102848664099906,,0.83143688621823,,,,,,,
158,,0.0,,0.4875944465325544,0.3350708384035138,0.8943192841762808,,0.8756068777536021,0.6971138057545221,0.28751174327649476,,0.8372293396272048,,,,,,,
159,,0.0,,0.48946809957254733,0.3375480485075951,0.8951856976472505,,0.8757144331869066,0.7016419535260987,0.2884334194547128,,0.8407065364408817,,,,,,,
160,,0.0,,0.49099436979611755,0.3396727285513272,0.8976495628944074,,0.8680974759789614,0.7046932250334658,0.28858943373154333,,0.8430655784790816,,,,,,,
161,,0.0,,0.4928959203371891,0.34192256443834124,0.899834710967776,,0.8675826122458837,0.707770895332442,0.29337462164680334,,0.8474244462760827,,,,,,,
162,,0.0,,0.4945717982819511,0.343505200089511,0.9011508500234339,,0.8670222483148073,0.7138128047043889,0.29834384508979467,,0.8480222712703912,,,,,,,
163,,0.0,,0.4978359708993146,0.345403577302031,0.9037945679291215,,0.8664613370233153,0.7169585016172797,0.2996899131425419,,0.8486209257444725,,,,,,,
164,,0.0,,0.5002815582218597,0.35054156928746566,0.904236677680717,,0.8642122021820355,0.7201317841943022,0.2957469937252631,,0.8492204114258748,,,,,,,
165,,0.0,,0.5031236077104808,0.35260554039551373,0.905565573752731,,0.8651818676705768,0.7249442301954321,0.29634861894547854,,0.849820730046947,,,,,,,
166,,0.0,,0.5095067377855151,0.35595857226302935,0.9068983331092471,,0.866045588874602,0.7296469151574881,0.29703322697672696,,0.8507192894771602,,,,,,,
167,,0.0,,0.5123169269348115,0.35845564686990156,0.9077889939434968,,0.8661536731619249,0.7324311707463685,0.29962857664794684,,0.851121126620298,,,,,,,
168,,0.0,,0.5154178667499106,0.3590424922368006,0.9091282296475723,,0.8570635349775053,0.7357338405175978,0.3006905185273412,,0.8517245823449375,,,,,,,
169,,0.0,,0.517636991338913,0.35952474936407747,0.9104713738449292,,0.8478284628321969,0.7421132503959865,0.298594966916412,,0.8535740875854304,,,,,,,
170,,0.0,,0.5208023398595482,0.36181606855555426,0.9113689831526582,,0.8479360146386256,0.7431233472233123,0.2987729167242998,,0.8547883660923484,,,,,,,
171,,0.0,,0.5229339942612244,0.36313846530012617,0.9140723305236216,,0.8409122666644896,0.7479879938621523,0.298103461405266,,0.8570901599953089,,,,,,,
172,,0.0,,0.5265706873523066,0.3644704984752864,0.9131786091724052,,0.8418793456399434,0.7496954426232841,0.2982812963343342,,0.8591971013891514,,,,,,,
173,,0.0,,0.5323285942911997,0.3664378585280342,0.9145360270733599,,0.8418396569904464,0.7531336216843796,0.3001873426181752,,0.8628614518760218,,,,,,,
174,,0.0,,0.5348346930347998,0.36802373851690107,0.9154431890194983,,0.8336821135512745,0.7597111953192213,0.3026413802486364,,0.8641008458035955,,,,,,,
175,,0.0,,0.5377882292356189,0.36950859983636847,0.9168072700076412,,0.833789440651008,0.7625224335307321,0.30563906606500424,,0.8651681183247814,,,,,,,
176,,0.0,,0.5429274562725481,0.36626875459503244,0.9193948538695909,,0.8331917177483441,0.7660656143018274,0.3032985655312386,,0.8657904689859133,,,,,,,
177,,0.0,,0.5455337950848385,0.36810517068905335,0.9203115669363933,,0.833299050695982,0.7714420081331694,0.3038029543145571,,0.8696357167954437,,,,,,,
178,,0.0,,0.5494902011602026,0.3701487038465001,0.9212300876236901,,0.8334064107957099,0.7725262759581918,0.30042929618713116,,0.8720041106345114,,,,,,,
179,,0.0,,0.5524577875022141,0.37297364438970004,0.9230725732881573,,0.8335137980578322,0.7776754218714227,0.2991964758235301,,0.8730867351575552,,,,,,,
180,,0.0,,0.5550053632717213,0.3761184307066695,0.9241507226778373,,0.8328371154955083,0.7832017844591135,0.29994975584127703,,0.8773209793918428,,,,,,,
181,,0.0,,0.5604779633473725,0.3785416512939684,0.9250768329644112,,0.8237549416925005,0.784316414110498,0.3003779657951269,,0.8784148799685864,,,,,,,
182,,0.0,,0.5632546317305347,0.3802564470231281,0.926004778751324,,0.8237098146060146,0.7880546707717929,0.30447880179716924,,0.8823533703266397,,,,,,,
183,,0.0,,0.5668425899100048,0.3843268269229125,0.9269345655007818,,0.8238172665531829,0.791070810457552,0.3052651056798739,,0.883457079191699,,,,,,,
184,,0.0,,0.5684167639413156,0.38295732332851157,0.9287996838447372,,0.8214669561231669,0.7922077728355116,0.30546230911430866,,0.8847511344493972,,,,,,,
185,,0.0,,0.5698409600813078,0.38496759388279533,0.9314546640106449,,0.8217911904264943,0.7949666634298893,0.3056597644962255,,0.8869705997866144,,,,,,,
186,,0.0,,0.5736736853597129,0.3870178102332413,0.9325522548416675,,0.8218993243598882,0.7961154531567312,0.3077890545085755,,0.8913302940942373,,,,,,,
187,,0.0,,0.5756093063189908,0.38945398279832394,0.9336524043059549,,0.8220074862274533,0.8005475321615394,0.30799005056116413,,0.8963963414862158,,,,,,,
188,,0.0,,0.5780471453123984,0.3917902167423467,0.9360398782518193,,0.8222238938084059,0.801710987040695,0.30819130622598007,,0.9024161908916922,,,,,,,
189,,0.0,,0.5809997513999656,0.3930911623744328,0.9373062658926076,,0.8191325377276129,0.8053235376206034,0.3072470247978222,,0.9069268661588578,,,,,,,
190,,0.0,,0.58548524315754,0.39627618858517805,0.9385760437572437,,0.8156550795233435,0.8087627523582265,0.3096426625334948,,0.8844133956766584,,,,,,,
191,,0.0,,0.5880070240724053,0.39978079648412174,0.939371382574882,,0.8150279622403455,0.8099500238071203,0.30911567987265975,,0.885316703483385,,,,,,,
192,,0.0,,0.591061780825009,0.4020946533601644,0.9412856406526373,,0.8123553840573091,0.8147338814831808,0.30932269834800136,,0.8862218277432394,,,,,,,
193,,0.0,,0.5933497436346683,0.40750986357322544,0.9422456634297875,,0.8124638117225339,0.817954376633169,0.30446986837447615,,0.8861932211212876,,,,,,,
194,,0.0,,0.5964569957529802,0.4107719502923858,0.9446542073425129,,0.809369692611236,0.820386367454216,0.3041135457145653,,0.8864198364335272,,,,,,,
195,,0.0,,0.6017081942062665,0.4116314849748982,0.9465898205335571,,0.8096964990712366,0.8236514217041432,0.30432350715395906,,0.8877819255451396,,,,,,,
196,,0.0,,0.603301506301994,0.4142316786392707,0.9460505933585714,,0.8096462210951714,0.8248824724386202,0.306226131668085,,0.8768900052821533,,,,,,,
197,,0.0,,0.6083125113812644,0.41569039050297135,0.9484810255421241,,0.8070921499365548,0.8261171785377228,0.3065100031991099,,0.8777980695699549,,,,,,,
198,,0.0,,0.6099407956943746,0.4180456928193704,0.9486434931850789,,0.8051694850442334,0.8310928841423827,0.30658105236826755,,0.8795056839761597,,,,,,,
199,,0.0,,0.6115777608500945,0.42042767945036136,0.949456657134769,,0.7949742717603808,0.8323461135935258,0.3072933385197259,,0.8792160290864713,,,,,,,
200,,0.0,,0.6146937376801791,0.4232915769537015,0.9505974038202168,,0.794321154651392,0.837055230218013,0.3107583502909093,,0.8797031703717183,,,,,,,
201,,0.0,,0.6176553687875442,0.42619453003124336,0.9510871249190866,,0.7942110342635859,0.8403711273564247,0.31370540617076065,,0.8842922763047979,,,,,,,
202,,0.0,,0.6215858001878048,0.42851445039239533,0.9522317489532471,,0.7882976612784838,0.8437961880054174,0.31291299485852364,,0.8860253526997144,,,,,,,
203,,0.0,,0.6237789273796503,0.43392727141469284,0.952395488969471,,0.7884057844312555,0.8450877369119184,0.3135823521430259,,0.8871844531368002,,,,,,,
204,,0.0,,0.626067673339912,0.4361557135509477,0.9525592846449693,,0.7883488434534263,0.8476826376257685,0.3153812225021915,,0.8871554169037538,,,,,,,
205,,0.0,,0.6306955858994764,0.43865692523595895,0.9532150245076908,,0.7783612863169544,0.8480394696190857,0.3170085928438553,,0.8868650841594551,,,,,,,
206,,0.0,,0.6336227053996488,0.44109352842617605,0.9533790989057186,,0.7783011405679875,0.852405891911206,0.3176974539469667,,0.8875620893779649,,,,,,,
207,,0.0,,0.6353919692822461,0.44339210409447977,0.9535432291336192,,0.7681464039977007,0.8556370379960467,0.31995198060696795,,0.8635340025278891,,,,,,,
208,,0.0,,0.6371710766917689,0.4450485841135161,0.9540359550816634,,0.7674634912893763,0.8582951123338544,0.3191372856047947,,0.8644595680220437,,,,,,,
209,,0.0,,0.6407591525243569,0.4467174190384711,0.9543647187194233,,0.7633502599609197,0.8596303034810167,0.3210070049365567,,0.8644238556632812,,,,,,,
210,,0.0,,0.6443876030584028,0.4483987476109036,0.9545291845257581,,0.7550419199364589,0.8611216648812092,0.3214097639783105,,0.8643881244804869,,,,,,,
211,,0.0,,0.645569139652844,0.4524857574298373,0.9548582842564247,,0.7545189863096743,0.8624664076391297,0.32165189943814393,,0.8653160564874554,,,,,,,
212,,0.0,,0.6509127943906098,0.455251847019487,0.9550229182380502,,0.7510216426533849,0.8658465669928374,0.32036659695927444,,0.8699852501805975,,,,,,,
213,,0.0,,0.6559240110486018,0.45787578013638236,0.9551876083354319,,0.7508834567306336,0.8685696814176754,0.32182671157966514,,0.8702200105325987,,,,,,,
214,,0.0,,0.6571888179405653,0.4612429337882831,0.9555171569922664,,0.7509898088551237,0.8684328229597176,0.3220713444019776,,0.8591819813752067,,,,,,,
215,,0.0,,0.6601589684670705,0.4639362107485946,0.9558469304567278,,0.75092067828347,0.8698019761166736,0.3223163452501282,,0.8594161744858645,,,,,,,
216,,0.0,,0.6627261275754855,0.4651515877563501,0.9560119015637166,,0.7502181418824893,0.8741000503575491,0.3238155563913149,,0.8603542032157825,,,,,,,
217,,0.0,,0.6657463367548382,0.4680792414775209,0.9563420126711794,,0.7499729247078613,0.8775777405670686,0.32487891048068557,,0.8601993478080528,,,,,,,
218,,0.0,,0.667702387671015,0.4702991535334268,0.9565071527292992,,0.7471532322014699,0.8785097672239685,0.32789492204193493,,0.8601618359294775,,,,,,,
219,,0.0,,0.6743058672652167,0.4707692157978034,0.957499177958416,,0.7443209466067093,0.876723306245949,0.32865526729646694,,0.8648832060185772,,,,,,,
220,,0.0,,0.6790060730212225,0.4722267536808644,0.9578303051120357,,0.7440720609053775,0.8765930391002588,0.3303574736942996,,0.8449999309398939,,,,,,,
221,,0.0,,0.6817212601924648,0.4741175180628997,0.9579959535837218,,0.7378282711427304,0.8779954344456021,0.3313871942071048,,0.8449573816645544,,,,,,,
222,,0.0,,0.6837718565358782,0.4752592242005667,0.9589910347722811,,0.7377546796378861,0.8801073964195539,0.32581305464998545,,0.8457419373339023,,,,,,,
223,,0.0,,0.6874477981950388,0.47602340557445705,0.9598218311020117,,0.7375016302180126,0.8789108462441618,0.3273661469154266,,0.8456995277171641,,,,,,,
224,,0.0,,0.6900476912262137,0.47671935604456944,0.9592813674771964,,0.7328193443761113,0.8798524651239551,0.3283938618289327,,0.8466469819816469,,,,,,,
225,,0.0,,0.6921525485931592,0.47842579729050183,0.9596140703090382,,0.7320920029982747,0.8780524545509228,0.33015653399870093,,0.8319962845360251,,,,,,,
226,,0.0,,0.6949789608237685,0.4795941523702201,0.9590730364173192,,0.7289710941836087,0.88183741181361,0.33042376439996685,,0.8329413986985404,,,,,,,
227,,0.0,,0.6999807899602715,0.4815540785401459,0.9594059531300495,,0.7170984290730228,0.8875759553587785,0.3309595966696501,,0.8347191852521536,,,,,,,
228,,0.0,,0.7023878540375476,0.48432490369708836,0.9597390983509164,,0.7174154754165191,0.8890221909791834,0.33122854655928635,,0.8356703899294381,,,,,,,
229,,0.0,,0.7048114314420894,0.4861229630264172,0.9600724723152668,,0.7162909561387393,0.8912003358775232,0.32861375839572626,,0.8366237268525194,,,,,,,
230,,0.0,,0.7082325073082654,0.4871276364462943,0.9604060752587704,,0.7161033468108932,0.8893890372215235,0.32978294101698935,,0.8362934758023246,,,,,,,
231,,0.0,,0.7111912454641068,0.487493512665283,0.9595030180562518,,0.715352367358605,0.89328604353787,0.32813942325274487,,0.835963039573462,,,,,,,
232,,0.0,,0.7141746629192117,0.489525207660792,0.9598368266698266,,0.714127399840019,0.8947561732169939,0.32722741168489405,,0.8359170371997303,,,,,,,
233,,0.0,,0.7166261982958779,0.4924192646858444,0.9477689832877942,,0.7134631643436906,0.8929368629623811,0.3274977805243042,,0.8377103384002123,,,,,,,
234,,0.0,,0.7201015028353885,0.4955299188962286,0.9491050771129714,,0.7094802848394927,0.8911115899559281,0.32803984596373686,,0.8297165655031367,,,,,,,
235,,0.0,,0.7226433874558167,0.49719924113352315,0.9485498782442361,,0.7092052863020436,0.8892803248353236,0.3271250414808249,,0.8301947883888994,,,,,,,
236,,0.0,,0.7249463870141497,0.4984585959415398,0.9476232559340196,,0.7090148942142346,0.8874430380451545,0.3278489568993912,,0.8306735531185747,,,,,,,
237,,0.0,,0.7280398526595909,0.4993016986229554,0.9466950163848556,,0.7053868703832399,0.8889156505647271,0.3248739874455876,,0.8303380135850624,,,,,,,
238,,0.0,,0.7303772335261143,0.5009964471648292,0.9470295395949685,,0.703469278965885,0.8903931213874398,0.32514591439688717,,0.819670312270955,,,,,,,
239,,0.0,,0.7324674691460552,0.5024887714214085,0.947364296506303,,0.7027732029921129,0.8919349924050445,0.322850538609123,,0.8072409367756189,,,,,,,
240,,0.0,,0.7359653716883208,0.5057165910544104,0.9349569694730862,,0.7026859636511746,0.8941666454788079,0.3232148959471314,,0.8090259679580355,,,,,,,
241,,0.0,,0.7388893934378905,0.5085142151574749,0.9352914821719354,,0.6976551611762619,0.8939911511015722,0.3132221166060838,,0.8086767753719939,,,,,,,
242,,0.0,,0.7437243165105349,0.5113669240796849,0.9356262314570898,,0.6965608553723543,0.8949880166505487,0.3142982655127958,,0.8094571007951693,,,,,,,
243,,0.0,,0.7461654502958703,0.5131383243039567,0.9359612175796291,,0.6846964702379676,0.8965448010727932,0.3243229164767539,,0.8094018363188297,,,,,,,
244,,0.0,,0.7494451930876034,0.5154274806759686,0.9362964407909884,,0.6849064841838093,0.8953133961550538,0.32518691406997685,,0.810359265451115,,,,,,,
245,,0.0,,0.7519238782187058,0.5163287247207999,0.9364641413836462,,0.68434870922275,0.8945796764455864,0.3275133207107897,,0.8110787981376579,,,,,,,
246,,0.0,,0.7552542673413982,0.5176864877122693,0.9366319013429586,,0.6846644259393782,0.8968384632435741,0.3292740392094049,,0.8109038404449354,,,,,,,
247,,0.0,,0.757771376994987,0.5185956183725949,0.9369675994876875,,0.684474637793522,0.897341954160145,0.3332822866891592,,0.8107288318900064,,,,,,,
248,,0.0,,0.7597406948918227,0.5211121938777974,0.9378078859757744,,0.6845799748356763,0.8980413842041383,0.33450365006313143,,0.8105537724506886,,,,,,,
249,,0.0,,0.7631404578918844,0.522957753189558,0.9324543268572008,,,0.8982938868849966,0.33470807204947894,,0.8106187212738327,,,,,,,
250,,0.0,,0.7648517128007403,0.5238854206792306,0.9327906297576809,,,0.8995023473849466,0.3322861121143652,,0.8050956720744156,,,,,,,
251,,0.0,,0.7682972242264017,0.5248163697789515,0.9331271724182824,,,0.9000094417905604,0.3347498991123419,,0.8024416775128422,,,,,,,
252,,0.0,,0.7724064386007079,0.5266881827076876,0.9336087577356005,,,0.898148489854904,0.33506805416551777,,0.8020869315232991,,,,,,,
253,,0.0,,0.7756198478731563,0.5276290817970104,0.9339460127979738,,,0.8962812691860966,0.3348898752356791,,0.7992414730107144,,,,,,,
254,,0.0,,0.7785642936768168,0.5290467212832313,0.934283508685598,,,0.8978048178234115,0.3349943503944812,,0.7985280209451262,,,,,,,
255,,0.0,,0.7797483076389397,0.5300518972176468,0.9346212456565155,,,0.9000998042864348,0.339457343691483,,0.7953070960726786,,,,,,,
256,,0.0,,0.7809359091162513,0.5310064154553711,0.9349592239691384,,,0.900299294608887,0.33978007751697115,,0.7922494095709198,,,,,,,
257,,0.0,,0.7840848909501961,0.5340687372447238,0.9352974438822477,,,0.900555284954441,0.3371792960828136,,0.7921881142207352,,,,,,,
258,,0.0,,0.7861866311054366,0.5360069399106342,0.9361440523687413,,,0.902149590604338,0.3359256548815641,,0.7920077105110358,,,,,,,
259,,0.0,,0.7879970637589301,0.5369813021574065,0.9363135558178606,,,0.9008997969595752,0.3324528265518585,,0.791827253558782,,,,,,,
260,,0.0,,0.7904239157012903,0.5380303590164067,0.9366527447281386,,,0.9022406946214768,0.3305434815417936,,0.7880253166588127,,,,,,,
261,,0.0,,0.7954801121424615,0.5412394226831702,0.9369921765383737,,,0.9053392664918855,0.33485651310472175,,0.7807177533025035,,,,,,,
262,,0.0,,0.7985707389171882,0.5427334170619548,0.9378418204650829,,,0.9055984346229171,0.3363818463294303,,0.7823148702475177,,,,,,,
263,,0.0,,0.8010604950370628,0.545659811211927,0.9386929882374202,,,0.9087199794809506,0.338930660087018,,0.7823689045674215,,,,,,,
264,,0.0,,0.8029379712426739,0.5471756716399299,0.9258439992694334,,,0.9085635597911184,0.33731395512421647,,0.7830838769625281,,,,,,,
265,,0.0,,0.8054549345038549,0.5484453083577643,0.9272067393871789,,,0.9060486087652,0.33633509168035375,,0.7840391706168175,,,,,,,
266,,0.0,,0.8105140000513399,0.550232686187181,0.9222579386271618,,,0.9058869650231374,0.3363780609196044,,0.783854955332247,,,,,,,
267,,0.0,,0.8130735468995687,0.5512592620260538,0.9224284350676772,,,0.9039896370640385,0.33483865875106383,,0.7794171867321753,,,,,,,
268,,0.0,,0.8143593610304954,0.5542583660590742,0.9234527229065015,,,0.9044032546972239,0.33629796146372054,,,,,,,,,
269,,0.0,,0.8156492276840978,0.5548825062413535,0.918457599288107,,,0.9005837360525493,0.3399442748116158,,,,,,,,,
270,,0.0,,0.8188917503304638,0.556711968526986,0.9187992631809172,,,0.9004112057801653,0.34133189076006604,,,,,,,,,
271,,0.0,,0.8208496051280612,0.5574997056783552,0.9096909540793474,,,0.8984878664379188,0.3360625878965879,,,,,,,,,
272,,0.0,,0.8234746137050881,0.5615013104747735,0.9110580363166939,,,0.9016463189157607,0.3374461683259355,,,,,,,,,
273,,0.0,,0.8267794589504276,0.5625666260905979,0.9059306624603155,,,0.9032338245523752,0.33773351408277574,,,,,,,,,
274,,0.0,,0.8301108033896488,0.5639039439061608,0.9061016750273475,,,0.9019466648818377,0.3394960231912609,,,,,,,,,
275,,0.0,,0.8314508324469428,0.5660568699430066,0.9069576952624326,,,0.8970929559186626,0.3406811750743969,,,,,,,,,
276,,0.0,,0.8341438465757879,0.5671394827333706,0.9071290910396114,,,0.8921964119260374,0.34000674451144725,,,,,,,,,
277,,0.0,,0.8354968734696238,0.5682262266608771,0.9073005508103607,,,0.8953810624842816,0.3409608908956527,,,,,,,,,
278,,0.0,,0.836854275023294,0.5720570670488686,0.9079870305463926,,,0.8964476327840449,0.33934707225612426,,,,,,,,,
279,,0.0,,0.8409529408421327,0.5743969276456437,0.9075746194766082,,,0.8967146695265817,0.34170251431728177,,,,,,,,,
280,,0.0,,0.8443991372303106,0.575783912841178,0.893789933898703,,,0.8999314704971094,0.33989967658107295,,,,,,,,,
281,,0.0,,0.845785498279559,0.5792656855356466,0.8948187319707132,,,0.8979575392364089,0.34014098637007784,,,,,,,,,
282,,0.0,,0.8482225617769018,0.5806738577169485,0.8956778519537142,,,0.8982265334332795,0.34288969674473363,,,,,,,,,
283,,0.0,,0.851024946582976,0.58322582319908,0.8958498714768095,,,0.8962454396368651,0.3443620504074958,,,,,,,,,
284,,0.0,,0.8524330604522049,0.5843672138733894,0.896538602561217,,,0.8949207719028917,0.3421552542225642,,,,,,,,,
285,,0.0,,0.8552632454660832,0.5855130620308328,0.886935127730701,,,0.8965370083847822,0.34472618179282744,,,,,,,,,
286,,0.0,,0.8566853628020468,0.5875291009337662,0.8815280245117143,,,0.897077042223345,0.34331815082011063,,,,,,,,,
287,,0.0,,0.8581121944067734,0.5892681706362044,0.8782587280345917,,,,0.3443150524784371,,,,,,,,,
288,,0.0,,0.860261332473777,0.5931793471615899,0.8789457085187716,,,,0.3374067756411415,,,,,,,,,
289,,0.0,,0.8607485199686623,0.5950541517449134,0.8796337508671289,,,,0.3340197582653197,,,,,,,,,
290,,0.0,,0.8621916540618138,0.5997163553641804,0.8803228575435493,,,,0.33280473666689897,,,,,,,,,
291,,0.0,,0.8636396120713175,0.6027219292109924,0.8806678107768328,,,,0.3284006221569879,,,,,,,,,
292,,0.0,,0.8650924182247831,0.6039325764881217,0.8797922944046919,,,,0.32729143150352596,,,,,,,,,
293,,0.0,,0.8687458047020917,0.6051480772904735,0.880137442963359,,,,0.3265441951800541,,,,,,,,,
294,,0.0,,0.8702157725104831,0.6063684608635871,0.8654918539206288,,,,0.32776470751389974,,,,,,,,,
295,,0.0,,0.8716906995180074,0.6072869705874658,0.8661804075037631,,,,0.32813262267672366,,,,,,,,,
296,,0.0,,0.8731706108631859,0.6085159700909791,0.8665250899905861,,,,0.3291177353388578,,,,,,,,,
297,,0.0,,0.8746555318547332,0.6109054947506304,0.8668700433660317,,,,0.3289900110251428,,,,,,,,,
298,,0.0,,0.8768923622145509,0.6144220304455702,0.863487197711444,,,,0.33023149581767586,,,,,,,,,
299,,0.0,,0.8798925757287367,0.6175765816680852,0.8638321093775426,,,,0.33060575039238965,,,,,,,,,
300,,0.0,,0.880645824496851,0.619484846534511,0.8641772931280856,,,,0.3293545549672512,,,,,,,,,
301,,0.0,,0.8840513896552501,0.6201235477748964,0.8645227492851516,,,,0.3312328437983802,,,,,,,,,
302,,0.0,,0.8894013570987657,0.6220475468763211,0.8648684781713282,,,,0.33135881673439077,,,,,,,,,
303,,0.0,,0.8912339202709557,0.624371622097821,0.8650414449887808,,,,0.3328779181043093,,,,,,,,,
304,,0.0,,0.8927821704326933,0.6263187786347107,,,,,0.33351495087626737,,,,,,,,,
305,,0.0,,0.8966763224233245,0.6276236176681755,,,,,0.3322493677501846,,,,,,,,,
306,,0.0,,0.8995099328113886,0.6309095324722203,,,,,0.3309818651097508,,,,,,,,,
307,,0.0,,0.901085433480297,0.6311857471364476,,,,,0.3289373005259648,,,,,,,,,
308,,0.0,,0.9050483249567719,0.6327938221321359,,,,,0.3302128664936202,,,,,,,,,
309,,0.0,,0.90784305703731,0.6358084278180982,,,,,0.32892823219424205,,,,,,,,,
310,,0.0,,0.9094477742851435,0.6371574561506206,,,,,0.32931162678374454,,,,,,,,,
311,,0.0,,0.9115396268150306,0.639872693389295,,,,,0.3277543942921591,,,,,,,,,
312,,0.0,,0.9136370150580408,0.6436440073186735,,,,,0.3269703548756685,,,,,,,,,
313,,0.0,,0.9177029119034651,0.6443344638090146,,,,,0.32761124847077083,,,,,,,,,
314,,0.0,,0.9189297150727054,0.6464147161603228,,,,,0.3281257551522343,,,,,,,,,
315,,0.0,,0.920570540917484,0.6506647833760316,,,,,0.3311154647373281,,,,,,,,,
316,,0.0,,0.9222172104226565,0.6527789958919343,,,,,0.3323033670334369,,,,,,,,,
317,,0.0,,0.9238697548614534,0.6563332661133435,,,,,0.3349531597339298,,,,,,,,,
318,,0.0,,0.9263596559810217,0.6577657945243662,,,,,0.3360275076763676,,,,,,,,,
319,,0.0,,0.927192594752595,0.6602877676852158,,,,,0.3281848642154005,,,,,,,,,
320,,0.0,,0.9301196604497761,0.6624648447234451,,,,,0.32169467689243725,,,,,,,,,
321,,0.0,,0.9309593472852687,0.6639241931458505,,,,,0.3203395247277798,,,,,,,,,
322,,0.0,,0.9347566920596485,0.6653899616006269,,,,,0.31898218709695886,,,,,,,,,
323,,0.0,,0.9368796844064404,0.6668621925461172,,,,,0.3175904212166734,,,,,,,,,
324,,0.0,,0.9373054354760395,0.6698262136228648,,,,,0.3179806914620782,,,,,,,,,
325,,0.0,,0.9394399825710105,0.6705713253366228,,,,,0.3181109923612938,,,,,,,,,
326,,0.0,,0.9394399825710105,0.6716920949654888,,,,,0.31941983184895334,,,,,,,,,
327,,0.0,,0.9402965140379584,0.6765922114841855,,,,,0.31981456265787056,,,,,,,,,
328,,0.0,,0.9411546019160669,0.67773314078977,,,,,0.3193917285551251,,,,,,,,,
329,,0.0,,0.9433066588133328,0.6796432335503856,,,,,0.31483081298217214,,,,,,,,,
330,,0.0,,0.9459020966229361,0.6811790492268789,,,,,0.31496121130800875,,,,,,,,,
331,,0.0,,0.9463360526874318,0.6842715229383185,,,,,0.31752548727606955,,,,,,,,,
332,,0.0,,0.9467704053669453,0.6870004796534647,,,,,0.3161396192611659,,,,,,,,,
333,,0.0,,0.9476403027479385,0.6901044713500154,,,,,0.3164987921869294,,,,,,,,,
334,,0.0,,0.9498220251639868,0.693273155152219,,,,,0.315105783046499,,,,,,,,,
335,,0.0,,0.9506975172444351,0.6952683491769005,,,,,0.31550103804152346,,,,,,,,,
336,,0.0,,0.95201377250177,0.6968727627756887,,,,,0.31655985961990074,,,,,,,,,
337,,0.0,,0.9524533310431899,0.6984845721431795,,,,,0.3151593848278554,,,,,,,,,
338,,0.0,,0.9533336616505421,0.7001038285352527,,,,,0.3150805624815075,,,,,,,,,
339,,0.0,,0.9537744348337469,0.7017305836825185,,,,,0.3139358337151769,,,,,,,,,
340,,0.0,,0.9555415931796918,0.7029556024909394,,,,,0.3143344157200037,,,,,,,,,
341,,0.0,,0.9573152835568917,0.7045956063841918,,,,,0.3148674173341023,,,,,,,,,
342,,0.0,,0.9582045895854885,0.7070699605186875,,,,,0.3121644444990764,,,,,,,,,
343,,0.0,,0.9590955422493914,0.7087291737631114,,,,,0.3126958128011618,,,,,,,,,
344,,0.0,,0.9599881461261928,0.7099786852498704,,,,,0.31363002275227725,,,,,,,,,
345,,0.0,,0.9604350687045696,0.711232595151029,,,,,0.3122028287195513,,,,,,,,,
346,,0.0,,0.960882405810468,0.7141756208609448,,,,,0.30608121048192605,,,,,,,,,
347,,0.0,,0.9631253294849299,0.7154443610965276,,,,,0.30463543214086025,,,,,,,,,
348,,0.0,,0.9635751659102998,0.7175689409413779,,,,,0.30199722491729125,,,,,,,,,
349,,0.0,,0.9653787033528911,0.7192776804823617,,,,,0.30225842069852094,,,,,,,,,
350,,0.0,,0.9667357741912416,0.7205645670353038,,,,,0.3025783332287705,,,,,,,,,
351,,0.0,,0.9676426006189458,0.7222875715589187,,,,,0.3011177540618101,,,,,,,,,
352,,0.0,,0.9685511226049688,0.7231521570497719,,,,,0.3019048037928656,,,,,,,,,
353,,0.0,,0.9690060209191261,0.726631226345267,,,,,0.3004386106595563,,,,,,,,,
354,,0.0,,0.9708298769184888,0.7283833019944058,,,,,0.3000972805055398,,,,,,,,,
355,,0.0,,0.9712869096013024,0.7310272618577073,,,,,0.29962367380465044,,,,,,,,,
356,,0.0,,0.9717443709601569,0.732356428660894,,,,,0.3006756260868369,,,,,,,,,
357,,0.0,,0.9726605821207263,0.7362447288001148,,,,,0.3008076334813423,,,,,,,,,
358,,0.0,,0.973119333132645,0.7375906675501223,,,,,0.3020008738649122,,,,,,,,,
359,,0.0,,0.9740381290537942,0.7389415199990973,,,,,0.30253421050705037,,,,,,,,,
360,,0.0,,0.9744981751800663,0.7415194433956226,,,,,0.30280157743131847,,,,,,,,,
361,,0.0,,0.9754195668152046,0.7419732224736305,,,,,0.3074064602007142,,,,,,,,,
362,,0.0,,0.9758809135479989,0.7433378871567463,,,,,0.3085068802721729,,,,,,,,,
363,,0.0,,0.9763426950421511,0.7442504466652384,,,,,0.308783202946784,,,,,,,,,
364,,0.0,,0.9772675647750957,0.7470015740793322,,,,,0.3108176156644583,,,,,,,,,
365,,0.0,,0.9786581454937443,0.7491557768210518,,,,,0.31095816840576374,,,,,,,,,
366,,0.0,,0.9805183945851991,0.7528708572058908,,,,,0.3113805815121734,,,,,,,,,
367,,0.0,,0.9819182093305004,0.754273498433702,,,,,0.3115216380718283,,,,,,,,,
368,,0.0,,0.9823856990987792,0.7552114903168963,,,,,0.31000492560703824,,,,,,,,,
369,,0.0,,0.9833220096941971,0.7570944675270822,,,,,0.3090465424134005,,,,,,,,,
370,,0.0,,0.9837908317852208,0.7575666751376603,,,,,0.30918712038170826,,,,,,,,,
371,,0.0,,0.9842600992497115,0.7589868274082829,,,,,0.3070385205510442,,,,,,,,,
372,,0.0,,0.9856705802395066,0.759936547793238,,,,,0.3069088229313303,,,,,,,,,
373,,0.0,,0.9861416355594356,0.761365578812187,,,,,0.3081001308488846,,,,,,,,,
374,,0.0,,0.986613139439676,0.7623212461118515,,,,,0.30656173608975085,,,,,,,,,
375,,0.0,,0.987557495446371,0.7661679497948243,,,,,0.3051607650304133,,,,,,,,,
376,,0.0,,0.9894516184701717,0.7671356797277361,,,,,0.301073839572796,,,,,,,,,
377,,0.0,,0.9904013958319006,0.7690784685973823,,,,,0.30163108342647565,,,,,,,,,
378,,0.0,,0.9918294713104954,0.7700535460593203,,,,,0.3017707129899341,,,,,,,,,
379,,0.0,,0.9923064082651817,0.7715207922686154,,,,,0.3003516085665082,,,,,,,,,
380,,0.0,,0.9932616538006427,0.7729936226918921,,,,,0.3022517286985587,,,,,,,,,
381,,0.0,,0.9937399636969374,0.7739786277448362,,,,,0.30245458767821587,,,,,,,,,
382,,0.0,,0.9961384108882805,0.7754608362903838,,,,,0.30373039956004566,,,,,,,,,
383,,0.0,,0.9971010210867296,0.7759561641858227,,,,,0.3040153589395685,,,,,,,,,
384,,0.0,,0.9975830212787187,0.7764521232758267,,,,,0.30243819883852635,,,,,,,,,
385,,0.0,,0.9980654857586174,0.7769487147676584,,,,,0.30272248735710716,,,,,,,,,
386,,0.0,,0.9985484151975886,0.7794412007246294,,,,,0.30300730446529245,,,,,,,,,
387,,0.0,,0.9990318102680896,0.7799416121531555,,,,,0.30443937068977106,,,,,,,,,
388,,0.0,,0.999515671643875,0.7804426645211622,,,,,0.3045833133183301,,,,,,,,,
389,,0.0,,0.9980598792799792,0.7847514213272657,,,,,0.30516043142160443,,,,,,,,,
390,,0.0,,,0.7857648788341839,,,,,0.30603017221884404,,,,,,,,,
391,,0.0,,,0.7862725867777159,,,,,0.30646688243139203,,,,,,,,,
392,,0.0,,,0.7867809491976362,,,,,0.30479605450955044,,,,,,,,,
393,,0.0,,,0.7883099759953351,,,,,0.3049416604643533,,,,,,,,,
394,,0.0,,,0.7908715623551701,,,,,0.30486790825121063,,,,,,,,,
395,,0.0,,,0.7913858724417302,,,,,0.3060407788464976,,,,,,,,,
396,,0.0,,,0.7929328116308976,,,,,0.3055276500460853,,,,,,,,,
397,,0.0,,,0.7944857916102842,,,,,0.3059696774378294,,,,,,,,,
398,,0.0,,,0.7976100160301213,,,,,0.3065610172079005,,,,,,,,,
399,,0.0,,,0.7991813322134391,,,,,0.30700600653594456,,,,,,,,,
400,,0.0,,,0.8002323097953684,,,,,0.3098250006122401,,,,,,,,,
401,,0.0,,,0.8007588326782028,,,,,0.31027661572113385,,,,,,,,,
402,,0.0,,,0.8018139534197047,,,,,0.31057841609867526,,,,,,,,,
403,,0.0,,,0.8049960139664686,,,,,0.3170121372133337,,,,,,,,,
404,,0.0,,,0.806596505312596,,,,,0.31697099626995695,,,,,,,,,
405,,0.0,,,0.8076670291457047,,,,,0.3176051495686111,,,,,,,,,
406,,0.0,,,0.8082033541490644,,,,,0.31808241328579573,,,,,,,,,
407,,0.0,,,0.808740389755007,,,,,0.3167289312998964,,,,,,,,,
408,,0.0,,,0.8108956665249897,,,,,0.3166011641175846,,,,,,,,,
409,,0.0,,,0.8136059217464399,,,,,0.3170829004030151,,,,,,,,,
410,,0.0,,,0.8152407622123334,,,,,0.3153898229319943,,,,,,,,,
411,,0.0,,,0.8157871656308237,,,,,0.3148619033437946,,,,,,,,,
412,,0.0,,,0.8163342997825529,,,,,0.3151824417259914,,,,,,,,,
413,,0.0,,,0.8168821661343727,,,,,0.31614793963976556,,,,,,,,,
414,,0.0,,,0.8196325325103649,,,,,0.31630942476902485,,,,,,,,,
415,,0.0,,,0.8229574446888965,,,,,0.31760720091924716,,,,,,,,,
416,,0.0,,,0.8240717335416242,,,,,0.3148769807647848,,,,,,,,,
417,,0.0,,,0.8246300069383188,,,,,0.31503872252224036,,,,,,,,,
418,,0.0,,,0.8268706626766735,,,,,0.315200628626465,,,,,,,,,
419,,0.0,,,0.8285591378494364,,,,,0.3158499015310679,,,,,,,,,
420,,0.0,,,0.8302545024445437,,,,,0.3161755306043278,,,,,,,,,
421,,0.0,,,0.8308211622518961,,,,,0.3144538895161295,,,,,,,,,
422,,0.0,,,0.8313885938158722,,,,,0.3123491565598529,,,,,,,,,
423,,0.0,,,0.8330955348461104,,,,,0.31299724191932504,,,,,,,,,
424,,0.0,,,0.834237383355661,,,,,0.3126166583012049,,,,,,,,,
425,,0.0,,,0.8348094787422875,,,,,0.3131048861433777,,,,,,,,,
426,,0.0,,,0.8353823570203492,,,,,0.31474325551841514,,,,,,,,,
427,,0.0,,,0.8365304686877352,,,,,0.3152380765133891,,,,,,,,,
428,,0.0,,,0.8371057053065715,,,,,0.31469293787372493,,,,,,,,,
429,,0.0,,,0.8376817312758974,,,,,0.3151892232843777,,,,,,,,,
430,,0.0,,,0.8388361577739178,,,,,0.31552094080115883,,,,,,,,,
431,,0.0,,,0.8405737584416066,,,,,0.31337781218736066,,,,,,,,,
432,,0.0,,,0.8411545548138113,,,,,0.3116118776294619,,,,,,,,,
433,,0.0,,,0.8423185516932805,,,,,0.31210670253028167,,,,,,,,,
434,,0.0,,,0.8429017555200421,,,,,0.31243744968349935,,,,,,,,,
435,,0.0,,,0.8434857651587975,,,,,0.311716469181021,,,,,,,,,
436,,0.0,,,0.845242645682552,,,,,0.3122132777775527,,,,,,,,,
437,,0.0,,,0.8470068389571906,,,,,0.3104349790810507,,,,,,,,,
438,,0.0,,,0.8481870530244894,,,,,0.3109310713987836,,,,,,,,,
439,,0.0,,,0.849370551180478,,,,,0.31109678395168017,,,,,,,,,
440,,0.0,,,0.851151986128756,,,,,0.31142873338171145,,,,,,,,,
441,,0.0,,,0.8529408878307481,,,,,0.3096420962540925,,,,,,,,,
442,,0.0,,,0.8547373033295674,,,,,0.3099732098870262,,,,,,,,,
443,,0.0,,,0.8565412800643428,,,,,0.3081812521209021,,,,,,,,,
444,,0.0,,,0.8583528658743944,,,,,0.3095065342536638,,,,,,,,,
445,,0.0,,,0.8607802334034741,,,,,0.30672491664841756,,,,,,,,,
446,,0.0,,,0.862609762044072,,,,,0.3070566282762849,,,,,,,,,
447,,0.0,,,0.8656762708987863,,,,,0.3063152342871781,,,,,,,,,
448,,0.0,,,0.867526633980768,,,,,0.3068134762138271,,,,,,,,,
449,,0.0,,,0.870006089804802,,,,,0.3074802958355229,,,,,,,,,
450,,0.0,,,0.8706281636246683,,,,,0.3078147809892586,,,,,,,,,
451,,0.0,,,0.8724997190751984,,,,,0.30615635272268443,,,,,,,,,
452,,0.0,,,0.8743793156175055,,,,,0.3064903121063588,,,,,,,,,
453,,0.0,,,0.8762670051856848,,,,,0.3071603955772356,,,,,,,,,
454,,0.0,,,0.8781628401620241,,,,,0.30732836913099165,,,,,,,,,
455,,0.0,,,0.880703382151573,,,,,0.3074965243466534,,,,,,,,,
456,,0.0,,,0.8819791581384335,,,,,0.3069148905883595,,,,,,,,,
457,,0.0,,,0.8826184293432254,,,,,0.30708318623783537,,,,,,,,,
458,,0.0,,,0.8845417998502978,,,,,0.3066680522742459,,,,,,,,,
459,,0.0,,,0.8864735480540533,,,,,0.30625111072656813,,,,,,,,,
460,,0.0,,,0.8871193352998604,,,,,0.306419869743486,,,,,,,,,
461,,0.0,,,0.8884137288105303,,,,,0.30440139566926117,,,,,,,,,
462,,0.0,,,0.8903623974557345,,,,,0.3050742345639003,,,,,,,,,
463,,0.0,,,0.8910138495023324,,,,,0.3054117574487273,,,,,,,,,
464,,0.0,,,0.8916662529255212,,,,,0.3037212312837093,,,,,,,,,
465,,0.0,,,0.8923196098109005,,,,,0.30405819593090017,,,,,,,,,
466,,0.0,,,0.8929739222501708,,,,,0.3021928785319201,,,,,,,,,
467,,0.0,,,0.8949426139003063,,,,,0.30125868357906477,,,,,,,,,
468,,0.0,,,0.8969199814270237,,,,,0.29938721272241653,,,,,,,,,
469,,0.0,,,0.8975810418282917,,,,,0.2997207055765825,,,,,,,,,
470,,0.0,,,0.8995700666877702,,,,,0.2992829202561232,,,,,,,,,
471,,0.0,,,0.9002350300393424,,,,,0.29961740266120895,,,,,,,,,
472,,0.0,,,0.9015679023306331,,,,,0.2986761085367719,,,,,,,,,
473,,0.0,,,0.9022358156229224,,,,,0.2996814308630539,,,,,,,,,
474,,0.0,,,0.9042454903371543,,,,,0.30001802577206466,,,,,,,,,
475,,0.0,,,0.9069389868522953,,,,,0.2984610385720344,,,,,,,,,
476,,0.0,,,0.9089696346757351,,,,,0.2975122926041856,,,,,,,,,
477,,0.0,,,0.9096485340757005,,,,,0.2956116299002283,,,,,,,,,
478,,0.0,,,0.9103284456302246,,,,,0.2974004391678827,,,,,,,,,
479,,0.0,,,0.9110093716044911,,,,,0.2998765314351604,,,,,,,,,
480,,0.0,,,0.9116913142704475,,,,,0.30021731356704734,,,,,,,,,
481,,0.0,,,0.912374275906831,,,,,0.29943073093529976,,,,,,,,,
482,,0.0,,,0.9137432652399287,,,,,0.3010726262643374,,,,,,,,,
483,,0.0,,,0.914429297528294,,,,,0.3012442669461083,,,,,,,,,
484,,0.0,,,0.9151163579704407,,,,,0.3026243850664329,,,,,,,,,
485,,0.0,,,0.9158044488794365,,,,,0.30314515613238413,,,,,,,,,
486,,0.0,,,0.9171837313849919,,,,,0.30252804118185256,,,,,,,,,
487,,0.0,,,0.91787492764251,,,,,0.30374971583794885,,,,,,,,,
488,,0.0,,,0.919954764547243,,,,,0.3018095315308056,,,,,,,,,
489,,0.0,,,0.9206501340766503,,,,,0.30250838324258406,,,,,,,,,
490,,0.0,,,0.9213465528296254,,,,,0.30285900966929163,,,,,,,,,
491,,0.0,,,0.9220440231826773,,,,,0.3020596729139389,,,,,,,,,
492,,0.0,,,0.9227425475194974,,,,,0.3022350304279716,,,,,,,,,
493,,0.0,,,0.9234421282309867,,,,,0.30178440153117037,,,,,,,,,
494,,0.0,,,0.9241427677152835,,,,,0.30098060695056045,,,,,,,,,
495,,0.0,,,0.9248444683777901,,,,,0.3013316951641393,,,,,,,,,
496,,0.0,,,0.9269559615981388,,,,,0.30311484436278335,,,,,,,,,
497,,0.0,,,0.9276619311737632,,,,,0.30213601090601405,,,,,,,,,
498,,0.0,,,0.9283689740645433,,,,,0.29982520299510684,,,,,,,,,
499,,0.0,,,0.9290770927200502,,,,,0.2999999805585927,,,,,,,,,
500,,0.0,,,0.9297862895973149,,,,,0.29820938262039837,,,,,,,,,
501,,0.0,,,0.9304965671608563,,,,,0.29873273197480954,,,,,,,,,
502,,0.0,,,0.9312079278827099,,,,,0.2990826409173641,,,,,,,,,
503,,0.0,,,0.9319203742424571,,,,,0.2982705944261974,,,,,,,,,
504,,0.0,,,0.934064252058656,,,,,0.29844558525400183,,,,,,,,,
505,,0.0,,,0.9347810659177056,,,,,0.2994998049958917,,,,,,,,,
506,,0.0,,,0.9362179906112439,,,,,0.29886013789373705,,,,,,,,,
507,,0.0,,,0.9369381065044081,,,,,0.296871242026239,,,,,,,,,
508,,0.0,,,0.9376593281472321,,,,,0.2948777000161316,,,,,,,,,
509,,0.0,,,0.939105098884906,,,,,0.2952267835455366,,,,,,,,,
510,,0.0,,,0.9398296531009079,,,,,0.29322664837599943,,,,,,,,,
511,,0.0,,,0.9405553233089344,,,,,0.2934005297838387,,,,,,,,,
512,,0.0,,,0.9412821120893267,,,,,0.29409809711719864,,,,,,,,,
513,,0.0,,,0.9427390557284089,,,,,0.2937927403267308,,,,,,,,,
514,,0.0,,,0.9434692157877093,,,,,0.2924750284927027,,,,,,,,,
515,,0.0,,,0.9449329254477102,,,,,0.29251391143943223,,,,,,,,,
516,,0.0,,,0.9464011720065555,,,,,0.29167331656227513,,,,,,,,,
517,,0.0,,,0.9471370032199644,,,,,0.28963683414087943,,,,,,,,,
518,,0.0,,,0.9486120947803282,,,,,0.2886167749654234,,,,,,,,,
519,,0.0,,,0.9493513604582596,,,,,0.28657300985280587,,,,,,,,,
520,,0.0,,,0.9500917763024987,,,,,0.286919265401363,,,,,,,,,
521,,0.0,,,0.9508333449993175,,,,,0.2882908667240039,,,,,,,,,
522,,0.0,,,0.9515760692433596,,,,,0.28863979632033515,,,,,,,,,
523,,0.0,,,0.9530649951937428,,,,,0.28555950688775367,,,,,,,,,
524,,0.0,,,0.9538112023315246,,,,,0.28607987020362335,,,,,,,,,
525,,0.0,,,0.9553071185745948,,,,,0.2864278206624754,,,,,,,,,
526,,0.0,,,0.9560568331624433,,,,,0.28677660789341286,,,,,,,,,
527,,0.0,,,0.9568077223971907,,,,,0.2857437824848338,,,,,,,,,
528,,0.0,,,0.9583130358672759,,,,,0.28367439923517,,,,,,,,,
529,,0.0,,,0.9598230811915527,,,,,0.2840209173291092,,,,,,,,,
530,,0.0,,,0.9613378807165535,,,,,0.2819444560904081,,,,,,,,,
531,,0.0,,,0.9620970703261227,,,,,0.2798629740864283,,,,,,,,,
532,,0.0,,,0.9643818324606335,,,,,0.27777645308524035,,,,,,,,,
533,,0.0,,,0.9651458270810548,,,,,0.2781175032307936,,,,,,,,,
534,,0.0,,,0.965911030081903,,,,,0.2788020894632443,,,,,,,,,
535,,0.0,,,0.9666774443323192,,,,,0.2796625146328364,,,,,,,,,
536,,0.0,,,0.9674450727105347,,,,,0.2801812906674805,,,,,,,,,
537,,0.0,,,0.9689839834089586,,,,,0.28035463847737885,,,,,,,,,
538,,0.0,,,0.9697552715314072,,,,,0.280701970119772,,,,,,,,,
539,,0.0,,,0.9705277853862084,,,,,0.2813991884117881,,,,,,,,,
540,,0.0,,,0.9713015278975897,,,,,0.282803933166506,,,,,,,,,
541,,0.0,,,0.9736301567533483,,,,,0.2817431932351862,,,,,,,,,
542,,0.0,,,0.9751887733048794,,,,,,,,,,,,,,
543,,0.0,,,0.9767523754609082,,,,,,,,,,,,,,
544,,0.0,,,0.9775360536220471,,,,,,,,,,,,,,
545,,0.0,,,0.9791071791574107,,,,,,,,,,,,,,
546,,0.0,,,0.9798946325793412,,,,,,,,,,,,,,
547,,0.0,,,0.9806833504854267,,,,,,,,,,,,,,
548,,0.0,,,0.9814733359238572,,,,,,,,,,,,,,
549,,0.0,,,0.9822645919526276,,,,,,,,,,,,,,
550,,0.0,,,0.9830571216395777,,,,,,,,,,,,,,
551,,0.0,,,0.9838509280624315,,,,,,,,,,,,,,
552,,0.0,,,0.9846460143088371,,,,,,,,,,,,,,
553,,0.0,,,0.9854423834764074,,,,,,,,,,,,,,
554,,0.0,,,0.9870389830155538,,,,,,,,,,,,,,
555,,0.0,,,0.9878392196325391,,,,,,,,,,,,,,
556,,0.0,,,0.9886407516615886,,,,,,,,,,,,,,
557,,0.0,,,0.9902477145582521,,,,,,,,,,,,,,
558,,0.0,,,0.991053151752615,,,,,,,,,,,,,,
559,,0.0,,,0.9918598970126229,,,,,,,,,,,,,,
560,,0.0,,,0.9926679535274002,,,,,,,,,,,,,,
561,,0.0,,,0.9934773244964465,,,,,,,,,,,,,,
562,,0.0,,,0.9942880131296794,,,,,,,,,,,,,,
563,,0.0,,,0.9951000226474762,,,,,,,,,,,,,,
564,,0.0,,,0.9959133562807173,,,,,,,,,,,,,,
565,,0.0,,,0.9942693540295889,,,,,,,,,,,,,,
566,,0.0,,,0.9950840030210499,,,,,,,,,,,,,,
567,,0.0,,,0.9958999847786422,,,,,,,,,,,,,,
568,,0.0,,,0.9967173025756524,,,,,,,,,,,,,,
569,,0.0,,,0.9934130349510696,,,,,,,,,,,,,,
570,,0.0,,,,,,,,,,,,,,,,,
571,,0.0,,,,,,,,,,,,,,,,,
572,,0.0,,,,,,,,,,,,,,,,,
573,,0.0,,,,,,,,,,,,,,,,,
574,,0.0,,,,,,,,,,,,,,,,,
575,,0.0,,,,,,,,,,,,,,,,,
576,,0.0,,,,,,,,,,,,,,,,,
577,,0.0,,,,,,,,,,,,,,,,,
578,,0.0,,,,,,,,,,,,,,,,,
579,,0.0,,,,,,,,,,,,,,,,,
580,,0.0,,,,,,,,,,,,,,,,,
581,,0.0,,,,,,,,,,,,,,,,,
582,,0.0,,,,,,,,,,,,,,,,,
583,,0.0,,,,,,,,,,,,,,,,,
584,,0.0,,,,,,,,,,,,,,,,,
585,,0.0,,,,,,,,,,,,,,,,,
586,,0.0,,,,,,,,,,,,,,,,,
587,,0.0,,,,,,,,,,,,,,,,,
588,,0.0,,,,,,,,,,,,,,,,,
589,,0.0,,,,,,,,,,,,,,,,,
590,,0.0,,,,,,,,,,,,,,,,,
591,,0.0,,,,,,,,,,,,,,,,,
592,,0.0,,,,,,,,,,,,,,,,,
593,,0.0,,,,,,,,,,,,,,,,,
594,,0.0,,,,,,,,,,,,,,,,,
595,,0.0,,,,,,,,,,,,,,,,,
596,,0.0,,,,,,,,,,,,,,,,,
597,,0.0,,,,,,,,,,,,,,,,,
598,,0.0,,,,,,,,,,,,,,,,,
599,,0.0,,,,,,,,,,,,,,,,,
600,,0.0,,,,,,,,,,,,,,,,,
601,,0.0,,,,,,,,,,,,,,,,,
602,,0.0,,,,,,,,,,,,,,,,,
603,,0.0,,,,,,,,,,,,,,,,,
604,,0.0,,,,,,,,,,,,,,,,,
605,,0.0,,,,,,,,,,,,,,,,,
606,,0.0,,,,,,,,,,,,,,,,,
607,,0.0,,,,,,,,,,,,,,,,,
608,,0.0,,,,,,,,,,,,,,,,,
609,,0.0,,,,,,,,,,,,,,,,,
610,,0.0,,,,,,,,,,,,,,,,,
611,,0.0,,,,,,,,,,,,,,,,,
612,,0.0,,,,,,,,,,,,,,,,,
613,,0.0,,,,,,,,,,,,,,,,,
614,,0.0,,,,,,,,,,,,,,,,,
615,,0.0,,,,,,,,,,,,,,,,,
616,,0.0,,,,,,,,,,,,,,,,,
617,,0.0,,,,,,,,,,,,,,,,,
618,,0.0,,,,,,,,,,,,,,,,,
619,,0.0,,,,,,,,,,,,,,,,,
620,,0.0,,,,,,,,,,,,,,,,,
621,,0.0,,,,,,,,,,,,,,,,,
622,,0.0,,,,,,,,,,,,,,,,,
623,,0.0,,,,,,,,,,,,,,,,,
624,,0.0,,,,,,,,,,,,,,,,,
625,,0.0,,,,,,,,,,,,,,,,,
626,,0.0,,,,,,,,,,,,,,,,,
627,,0.0,,,,,,,,,,,,,,,,,
628,,0.0,,,,,,,,,,,,,,,,,
629,,0.0,,,,,,,,,,,,,,,,,
630,,0.0,,,,,,,,,,,,,,,,,
631,,0.0,,,,,,,,,,,,,,,,,
632,,0.0,,,,,,,,,,,,,,,,,
633,,0.0,,,,,,,,,,,,,,,,,
634,,0.0,,,,,,,,,,,,,,,,,
635,,0.0,,,,,,,,,,,,,,,,,
636,,0.0,,,,,,,,,,,,,,,,,
637,,0.0,,,,,,,,,,,,,,,,,
638,,0.0,,,,,,,,,,,,,,,,,
639,,0.0,,,,,,,,,,,,,,,,,
640,,0.0,,,,,,,,,,,,,,,,,
641,,0.0,,,,,,,,,,,,,,,,,
642,,0.0,,,,,,,,,,,,,,,,,
643,,0.0,,,,,,,,,,,,,,,,,
644,,0.0,,,,,,,,,,,,,,,,,
645,,0.0,,,,,,,,,,,,,,,,,
646,,0.0,,,,,,,,,,,,,,,,,
647,,0.0,,,,,,,,,,,,,,,,,
648,,0.0,,,,,,,,,,,,,,,,,
649,,0.0,,,,,,,,,,,,,,,,,
650,,0.0,,,,,,,,,,,,,,,,,
651,,0.0,,,,,,,,,,,,,,,,,
652,,0.0,,,,,,,,,,,,,,,,,
653,,0.0,,,,,,,,,,,,,,,,,
654,,0.0,,,,,,,,,,,,,,,,,
655,,0.0,,,,,,,,,,,,,,,,,
656,,0.0,,,,,,,,,,,,,,,,,
657,,0.0,,,,,,,,,,,,,,,,,
658,,0.0,,,,,,,,,,,,,,,,,
659,,0.0,,,,,,,,,,,,,,,,,
660,,0.0,,,,,,,,,,,,,,,,,
661,,0.0,,,,,,,,,,,,,,,,,
662,,0.0,,,,,,,,,,,,,,,,,
663,,0.0,,,,,,,,,,,,,,,,,
664,,0.0,,,,,,,,,,,,,,,,,
665,,0.0,,,,,,,,,,,,,,,,,
666,,0.0,,,,,,,,,,,,,,,,,
667,,0.0,,,,,,,,,,,,,,,,,
668,,0.0,,,,,,,,,,,,,,,,,
669,,0.0,,,,,,,,,,,,,,,,,
670,,0.0,,,,,,,,,,,,,,,,,
671,,0.0,,,,,,,,,,,,,,,,,
672,,0.0,,,,,,,,,,,,,,,,,
673,,0.0,,,,,,,,,,,,,,,,,
674,,0.0,,,,,,,,,,,,,,,,,
675,,0.0,,,,,,,,,,,,,,,,,
676,,0.0,,,,,,,,,,,,,,,,,
677,,0.0,,,,,,,,,,,,,,,,,
678,,0.0,,,,,,,,,,,,,,,,,
679,,0.0,,,,,,,,,,,,,,,,,
680,,0.0,,,,,,,,,,,,,,,,,
681,,0.0,,,,,,,,,,,,,,,,,
682,,0.0,,,,,,,,,,,,,,,,,
683,,0.0,,,,,,,,,,,,,,,,,
684,,0.0,,,,,,,,,,,,,,,,,
685,,0.0,,,,,,,,,,,,,,,,,
686,,0.0,,,,,,,,,,,,,,,,,
687,,0.0,,,,,,,,,,,,,,,,,
688,,0.0,,,,,,,,,,,,,,,,,
689,,0.0,,,,,,,,,,,,,,,,,
690,,0.0,,,,,,,,,,,,,,,,,
691,,0.0,,,,,,,,,,,,,,,,,
692,,0.0,,,,,,,,,,,,,,,,,
693,,0.0,,,,,,,,,,,,,,,,,
694,,0.0,,,,,,,,,,,,,,,,,
695,,0.0,,,,,,,,,,,,,,,,,
696,,0.0,,,,,,,,,,,,,,,,,
697,,0.0,,,,,,,,,,,,,,,,,
698,,0.0,,,,,,,,,,,,,,,,,
699,,0.0,,,,,,,,,,,,,,,,,
700,,0.0,,,,,,,,,,,,,,,,,
701,,0.0,,,,,,,,,,,,,,,,,
702,,0.0,,,,,,,,,,,,,,,,,
703,,0.0,,,,,,,,,,,,,,,,,
704,,0.0,,,,,,,,,,,,,,,,,
705,,0.0,,,,,,,,,,,,,,,,,
706,,0.0,,,,,,,,,,,,,,,,,
707,,0.0,,,,,,,,,,,,,,,,,
708,,0.0,,,,,,,,,,,,,,,,,
709,,0.0,,,,,,,,,,,,,,,,,
710,,0.0,,,,,,,,,,,,,,,,,
711,,0.0,,,,,,,,,,,,,,,,,
712,,0.0,,,,,,,,,,,,,,,,,
713,,0.0,,,,,,,,,,,,,,,,,
714,,0.0,,,,,,,,,,,,,,,,,
715,,0.0,,,,,,,,,,,,,,,,,
716,,0.0,,,,,,,,,,,,,,,,,
717,,0.0,,,,,,,,,,,,,,,,,
718,,0.0,,,,,,,,,,,,,,,,,
719,,0.0,,,,,,,,,,,,,,,,,
720,,0.0,,,,,,,,,,,,,,,,,
721,,0.0,,,,,,,,,,,,,,,,,
722,,0.0,,,,,,,,,,,,,,,,,
723,,0.0,,,,,,,,,,,,,,,,,
724,,0.0,,,,,,,,,,,,,,,,,
725,,0.0,,,,,,,,,,,,,,,,,
726,,0.0,,,,,,,,,,,,,,,,,
727,,0.0,,,,,,,,,,,,,,,,,
728,,0.0,,,,,,,,,,,,,,,,,
729,,0.0,,,,,,,,,,,,,,,,,
730,,0.0,,,,,,,,,,,,,,,,,
731,,0.0,,,,,,,,,,,,,,,,,
732,,0.0,,,,,,,,,,,,,,,,,
733,,0.0,,,,,,,,,,,,,,,,,
734,,0.0,,,,,,,,,,,,,,,,,
735,,0.0,,,,,,,,,,,,,,,,,
736,,0.0,,,,,,,,,,,,,,,,,
737,,0.0,,,,,,,,,,,,,,,,,
738,,0.0,,,,,,,,,,,,,,,,,
739,,0.0,,,,,,,,,,,,,,,,,
740,,0.0,,,,,,,,,,,,,,,,,
741,,0.0,,,,,,,,,,,,,,,,,
742,,0.0,,,,,,,,,,,,,,,,,
743,,0.0,,,,,,,,,,,,,,,,,
744,,0.0,,,,,,,,,,,,,,,,,
745,,0.0,,,,,,,,,,,,,,,,,
746,,0.0,,,,,,,,,,,,,,,,,
747,,0.0,,,,,,,,,,,,,,,,,
748,,0.0,,,,,,,,,,,,,,,,,
749,,0.0,,,,,,,,,,,,,,,,,
750,,0.0,,,,,,,,,,,,,,,,,
751,,0.0,,,,,,,,,,,,,,,,,
752,,0.0,,,,,,,,,,,,,,,,,
753,,0.0,,,,,,,,,,,,,,,,,
754,,0.0,,,,,,,,,,,,,,,,,
755,,0.0,,,,,,,,,,,,,,,,,
756,,0.0,,,,,,,,,,,,,,,,,
757,,0.0,,,,,,,,,,,,,,,,,
758,,0.0,,,,,,,,,,,,,,,,,
759,,0.0,,,,,,,,,,,,,,,,,
760,,0.0,,,,,,,,,,,,,,,,,
761,,0.0,,,,,,,,,,,,,,,,,
762,,0.0,,,,,,,,,,,,,,,,,
763,,0.0,,,,,,,,,,,,,,,,,
764,,0.0,,,,,,,,,,,,,,,,,
765,,0.0,,,,,,,,,,,,,,,,,
766,,0.0,,,,,,,,,,,,,,,,,
767,,0.0,,,,,,,,,,,,,,,,,
768,,0.0,,,,,,,,,,,,,,,,,
769,,0.0,,,,,,,,,,,,,,,,,
770,,0.0,,,,,,,,,,,,,,,,,
771,,0.0,,,,,,,,,,,,,,,,,
772,,0.0,,,,,,,,,,,,,,,,,
773,,0.0,,,,,,,,,,,,,,,,,
774,,0.0,,,,,,,,,,,,,,,,,
775,,0.0,,,,,,,,,,,,,,,,,
776,,0.0,,,,,,,,,,,,,,,,,
777,,0.0,,,,,,,,,,,,,,,,,
778,,0.0,,,,,,,,,,,,,,,,,
779,,0.0,,,,,,,,,,,,,,,,,
780,,0.0,,,,,,,,,,,,,,,,,
781,,0.0,,,,,,,,,,,,,,,,,
782,,0.0,,,,,,,,,,,,,,,,,
783,,0.0,,,,,,,,,,,,,,,,,
784,,0.0,,,,,,,,,,,,,,,,,
785,,0.0,,,,,,,,,,,,,,,,,
786,,0.0,,,,,,,,,,,,,,,,,
787,,0.0,,,,,,,,,,,,,,,,,
788,,0.0,,,,,,,,,,,,,,,,,
789,,0.0,,,,,,,,,,,,,,,,,
790,,0.0,,,,,,,,,,,,,,,,,
791,,0.0,,,,,,,,,,,,,,,,,
792,,0.0,,,,,,,,,,,,,,,,,
793,,0.0,,,,,,,,,,,,,,,,,
794,,0.0,,,,,,,,,,,,,,,,,
795,,0.0,,,,,,,,,,,,,,,,,
796,,0.0,,,,,,,,,,,,,,,,,
797,,0.0,,,,,,,,,,,,,,,,,
798,,0.0,,,,,,,,,,,,,,,,,
799,,0.0,,,,,,,,,,,,,,,,,
800,,0.0,,,,,,,,,,,,,,,,,
801,,0.0,,,,,,,,,,,,,,,,,
802,,0.0,,,,,,,,,,,,,,,,,
803,,0.0,,,,,,,,,,,,,,,,,
804,,0.0,,,,,,,,,,,,,,,,,
805,,0.0,,,,,,,,,,,,,,,,,
806,,0.0,,,,,,,,,,,,,,,,,
807,,0.0,,,,,,,,,,,,,,,,,
808,,0.0,,,,,,,,,,,,,,,,,
809,,0.0,,,,,,,,,,,,,,,,,
810,,0.0,,,,,,,,,,,,,,,,,
811,,0.0,,,,,,,,,,,,,,,,,
812,,0.0,,,,,,,,,,,,,,,,,
813,,0.0,,,,,,,,,,,,,,,,,
814,,0.0,,,,,,,,,,,,,,,,,
815,,0.0,,,,,,,,,,,,,,,,,
816,,0.0,,,,,,,,,,,,,,,,,
817,,0.0,,,,,,,,,,,,,,,,,
818,,0.0,,,,,,,,,,,,,,,,,
819,,0.0,,,,,,,,,,,,,,,,,
820,,0.0,,,,,,,,,,,,,,,,,
821,,0.0,,,,,,,,,,,,,,,,,
822,,0.0,,,,,,,,,,,,,,,,,
823,,0.0,,,,,,,,,,,,,,,,,
824,,0.0,,,,,,,,,,,,,,,,,
825,,0.0,,,,,,,,,,,,,,,,,
826,,0.0,,,,,,,,,,,,,,,,,
827,,0.0,,,,,,,,,,,,,,,,,
828,,0.0,,,,,,,,,,,,,,,,,
829,,0.0,,,,,,,,,,,,,,,,,
830,,0.0,,,,,,,,,,,,,,,,,
831,,0.0,,,,,,,,,,,,,,,,,
832,,0.0,,,,,,,,,,,,,,,,,
833,,0.0,,,,,,,,,,,,,,,,,
834,,0.0,,,,,,,,,,,,,,,,,
835,,0.0,,,,,,,,,,,,,,,,,
836,,0.0,,,,,,,,,,,,,,,,,
837,,0.0,,,,,,,,,,,,,,,,,
838,,0.0,,,,,,,,,,,,,,,,,
839,,0.0,,,,,,,,,,,,,,,,,
840,,0.0,,,,,,,,,,,,,,,,,
841,,0.0,,,,,,,,,,,,,,,,,
842,,0.0,,,,,,,,,,,,,,,,,
843,,0.0,,,,,,,,,,,,,,,,,
844,,0.0,,,,,,,,,,,,,,,,,
845,,0.0,,,,,,,,,,,,,,,,,
846,,0.0,,,,,,,,,,,,,,,,,
847,,0.0,,,,,,,,,,,,,,,,,
848,,0.0,,,,,,,,,,,,,,,,,
849,,0.0,,,,,,,,,,,,,,,,,
850,,0.0,,,,,,,,,,,,,,,,,
851,,0.0,,,,,,,,,,,,,,,,,
852,,0.0,,,,,,,,,,,,,,,,,
853,,0.0,,,,,,,,,,,,,,,,,
854,,0.0,,,,,,,,,,,,,,,,,
855,,0.0,,,,,,,,,,,,,,,,,
856,,0.0,,,,,,,,,,,,,,,,,
857,,0.0,,,,,,,,,,,,,,,,,
858,,0.0,,,,,,,,,,,,,,,,,
859,,0.0,,,,,,,,,,,,,,,,,
860,,0.0,,,,,,,,,,,,,,,,,
861,,0.0,,,,,,,,,,,,,,,,,
862,,0.0,,,,,,,,,,,,,,,,,
863,,0.0,,,,,,,,,,,,,,,,,
864,,0.0,,,,,,,,,,,,,,,,,
865,,0.0,,,,,,,,,,,,,,,,,
866,,0.0,,,,,,,,,,,,,,,,,
867,,0.0,,,,,,,,,,,,,,,,,
868,,0.0,,,,,,,,,,,,,,,,,
869,,0.0,,,,,,,,,,,,,,,,,
870,,0.0,,,,,,,,,,,,,,,,,
871,,0.0,,,,,,,,,,,,,,,,,
872,,0.0,,,,,,,,,,,,,,,,,
873,,0.0,,,,,,,,,,,,,,,,,
874,,0.0,,,,,,,,,,,,,,,,,
875,,0.0,,,,,,,,,,,,,,,,,
876,,0.0,,,,,,,,,,,,,,,,,
877,,0.0,,,,,,,,,,,,,,,,,
878,,0.0,,,,,,,,,,,,,,,,,
879,,0.0,,,,,,,,,,,,,,,,,
880,,0.0,,,,,,,,,,,,,,,,,
881,,0.0,,,,,,,,,,,,,,,,,
882,,0.0,,,,,,,,,,,,,,,,,
883,,0.0,,,,,,,,,,,,,,,,,
884,,0.0,,,,,,,,,,,,,,,,,
885,,0.0,,,,,,,,,,,,,,,,,
886,,0.0,,,,,,,,,,,,,,,,,
887,,0.0,,,,,,,,,,,,,,,,,
888,,0.0,,,,,,,,,,,,,,,,,
889,,0.0,,,,,,,,,,,,,,,,,
890,,0.0,,,,,,,,,,,,,,,,,
891,,0.0,,,,,,,,,,,,,,,,,
892,,0.0,,,,,,,,,,,,,,,,,
893,,0.0,,,,,,,,,,,,,,,,,
894,,0.0,,,,,,,,,,,,,,,,,
895,,0.0,,,,,,,,,,,,,,,,,
896,,0.0,,,,,,,,,,,,,,,,,
897,,0.0,,,,,,,,,,,,,,,,,
898,,0.0,,,,,,,,,,,,,,,,,
899,,0.0,,,,,,,,,,,,,,,,,
900,,0.0,,,,,,,,,,,,,,,,,
901,,0.0,,,,,,,,,,,,,,,,,
902,,0.0,,,,,,,,,,,,,,,,,
903,,0.0,,,,,,,,,,,,,,,,,
904,,0.0,,,,,,,,,,,,,,,,,
905,,0.0,,,,,,,,,,,,,,,,,
906,,0.0,,,,,,,,,,,,,,,,,
907,,0.0,,,,,,,,,,,,,,,,,
908,,0.0,,,,,,,,,,,,,,,,,
909,,0.0,,,,,,,,,,,,,,,,,
910,,0.0,,,,,,,,,,,,,,,,,
911,,0.0,,,,,,,,,,,,,,,,,
912,,0.0,,,,,,,,,,,,,,,,,
913,,0.0,,,,,,,,,,,,,,,,,
914,,0.0,,,,,,,,,,,,,,,,,
915,,0.0,,,,,,,,,,,,,,,,,
916,,0.0,,,,,,,,,,,,,,,,,
917,,0.0,,,,,,,,,,,,,,,,,
918,,0.0,,,,,,,,,,,,,,,,,
919,,0.0,,,,,,,,,,,,,,,,,
920,,0.0,,,,,,,,,,,,,,,,,
921,,0.0,,,,,,,,,,,,,,,,,
922,,0.0,,,,,,,,,,,,,,,,,
923,,0.0,,,,,,,,,,,,,,,,,
924,,0.0,,,,,,,,,,,,,,,,,
925,,0.0,,,,,,,,,,,,,,,,,
926,,0.0,,,,,,,,,,,,,,,,,
927,,0.0,,,,,,,,,,,,,,,,,
928,,0.0,,,,,,,,,,,,,,,,,
929,,0.0,,,,,,,,,,,,,,,,,
930,,0.0,,,,,,,,,,,,,,,,,
931,,0.0,,,,,,,,,,,,,,,,,
932,,0.0,,,,,,,,,,,,,,,,,
933,,0.0,,,,,,,,,,,,,,,,,
934,,0.0,,,,,,,,,,,,,,,,,
935,,0.0,,,,,,,,,,,,,,,,,
936,,0.0,,,,,,,,,,,,,,,,,
937,,0.0,,,,,,,,,,,,,,,,,
938,,0.0,,,,,,,,,,,,,,,,,
939,,0.0,,,,,,,,,,,,,,,,,
940,,0.0,,,,,,,,,,,,,,,,,
941,,0.0,,,,,,,,,,,,,,,,,
942,,0.0,,,,,,,,,,,,,,,,,
943,,0.0,,,,,,,,,,,,,,,,,
944,,0.0,,,,,,,,,,,,,,,,,
945,,0.0,,,,,,,,,,,,,,,,,
946,,0.0,,,,,,,,,,,,,,,,,
947,,0.0,,,,,,,,,,,,,,,,,
948,,0.0,,,,,,,,,,,,,,,,,
949,,0.0,,,,,,,,,,,,,,,,,
950,,0.0,,,,,,,,,,,,,,,,,
951,,0.0,,,,,,,,,,,,,,,,,
952,,0.0,,,,,,,,,,,,,,,,,
953,,0.0,,,,,,,,,,,,,,,,,
954,,0.0,,,,,,,,,,,,,,,,,
955,,0.0,,,,,,,,,,,,,,,,,
956,,0.0,,,,,,,,,,,,,,,,,
957,,0.0,,,,,,,,,,,,,,,,,
958,,0.0,,,,,,,,,,,,,,,,,
959,,0.0,,,,,,,,,,,,,,,,,
960,,0.0,,,,,,,,,,,,,,,,,
961,,0.0,,,,,,,,,,,,,,,,,
962,,0.0,,,,,,,,,,,,,,,,,
963,,0.0,,,,,,,,,,,,,,,,,
964,,0.0,,,,,,,,,,,,,,,,,
965,,0.0,,,,,,,,,,,,,,,,,
966,,0.0,,,,,,,,,,,,,,,,,
967,,0.0,,,,,,,,,,,,,,,,,
968,,0.0,,,,,,,,,,,,,,,,,
969,,0.0,,,,,,,,,,,,,,,,,
970,,0.0,,,,,,,,,,,,,,,,,
971,,0.0,,,,,,,,,,,,,,,,,
972,,0.0,,,,,,,,,,,,,,,,,
973,,0.0,,,,,,,,,,,,,,,,,
974,,0.0,,,,,,,,,,,,,,,,,
975,,0.0,,,,,,,,,,,,,,,,,
976,,0.0,,,,,,,,,,,,,,,,,
977,,0.0,,,,,,,,,,,,,,,,,
978,,0.0,,,,,,,,,,,,,,,,,
979,,0.0,,,,,,,,,,,,,,,,,
980,,0.0,,,,,,,,,,,,,,,,,
981,,0.0,,,,,,,,,,,,,,,,,
982,,0.0,,,,,,,,,,,,,,,,,
983,,0.0,,,,,,,,,,,,,,,,,
984,,0.0,,,,,,,,,,,,,,,,,
985,,0.0,,,,,,,,,,,,,,,,,
986,,0.0,,,,,,,,,,,,,,,,,
987,,0.0,,,,,,,,,,,,,,,,,
988,,0.0,,,,,,,,,,,,,,,,,
989,,0.0,,,,,,,,,,,,,,,,,
990,,0.0,,,,,,,,,,,,,,,,,
991,,0.0,,,,,,,,,,,,,,,,,
992,,0.0,,,,,,,,,,,,,,,,,
993,,0.0,,,,,,,,,,,,,,,,,
994,,0.0,,,,,,,,,,,,,,,,,
995,,0.0,,,,,,,,,,,,,,,,,
996,,0.0,,,,,,,,,,,,,,,,,
997,,0.0,,,,,,,,,,,,,,,,,
998,,0.0,,,,,,,,,,,,,,,,,
999,,1.0,,,,,,,,,,,,,,,,,
